ticker,Index,marketCap,trailingPE,forwardPE,beta,trailingEps,industry,sector,fullTimeEmployees,country,ebitda,totalDebt,totalRevenue,grossProfits,freeCashflow,shortName,trailingPegRatio
MMM,0,86531252224,27.193657,17.403578,1.166,5.99,Conglomerates,Industrials,,United States,5961666560,12769000448,24948000768,9957000192,-1629624960,3M Company,1.5133
AOS,0,11014184960,20.415585,18.037245,1.343,3.85,Specialty Industrial Machinery,Industrials,,United States,813100032,192100000,3830200064,1487399936,437962496,A.O. Smith Corporation,1.8734
ABT,0,189414162432,29.255377,17.44515,0.751,3.72,Medical Devices,Healthcare,115000,United States,11492666368,12974999552,44328001536,25140000768,,Abbott Laboratories,
ABBV,0,371274481664,160.3588,13.24939,0.334,1.31,Drug Manufacturers - General,Healthcare,55000,United States,29518999552,68849000448,59643998208,42622001152,20799000576,AbbVie Inc.,0.4038
ACN,0,151282876416,20.144508,16.382467,1.236,12.11,Information Technology Services,Technology,784000,Ireland,12458010624,8201998848,70725558272,22609690624,11122880512,Accenture plc,1.8703
ADBE,0,117442412544,16.8,10.634793,1.515,16.7,Software - Application,Technology,31360,United States,9242000384,6656000000,23768999936,21218000896,8805874688,Adobe Inc.,0.77
AMD,0,330956439552,77.88698,19.354818,1.949,2.61,Semiconductors,Technology,28000,United States,6054000128,3870000128,32027000832,16480000000,3245499904,"Advanced Micro Devices, Inc.",0.5232
AES,0,11240828928,10.384869,6.8026476,0.97,1.52,Utilities - Diversified,Utilities,9100,United States,3206000128,31894999040,12094000128,2088000000,-3689874944,The AES Corporation,
AFL,0,60794294272,14.936925,15.543106,0.662,7.61,Insurance - Life,Financial Services,12694,United States,5358000128,14344999936,17700999168,8527000064,6489999872,AFLAC Incorporated,
A,0,37925265408,29.272427,20.434645,1.298,4.57,Diagnostics & Research,Healthcare,18100,United States,1956000000,3543000064,6947999744,3643000064,998499968,"Agilent Technologies, Inc.",1.782
APD,0,63313350656,,20.282835,0.888,-1.47,Specialty Chemicals,Basic Materials,21087,United States,849800000,18192300032,12208300032,3861299968,-6148412416,"Air Products and Chemicals, Inc",6.6869
ABNB,0,76296806400,29.67143,25.683142,1.139,4.2,Travel Services,Consumer Cyclical,7300,United States,2760999936,2278000128,11943000064,9916999680,3233625088,"Airbnb, Inc.",1.5177
AKAM,0,13406081024,27.326979,12.7052145,0.723,3.41,Software - Infrastructure,Technology,10700,United States,1173728000,5231072256,4133201920,2443834112,565246016,"Akamai Technologies, Inc.",1.0152
ALB,0,19669612544,,64.04292,1.449,-1.59,Specialty Chemicals,Basic Materials,8300,United States,696873984,3764165888,4946415104,612798016,-155030256,Albemarle Corporation,10.665
ARE,0,9709153280,,-700.31256,1.324,-8.44,REIT - Office,Real Estate,514,United States,1939510016,12761098240,3016924928,2094320000,1345210624,Alexandria Real Estate Equities,
ALGN,0,11585496064,30.914894,14.457451,1.831,5.17,Medical Instruments & Supplies,Healthcare,21065,United States,810888000,121271000,3982621952,2758157056,588808768,"Align Technology, Inc.",0.9389
ALLE,0,14826745856,23.352303,19.45869,1.038,7.38,Security & Protection Services,Industrials,14400,Ireland,961600000,2259699968,3979699968,1795500032,512487488,Allegion plc,1.8948
LNT,0,17245730816,21.097483,19.594614,0.67,3.18,Utilities - Regulated Electric,Utilities,2998,United States,1864999936,11921000448,4273999872,2004000000,-1113874944,Alliant Energy Corporation,1.9905
ALL,0,53863124992,6.6302304,8.398296,0.235,30.83,Insurance - Property & Casualty,Financial Services,55000,United States,10065000448,8089999872,66845999104,18852999168,6504249856,Allstate Corporation (The),1.1985
GOOGL,0,4031035211776,32.886364,29.550934,1.086,10.12,Internet Content & Information,Communication Services,190167,United States,145174003712,44195000320,385476001792,228095000576,47997751296,Alphabet Inc.,1.7862
GOOG,0,4029941547008,32.987164,29.678774,1.086,10.12,Internet Content & Information,Communication Services,190167,United States,145174003712,44195000320,385476001792,228095000576,47997751296,Alphabet Inc.,1.7915
MO,0,108928999424,15.75,11.183053,0.497,4.12,Tobacco,Consumer Defensive,,United States,12507666432,25709000704,20138999808,14561999872,,"Altria Group, Inc.",
AMZN,0,2530902278144,33.392017,30.187271,1.385,7.09,Internet Retail,Consumer Cyclical,1578000,United States,139696996352,160437993472,691330023424,345982009344,26080000000,"Amazon.com, Inc.",1.8044
AMCR,0,21975586816,9.278752,10.718282,0.668,5.13,Packaging & Containers,Consumer Cyclical,77000,Switzerland,2495000064,15797999616,17400999936,3299000064,413124992,Amcor plc,0.9469
AEE,0,28410081280,20.198078,19.589811,0.586,5.2,Utilities - Regulated Electric,Utilities,8981,United States,3544999936,20103999488,8634999808,4067000064,-2117750016,Ameren Corporation,2.4787
AEP,0,64884895744,17.74817,19.181898,0.623,6.83,Utilities - Regulated Electric,Utilities,16330,United States,8757300224,47890001920,21257000960,10293000192,-4280337408,American Electric Power Company,2.2166
AXP,0,244439007232,23.072172,17.694363,1.128,15.38,Credit Services,Financial Services,,United States,,57757999104,66972999680,39521001472,,American Express Company,1.7655
AIG,0,42508718080,13.800361,9.766796,0.598,5.56,Insurance - Diversified,Financial Services,22200,United States,8314999808,9242999808,27120001024,9223999488,9084624896,"American International Group, I",
AMT,0,82309201920,28.035088,25.334188,0.944,6.27,REIT - Specialty,Real Estate,4691,United States,6728300032,45011197952,10454700032,7766300160,4248437504,American Tower Corporation (REI,
AWK,0,24461555712,22.026361,20.537317,0.78,5.69,Utilities - Regulated Water,Utilities,6700,United States,2760999936,15377000448,5070000128,3080000000,-1447250048,"American Water Works Company, I",2.4554
AMP,0,50720944128,14.799133,11.9507475,1.251,36.89,Asset Management,Financial Services,13600,United States,,3276999936,18513000448,10508999680,2814249984,"Ameriprise Financial, Inc.",1.8024
AME,0,52786835456,35.656788,26.277184,,6.41,Specialty Industrial Machinery,Industrials,,United States,2333178112,2283309056,7401116160,2667439104,,"AMETEK, Inc.",2.9349
AMGN,0,195694641152,25.556963,15.793228,0.472,14.22,Drug Manufacturers - General,Healthcare,28000,United States,16481000448,54586998784,35970998272,25198000128,11408624640,Amgen Inc.,1.0583
APH,0,161911947264,39.603294,25.696789,1.21,3.34,Electronic Components,Technology,,United States,6972199936,15502000128,23094700032,8595500032,3422050048,Amphenol Corporation,1.6492
ADI,0,154211663872,69.37005,27.50217,1.031,4.54,Semiconductors,Technology,24500,United States,4994371072,8961063936,11019707392,6773477888,3904020224,"Analog Devices, Inc.",1.273
AON,0,75618525184,20.658836,16.361622,0.814,17.03,Insurance Brokers,Financial Services,,Ireland,5641999872,15889999872,17180999680,8109000192,3407124992,Aon plc,1.9522
APA,0,9728214016,6.504785,12.68279,0.698,4.18,Oil & Gas E&P,Energy,2305,United States,5831000064,4591000064,9376000000,6239000064,3169250048,APA Corporation,2.3941
APO,0,76403924992,19.188774,14.342293,1.564,6.86,Asset Management,Financial Services,6104,United States,,37646999552,27217000448,10880000000,,"Apollo Global Management, Inc. ",1.3681
AAPL,0,4063241699328,34.99367,29.795523,1.107,7.9,Consumer Electronics,Technology,150000,United States,152901992448,90509000704,435617005568,206157004800,106312753152,Apple Inc.,2.5005
AMAT,0,236806799360,34.411766,24.476467,1.677,8.67,Semiconductor Equipment & Materials,Technology,36500,United States,8945999872,7049999872,28367998976,13808000000,3653250048,"Applied Materials, Inc.",2.689
APTV,0,17799686144,108.986664,8.6221895,1.5,0.75,Auto Parts,Consumer Cyclical,,Switzerland,2992000000,7952000000,20398000128,3897999872,1171000064,Aptiv PLC,0.903
ACGL,0,37034651648,9.299907,10.588701,0.381,10.67,Insurance - Diversified,Financial Services,7200,Bermuda,5011999744,2728000000,19542999040,6965000192,6687499776,Arch Capital Group Ltd.,
ADM,0,32214992896,30.06054,14.348921,0.682,2.23,Farm Products,Consumer Defensive,,United States,2604999936,8409999872,80269000704,5032999936,2376499968,Archer-Daniels-Midland Company,
ANET,0,168706424832,50.939163,39.84795,1.444,2.63,Computer Hardware,Technology,4412,United States,3671173888,0,8448346112,5435902976,3268608000,"Arista Networks, Inc.",2.0729
AJG,0,64125788160,43.39826,16.742426,0.658,5.75,Insurance Brokers,Financial Services,71776,United States,3383666432,13484999680,13009000448,5663000064,,Arthur J. Gallagher & Co.,0.8198
AIZ,0,12138468352,14.668293,11.542543,0.575,16.4,Insurance - Property & Casualty,Financial Services,14200,United States,1410700032,2206400000,12568699904,1444300032,988275008,"Assurant, Inc.",
T,0,193081163776,8.958882,10.558657,0.608,3.04,Telecom Services,Communication Services,133030,United States,45886001152,155043004416,125648003072,74827997184,14092499968,AT&T Inc.,1.5216
ATO,0,27755958272,22.40209,19.588417,0.758,7.66,Utilities - Regulated Gas,Utilities,5487,United States,2322277888,9303505920,4702754816,2733758976,-1818661632,Atmos Energy Corporation,2.0489
ADSK,0,52298956800,47.6767,21.093618,1.453,5.15,Software - Application,Technology,15300,United States,1772000000,2734000128,6888000000,6345999872,2541374976,"Autodesk, Inc.",1.0914
ADP,0,95680438272,22.725266,19.772892,0.847,10.41,Software - Application,Technology,67000,United States,6188499968,4477899776,21214300160,10257399808,3457787392,"Automatic Data Processing, Inc.",2.9078
AZO,0,62757867520,26.282879,21.50586,0.406,143.56,Auto Parts,Consumer Cyclical,78000,United States,4181432064,12423128064,19287705600,10057730048,1150775424,"AutoZone, Inc.",1.9283
AVB,0,25596196864,21.94994,35.07468,0.754,8.19,REIT - Residential,Real Estate,2928,United States,1868945024,8897918976,3065607936,1944902016,1317851776,"AvalonBay Communities, Inc.",
AVY,0,14682646528,21.53685,16.413168,0.986,8.82,Packaging & Containers,Consumer Cyclical,35000,United States,1436099968,3781100032,8769999872,2504800000,666062528,Avery Dennison Corporation,1.7639
AXON,0,33927655424,135.15823,56.658466,1.483,3.16,Aerospace & Defense,Industrials,4100,United States,71199000,2099134976,2557957120,1543895040,248673872,"Axon Enterprise, Inc.",
BKR,0,58338070528,22.738462,20.390636,0.859,2.6,Oil & Gas Equipment & Services,Energy,,United States,4744999936,6087000064,27733000192,6544000000,1384375040,Baker Hughes Company,6.7495
BALL,0,17387593728,19.360605,14.168747,1.138,3.3,Packaging & Containers,Consumer Cyclical,16000,United States,2012000000,7011999744,13160999936,2577999872,930499968,Ball Corporation,
BAC,0,407369711616,14.641732,11.25703,1.273,3.81,Banks - Diversified,Financial Services,213207,United States,,752695967744,107421999104,107421999104,,Bank of America Corporation,1.0248
BAX,0,10697450496,,9.174713,0.585,-0.7,Medical Instruments & Supplies,Healthcare,38000,United States,2074000000,9712000000,11022999552,4180999936,2620375040,Baxter International Inc.,36.8991
BDX,0,59732393984,35.958763,13.325931,0.285,5.82,Medical Instruments & Supplies,Healthcare,72000,United States,6222000128,20020000768,21839998976,10359000064,3604875008,"Becton, Dickinson and Company",1.0611
BRKB.VI,0,918949265408,16.073189,,0.702,26.37,Insurance - Diversified,Financial Services,392400,United States,103864000512,127243001856,372127989760,90653999104,48615874560,BERKSHIRE HATHAWAY INC,
BBY,0,14501188608,22.778877,10.283672,1.469,3.03,Specialty Retail,Consumer Cyclical,85000,United States,2607000064,4100000000,41825001472,9409000448,1144249984,"Best Buy Co., Inc.",1.227
TECH,0,10620194816,139.10205,31.468002,1.469,0.49,Biotechnology,Healthcare,3100,United States,325280992,394472992,1216732032,813204992,278545504,Bio-Techne Corp,0.8316
BIIB,0,26717417472,16.586521,12.1792755,0.164,10.98,Drug Manufacturers - General,Healthcare,7605,United States,3409299968,6590099968,10065899520,7706800128,2137600000,Biogen Inc.,5.1162
BLK,0,165841879040,30.27207,17.244833,1.488,35.31,Asset Management,Financial Services,,United States,9673332736,15043000320,24216000512,12048000000,,"BlackRock, Inc.",1.1066
BX,0,170063888384,34.762276,16.905914,1.761,3.87,Asset Management,Financial Services,,United States,,13306165248,14212824064,14212824064,,Blackstone Inc.,1.4179
BK,0,84525686784,16.37973,12.96942,1.094,7.4,Banks - Diversified,Financial Services,48100,United States,,75162001408,20111998976,20111998976,,The Bank of New York Mellon Cor,1.2867
BA,0,182318317568,93.987854,45.31896,1.14,2.47,Aerospace & Defense,Industrials,182000,United States,-3238000128,56364998656,89462996992,4319000064,1761750016,Boeing Company (The),
BKNG,0,147931365376,29.68902,17.085566,1.186,153.74,Travel Services,Consumer Cyclical,24800,United States,9818999808,17757999104,26038999040,22652000256,6635874816,Booking Holdings Inc. Common St,0.9073
BSX,0,114681921536,41.352943,19.636074,0.657,1.87,Medical Devices,Healthcare,53000,United States,5071000064,12044999680,19349000192,13221000192,3065125120,Boston Scientific Corporation,0.8938
BMY,0,117340807168,19.407408,9.550509,0.295,2.97,Drug Manufacturers - General,Healthcare,34100,United States,19217000448,51041001472,48034000896,35135000576,14718374912,Bristol-Myers Squibb Company,
AVGO,0,1450071162880,64.1174,21.303509,1.221,4.77,Semiconductors,Technology,33000,United States,35002998784,40456998912,63886999552,49400999936,25044125696,Broadcom Inc.,0.8901
BR,0,21984468992,20.83407,18.22198,0.979,9.04,Information Technology Services,Technology,15000,United States,1743699968,3480000000,7055600128,2211500032,1151874944,"Broadridge Financial Solutions,",1.4874
BRO,0,25092722688,23.257912,14.763843,0.786,3.16,Insurance Brokers,Financial Services,23000,United States,1868999936,7855000064,5762999808,2828000000,1382125056,"Brown & Brown, Inc.",
BLDR,0,13602518016,23.297348,19.708214,1.549,5.28,Building Products & Equipment,Industrials,29000,United States,1601420032,5081157120,15653056512,4847938048,764492224,"Builders FirstSource, Inc.",
BG,0,23108577280,13.458333,11.545912,0.754,8.88,Farm Products,Consumer Defensive,37000,United States,2084000000,17777999872,60109000704,3420999936,-7760625152,Bunge Limited,
BXP,0,11340633088,36.827587,27.620691,1.014,1.74,REIT - Office,Real Estate,,United States,1814876800,17358735360,3362336000,1988989952,,"BXP, Inc.",0.2665
CHRW,0,23273023488,40.78675,27.54066,0.896,4.83,Integrated Freight & Logistics,Industrials,11855,United States,936564992,1395385984,16232763392,1389238016,743426368,"C.H. Robinson Worldwide, Inc.",2.3578
CDNS,0,73023774720,68.89126,33.28134,1.005,3.89,Software - Application,Technology,12700,United States,1882690944,2479141888,5212625920,4459140096,1384099840,"Cadence Design Systems, Inc.",2.6887
CZR,0,4652770816,,66.77612,1.989,-1.15,Resorts & Casinos,Consumer Cyclical,50000,United States,3465999872,25734000640,11368999936,5712999936,756750016,"Caesars Entertainment, Inc.",
CPT,0,11754334208,44.536434,88.2044,0.83,2.47,REIT - Residential,Real Estate,1660,United States,892785984,3741827072,1578428032,970961984,727876608,Camden Property Trust,
CPB,0,8417820672,14.554124,10.924194,-0.036,1.94,Packaged Foods,Consumer Defensive,13700,United States,1834000000,7306999808,10158000128,3075000064,630499968,The Campbell's Company,0.6609
COF,0,143853797376,67.54627,9.048149,1.124,3.35,Credit Services,Financial Services,76300,United States,,51000000512,32778999808,32778999808,,Capital One Financial Corporati,0.5175
CAH,0,49524310016,31.438913,18.460035,0.663,6.63,Medical Distribution,Healthcare,53084,United States,3544000000,9031999488,234309992448,8584999936,4700624896,"Cardinal Health, Inc.",2.0724
KMX,0,6939896320,15.495082,18.444582,1.352,3.05,Auto & Truck Dealerships,Consumer Cyclical,28000,United States,1057622016,18043396096,27834193920,3447569920,648438528,CarMax Inc,0.7045
CCL,0,44552077312,15.955445,11.384669,2.442,2.02,Travel Services,Consumer Cyclical,160000,United States,7149000192,27992999936,26621999104,14787999744,1549250048,Carnival Corporation,
CARR,0,54529286144,40.04687,22.280447,1.335,1.6,Building Products & Equipment,Industrials,48000,United States,3649999872,12339999744,22058000384,6034999808,2499749888,Carrier Global Corporation,17.0
CAT,0,327148208128,37.06582,25.463121,1.554,18.84,Farm & Heavy Construction Machinery,Industrials,,United States,13525999616,43329998848,67589001216,19462000640,5507250176,"Caterpillar, Inc.",1.9386
CBOE,0,28315758592,29.095697,24.150333,0.347,9.3,Financial Data & Stock Exchanges,Financial Services,1685,United States,1496999936,1594700032,4617800192,2282500096,987800000,"Cboe Global Markets, Inc.",2.8012
CBRE,0,48918335488,40.78908,21.979464,1.314,4.03,Real Estate Services,Real Estate,140000,United States,2648999936,9676000256,39324999680,7587999744,1347250048,CBRE Group Inc,0.8185
CDW,0,17809516544,17.179203,11.999754,1.051,7.91,Information Technology Services,Technology,15100,United States,1970899968,6088600064,22099099648,4774300160,931262528,CDW Corporation,
COR,0,65217683456,42.234295,17.301558,0.685,7.96,Medical Distribution,Healthcare,47000,United States,4805065216,9331176448,321332805632,11291738112,3283074560,"Cencora, Inc.",0.8592
CNC,0,20609349632,,14.023412,0.488,-10.67,Healthcare Plans,Healthcare,60500,United States,3902000128,17582999552,167680000000,19658000384,4424000000,Centene Corporation,1.7494
CNP,0,26480338944,25.670887,21.258753,0.593,1.58,Utilities - Regulated Electric,Utilities,8872,United States,3432000000,22303000576,9114000384,4113999872,-3115124992,"CenterPoint Energy, Inc (Holdin",2.4411
CF,0,14955772928,11.165053,12.187509,0.689,8.27,Agricultural Inputs,Basic Materials,2800,United States,3033999872,3396000000,6736000000,2483000064,1361750016,"CF Industries Holdings, Inc.",2.591
CRL,0,9896738816,,18.358616,1.62,-1.53,Diagnostics & Research,Healthcare,18700,United States,884891008,2631273984,4023704064,1395448960,548048000,Charles River Laboratories Inte,0.1479
SCHW,0,189018783744,22.393547,15.203724,0.909,4.65,Capital Markets,Financial Services,33000,United States,,49280000000,23921000448,23300999168,,Charles Schwab Corporation (The,1.2271
CHTR,0,29203812352,6.2322564,4.555627,1.047,36.21,Telecom Services,Communication Services,91900,United States,22058000384,98969001984,54774001664,30294999040,2734625024,"Charter Communications, Inc.",0.4446
CVX,0,361922985984,27.344412,19.825317,0.672,6.62,Oil & Gas Integrated,Energy,,United States,152239996928,41543999488,744123990016,311268016128,,Chevron Corporation,3.5054
CMG,0,52193947648,34.144737,28.139029,0.996,1.14,Restaurants,Consumer Cyclical,130000,United States,2340452096,4980116992,11787400192,4737442816,1142371328,"Chipotle Mexican Grill, Inc.",1.9985
CB,0,132908195840,12.9864435,11.64441,0.488,25.67,Insurance - Property & Casualty,Financial Services,43000,Switzerland,12673000448,24088999936,58842001408,17084999680,12573875200,Chubb Limited,1.8859
CHD,0,24549666816,33.369205,25.015577,0.468,3.02,Household & Personal Products,Consumer Defensive,,United States,1404499968,2205100032,6203200000,2801700096,1220387456,"Church & Dwight Company, Inc.",2.2721
CI,0,74942144512,12.424711,9.245442,0.283,22.58,Healthcare Plans,Healthcare,71295,United States,11649999872,34040000512,268077006848,25604999168,8630625280,The Cigna Group,0.5547
CINF,0,26335352832,12.539836,19.796988,0.646,13.43,Insurance - Property & Casualty,Financial Services,5624,United States,2812999936,883000000,12078000128,2804999936,1700875008,Cincinnati Financial Corporatio,
CTAS,0,77417611264,41.698055,35.619724,0.954,4.62,Specialty Business Services,Industrials,48300,United States,2848997120,3237064960,10794925056,5424375808,1546515584,Cintas Corporation,3.1113
CSCO,0,326478921728,31.903475,18.471035,0.865,2.59,Communication Equipment,Technology,86200,United States,15676000256,29636999168,57696002048,37413998592,12405999616,"Cisco Systems, Inc.",1.6329
C,0,213674164224,17.084406,9.939242,1.141,6.99,Banks - Diversified,Financial Services,226000,United States,,715803000832,75716001792,75716001792,,"Citigroup, Inc.",0.9068
CFG,0,28861470720,17.409327,10.716882,1.071,3.86,Banks - Regional,Financial Services,17398,United States,,11281999872,7639000064,7639000064,,"Citizens Financial Group, Inc.",
CLX,0,14313177088,19.204582,17.375286,0.607,6.11,Household & Personal Products,Consumer Defensive,7600,United States,1224999936,3078000128,6770999808,2998000128,861625024,Clorox Company (The),3.7398
CME,0,103811006464,27.980137,23.219097,0.28,10.32,Financial Data & Stock Exchanges,Financial Services,3760,United States,4494099968,3769499904,6385200128,6385200128,2836375040,CME Group Inc.,5.4752
CMS,0,22041880576,20.8732,18.790682,0.481,3.47,Utilities - Regulated Electric,Utilities,8324,United States,2992000000,18076999680,8295000064,3511000064,-1545124992,CMS Energy Corporation,2.4866
KO,0,334997454848,25.774834,24.142347,0.364,3.02,Beverages - Non-Alcoholic,Consumer Defensive,69700,United States,16307000320,48161001472,47663001600,29376000000,1412875008,Coca-Cola Company (The),2.3971
CTSH,0,37626023936,17.833332,12.571105,0.957,4.32,Information Technology Services,Technology,349800,United States,3777999872,1170000000,20856999936,7103000064,2306249984,Cognizant Technology Solutions ,1.3113
CL,0,76336455680,35.912544,22.774841,0.291,2.63,Household & Personal Products,Consumer Defensive,,United States,4920999936,7987999744,20381999104,12250999808,3227000064,Colgate-Palmolive Company,3.5786
CMCSA,0,122038157312,5.7448983,7.7920737,0.793,5.39,Telecom Services,Communication Services,,United States,36879998976,98937004032,123706998784,88756002816,6278125056,Comcast Corporation,2.39
CAG,0,9519552512,,11.030309,-0.019,-0.21,Packaged Foods,Consumer Defensive,18300,United States,1812000000,7623900160,11234499584,2765900032,787687488,"ConAgra Brands, Inc.",12.0743
COP,0,133749227520,15.125706,20.199677,0.291,7.08,Oil & Gas E&P,Energy,11400,United States,25422000128,23481999360,61280002048,29056000000,6092499968,ConocoPhillips,3.7176
ED,0,39204827136,18.989511,18.00816,0.388,5.72,Utilities - Regulated Electric,Utilities,15097,United States,5948000256,26674999296,16593000448,8862999552,-85625000,"Consolidated Edison, Inc.",3.5805
STZ,0,28983146496,26.094042,13.471892,0.44,6.38,Beverages - Brewers,Consumer Defensive,10600,United States,3546400000,10663799808,9383000064,4892400128,1969687552,"Constellation Brands, Inc.",
CEG,0,90878656512,28.766628,21.72328,1.136,8.72,Utilities - Independent Power Producers,Utilities,14215,United States,5948000256,9036999680,24841000960,5000999936,3059000064,Constellation Energy Corporatio,
COO,0,16149250048,43.438503,16.392418,1.027,1.87,Medical Instruments & Supplies,Healthcare,15000,United States,1064099968,2783600128,4092400128,2682099968,376587488,"The Cooper Companies, Inc.",2.0691
CPRT,0,38885269504,24.64417,22.28522,1.083,1.63,Specialty Business Services,Industrials,13800,United States,1980256000,99936000,4655158784,2216953088,1070628608,"Copart, Inc.",3.384
GLW,0,93366550528,59.508198,28.701778,1.124,1.83,Electronic Components,Technology,,United States,3643000064,8433999872,15628999680,5624000000,716000000,Corning Incorporated,1.2613
CPAY,0,20888440832,20.082146,11.972449,0.808,14.73,Software - Infrastructure,Technology,11200,United States,2255620096,8285751808,4314608128,3376706048,1306636800,"Corpay, Inc.",0.8472
CTVA,0,51221123072,43.100002,18.312819,0.737,1.75,Agricultural Inputs,Basic Materials,22000,United States,3759000064,4373000192,17468999680,8055000064,2547749888,"Corteva, Inc.",0.9491
CSGP,0,21920114688,862.00006,38.666847,0.85,0.06,Real Estate Services,Real Estate,6593,United States,157800000,1132000000,3056499968,2422299904,113800000,"CoStar Group, Inc.",0.7104
COST,0,438026436608,52.817986,44.40256,1.008,18.68,Discount Stores,Consumer Defensive,341000,United States,13125000192,8172000256,280390991872,36103999488,7170250240,Costco Wholesale Corporation,5.4261
CTRA,0,22887008256,13.916666,13.622582,0.36,2.16,Oil & Gas E&P,Energy,915,United States,4407000064,4116999936,6665999872,4984000000,950875008,Coterra Energy Inc.,
CRWD,0,105132605440,,86.276054,1.034,-1.27,Software - Infrastructure,Technology,10410,United States,-93824000,818046016,4565168128,3390874880,1416660352,"CrowdStrike Holdings, Inc.",3.6201
CCI,0,37590548480,,27.463245,0.984,-9.05,REIT - Specialty,Real Estate,3900,United States,3875000064,29575000064,6419999744,4568999936,1318125056,Crown Castle Inc.,1.2551
CSX,0,74449903616,25.93182,19.130997,1.29,1.54,Railroads,Industrials,22935,United States,6365000192,18872999936,14092000256,6365000192,946625024,CSX Corporation,3.3274
CMI,0,83493986304,31.356659,22.92448,1.119,19.29,Specialty Industrial Machinery,Industrials,69600,United States,5238000128,8245000192,33581000704,8741000192,1640249984,Cummins Inc.,2.4974
CVS,0,97435287552,201.98683,10.704722,0.501,0.38,Healthcare Plans,Healthcare,219000,United States,14753000448,81751998464,391689994240,52300001280,6976625152,CVS Health Corporation,0.5451
DHR,0,154775748608,43.528824,24.006832,0.958,5.03,Diagnostics & Research,Healthcare,60000,United States,7136999936,18417999872,24568000512,14522999808,4317624832,Danaher Corporation,2.0344
DRI,0,24693411840,22.277021,18.626728,0.614,9.53,Restaurants,Consumer Cyclical,197924,United States,1987699968,8348000256,12576499712,2710500096,628675008,"Darden Restaurants, Inc.",1.8488
DVA,0,10417549312,15.320714,9.225886,1.011,9.51,Medical Care Facilities,Healthcare,,United States,2750962944,12874331136,13643069440,4399592960,1046872640,DaVita Inc.,1.2873
DAY,0,11180042240,,25.653078,1.167,-0.95,Software - Application,Technology,9600,United States,111500000,1226899968,1893299968,964099968,200750000,"Dayforce, Inc.",
DECK,0,16860706816,16.144888,15.551436,1.146,7.04,Footwear & Accessories,Consumer Cyclical,5500,United States,1362072064,342881984,5374707200,3092856064,,Deckers Outdoor Corporation,1.8259
DE,0,153668042752,30.675596,25.736967,1.004,18.48,Farm & Heavy Construction Machinery,Industrials,73100,United States,8613999616,64605999104,45627998208,12300000256,2737125120,Deere & Company,1.7285
DELL,0,80779231232,16.135208,10.474494,1.099,7.47,Computer Hardware,Technology,108000,United States,10497999872,32036999168,104090001408,21805000704,3035124992,Dell Technologies Inc.,0.4799
DAL,0,46317912064,9.260444,8.506231,1.338,7.66,Airlines,Industrials,100000,United States,8235665920,21373999104,63364001792,13121000448,,"Delta Air Lines, Inc.",
DVN,0,26901757952,10.114387,11.769953,0.625,4.24,Oil & Gas E&P,Energy,2300,United States,7670000128,8638000128,16554000384,8168999936,2007000064,Devon Energy Corporation,
DXCM,0,28013611008,39.68611,28.895082,1.488,1.8,Medical Devices,Healthcare,10200,United States,1022099968,2575600128,4515899904,2664999936,783387520,"DexCom, Inc.",1.001
FANG,0,48024301568,11.64993,16.60373,0.584,14.24,Oil & Gas E&P,Energy,1983,United States,10597999616,16273000448,14625999872,10961000448,-2041874944,"Diamondback Energy, Inc.",14.2824
DLR,0,58295746560,43.186527,59.368,1.148,3.86,REIT - Specialty,Real Estate,3936,United States,2662960896,19803467776,5841035776,3201244928,2183965440,"Digital Realty Trust, Inc.",5.1937
DG,0,32694255616,25.65285,20.87016,0.255,5.79,Discount Stores,Consumer Defensive,194200,United States,3147865088,16508423168,42117664768,12806854656,1971688448,Dollar General Corporation,1.7376
DLTR,0,24718862336,22.952652,18.062206,0.744,5.28,Discount Stores,Consumer Defensive,64434,United States,2139699968,7658899968,18960900096,6814499840,1654437504,"Dollar Tree, Inc.",
D,0,53345071104,20.415457,17.360662,0.706,3.06,Utilities - Regulated Electric,Utilities,14700,United States,7664999936,48958001152,15813000192,7752999936,-9946749952,"Dominion Energy, Inc.",2.1265
DPZ,0,13682942976,23.528606,20.613276,1.167,17.13,Restaurants,Consumer Cyclical,6400,United States,989062016,5299667968,4848167936,1388382976,477574752,Domino's Pizza Inc,2.0984
DASH,0,84376584192,98.87374,32.189484,1.795,1.98,Internet Retail,Consumer Cyclical,23700,United States,1021000000,3256999936,12634999808,6497999872,-1816125056,"DoorDash, Inc.",0.3749
DOV,0,29655269376,27.095238,18.829674,1.289,7.98,Specialty Industrial Machinery,Industrials,24000,United States,1752937984,3327972096,8092571136,3218169088,871056128,Dover Corporation,1.8766
DOW,0,23258867712,,50.522923,0.753,-3.7,Chemicals,Basic Materials,34600,United States,3150000128,19598000128,39967997952,2681999872,-1153124992,Dow Inc.,
DHI,0,46570106880,14.5701275,13.003512,1.45,10.98,Residential Construction,Consumer Cyclical,14341,United States,4466100224,5616200192,33524299776,7398000128,-546750016,"D.R. Horton, Inc.",1.2353
DTE,0,28369500160,20.479761,17.673742,0.484,6.67,Utilities - Regulated Electric,Utilities,9600,United States,3593999872,25295998976,14821999616,4634999808,-1633874944,DTE Energy Company,2.3762
DUK,0,95675662336,19.374804,18.368004,0.51,6.35,Utilities - Regulated Electric,Utilities,26413,United States,15952000000,89646997504,31235999744,16368000000,-1939250048,Duke Energy Corporation (Holdin,2.3282
DD,0,19700219904,27.179192,21.794754,1.16,1.73,Specialty Chemicals,Basic Materials,24000,United States,3280000000,9260000256,12842999808,4767000064,-1093124992,"DuPont de Nemours, Inc.",0.7833
EMN,0,8973300736,19.186586,11.693677,1.233,4.1,Specialty Chemicals,Basic Materials,13000,United States,1471000064,5214000128,8752000000,1846000000,,Eastman Chemical Company,3.6203
ETN,0,142386479104,35.033527,23.82151,1.18,10.44,Specialty Industrial Machinery,Industrials,94443,Ireland,6115999744,10531000320,26633000960,10190999552,2315500032,"Eaton Corporation, PLC",2.3513
EBAY,0,39110062080,18.975609,14.629086,1.38,4.51,Internet Retail,Consumer Cyclical,11500,United States,2739000064,7133000192,10714000384,7676000256,1598749952,eBay Inc.,2.599
ECL,0,81204641792,41.195683,33.781494,0.992,6.95,Specialty Chemicals,Basic Materials,48000,United States,3809100032,7000000000,15890400256,7048600064,1397549952,Ecolab Inc.,3.0312
EIX,0,24240695296,8.25557,10.247342,0.829,7.63,Utilities - Regulated Electric,Utilities,14013,United States,7265999872,39437000704,18087999488,10087000064,-1180499968,Edison International,0.6427
EW,0,47810490368,35.717106,27.961283,0.94,2.28,Medical Devices,Healthcare,15800,United States,1788400000,700300032,5883800064,4600399872,524500000,Edwards Lifesciences Corporatio,4.593
EA,0,49918681088,74.47388,21.738966,0.745,2.68,Electronic Gaming & Multimedia,Communication Services,14500,United States,1567000064,2199000064,7288000000,5742000128,1503500032,Electronic Arts Inc.,2.0465
ELV,0,77511999488,13.659722,11.62393,0.503,25.2,Healthcare Plans,Healthcare,,United States,9880000512,32046000128,199124992000,50901999616,3554500096,"Elevance Health, Inc.",1.2696
EMR,0,88933695488,38.764706,22.183386,1.249,4.08,Specialty Industrial Machinery,Industrials,71000,United States,5040000000,13758999552,18016000000,9518999552,2741250048,Emerson Electric Company,2.3561
ENPH,0,6649374720,34.803425,18.88615,1.372,1.46,Solar,Technology,2781,United States,281383008,1233623040,1512376960,482966016,141913744,"Enphase Energy, Inc.",0.9783
ETR,0,43235045376,23.844828,22.008625,0.654,4.06,Utilities - Regulated Electric,Utilities,12000,United States,5664671744,30448152576,12730047488,6190900224,-3257634304,Entergy Corporation,1.6669
EOG,0,61869244416,11.252731,11.761062,0.472,10.07,Oil & Gas E&P,Energy,3150,United States,11760000000,8127000064,22653999104,14110999552,2926749952,"EOG Resources, Inc.",2.4623
EPAM,0,10196990976,27.993885,14.652906,1.718,6.54,Information Technology Services,Technology,62350,United States,695675008,155216992,5297859072,1532755968,568759616,"EPAM Systems, Inc.",1.3823
EQT,0,34458071040,17.985342,13.132702,0.728,3.07,Oil & Gas E&P,Energy,,United States,5210795008,8217822208,7708868096,5974376960,1615665408,EQT Corporation,0.4935
EFX,0,21536133120,33.04537,16.54782,1.559,5.29,Consulting Services,Industrials,15000,United States,1856600064,4813100032,5943300096,3393900032,909025024,"Equifax, Inc.",0.8166
EQIX,0,79727099904,74.495415,52.95653,1.067,10.9,REIT - Specialty,Real Estate,13606,United States,3900000000,20981999616,9075999744,4569999872,3821750016,"Equinix, Inc.",2.8193
EQR,0,24963631104,20.865131,44.108646,0.76,3.04,REIT - Residential,Real Estate,2500,United States,1877712000,8740600832,3078827008,1939968000,1397780608,Equity Residential,
ERIE,0,15059481600,23.263329,20.556746,0.372,12.38,Insurance Brokers,Financial Services,6715,United States,814471232,54325000,4040325120,726780032,409099616,Erie Indemnity Company,
ESS,0,17501259776,19.269201,42.58183,0.738,13.15,REIT - Residential,Real Estate,1712,United States,1233804032,6714335232,1916711040,1316839040,943816256,"Essex Property Trust, Inc.",
EL,0,42618003456,,39.96425,1.106,-2.59,Household & Personal Products,Consumer Defensive,40470,United States,2072000000,9422000128,14446000128,10714999808,1587500032,"Estee Lauder Companies, Inc. (T",3.5886
EG,0,14065797120,24.968332,6.098757,0.331,13.42,Insurance - Reinsurance,Financial Services,3037,Bermuda,,3588000000,17677000704,810000000,4658250240,"Everest Group, Ltd.",
EVRG,0,17876127744,21.273972,18.123383,0.644,3.65,Utilities - Regulated Electric,Utilities,4731,United States,2709499904,14718600192,5878799872,3087699968,-477237504,"Evergy, Inc.",2.5194
ES,0,25861787648,19.041437,13.885028,0.792,3.62,Utilities - Regulated Electric,Utilities,10680,United States,4586080256,29836003328,13148535808,7150917120,103500128,Eversource Energy (D/B/A),0.9766
EXC,0,44343488512,15.736559,15.499948,0.566,2.79,Utilities - Regulated Electric,Utilities,20014,United States,8031000064,49928998912,24316999680,10282999808,-1639750016,Exelon Corporation,2.0125
EXE,0,25812830208,34.848873,12.1505785,0.449,3.11,Oil & Gas E&P,Energy,1500,United States,4529999872,5072999936,10778999808,4656999936,2199749888,Expand Energy Corporation,2.0688
EXPE,0,29156050944,22.682386,13.052482,1.382,10.39,Travel Services,Consumer Cyclical,16500,United States,2179000064,6489999872,14369999872,12924999680,2561874944,"Expedia Group, Inc.",0.6546
EXPD,0,22172336128,26.650896,27.282898,1.128,6.13,Integrated Freight & Logistics,Industrials,20170,United States,1160615040,560360000,11167760384,1528009984,743463488,Expeditors International of Was,5.6534
EXR,0,31350513664,31.578684,29.722738,1.264,4.48,REIT - Industrial,Real Estate,8012,United States,2260354048,13663115264,3421972992,2563203072,880051136,Extra Space Storage Inc,3.5584
XOM,0,618320822272,21.883581,17.574942,0.358,6.7,Oil & Gas Integrated,Energy,,United States,58891001856,43536998400,323904995328,97233002496,12923750400,Exxon Mobil Corporation,1.8916
FFIV,0,16167792640,23.04015,16.574432,1.008,12.08,Software - Infrastructure,Technology,6512,United States,884361984,234862000,3144048128,2559639040,714948224,"F5, Inc.",1.8199
FDS,0,8362513408,14.2161255,11.758792,0.726,15.72,Financial Data & Stock Exchanges,Financial Services,12886,United States,921667968,1560034048,2360701952,1233783040,545510144,FactSet Research Systems Inc.,1.2909
FICO,0,31393871872,49.08754,25.130571,1.269,26.96,Software - Application,Technology,3762,United States,1005726976,3214724096,2062860032,1709222016,573164032,Fair Isaac Corporation,1.1987
FAST,0,54940291072,43.903667,35.791214,0.885,1.09,Industrial Distribution,Industrials,21602,United States,1834899968,441900000,8200500224,3691200000,805237504,Fastenal Company,3.3711
FRT,0,8966362112,26.218275,32.70509,1.018,3.94,REIT - Retail,Real Estate,304,United States,798544000,4809176064,1257395968,854662976,408558016,Federal Realty Investment Trust,
FDX,0,85841772544,20.144241,17.00554,1.336,18.06,Integrated Freight & Logistics,Industrials,300000,United States,11368999936,,90093002752,24881999872,4642124800,FedEx Corporation,1.3397
FIS,0,27205478400,162.75002,8.335774,0.9,0.32,Information Technology Services,Technology,50000,United States,3124999936,13068000256,10464000000,3835000064,2390500096,Fidelity National Information S,0.4085
FITB,0,59503583232,15.507083,11.163159,0.977,3.53,Banks - Regional,Financial Services,18676,United States,,14515000320,8354999808,8354999808,,Fifth Third Bancorp,2.0401
FSLR,0,25429348352,18.186878,10.189208,1.626,13.03,Solar,Technology,8100,United States,2018718976,891915008,5050625024,2022658944,168763744,"First Solar, Inc.",0.3934
FE,0,26881665024,20.232609,17.097204,0.62,2.3,Utilities - Regulated Electric,Utilities,12294,United States,4535000064,27470000128,14282999808,9648000000,-1862249984,FirstEnergy Corp.,1.1945
F,0,55504068608,11.905984,9.008252,1.666,1.17,Auto Manufacturers,Consumer Cyclical,171000,United States,9708000256,164381999104,189587996672,14323000320,3968624896,Ford Motor Company,10.7433
FTNT,0,61619286016,33.09259,27.313023,1.047,2.43,Software - Infrastructure,Technology,15015,United States,2170700032,1088800000,6554699776,5300499968,1709100032,"Fortinet, Inc.",1.9612
FTV,0,20312023040,23.635828,19.739653,1.033,2.54,Scientific & Technical Instruments,Technology,18000,United States,1680899968,3401900032,6260299776,3739599872,1297374976,Fortive Corporation,
FOXA,0,30738593792,15.55955,13.675335,0.511,4.45,Entertainment,Communication Services,10400,United States,3561999872,7452000256,16474000384,5889999872,2113874944,Fox Corporation,
FOX,0,29314314240,13.988765,12.363456,0.511,4.45,Entertainment,Communication Services,10400,United States,3561999872,7452000256,16474000384,5889999872,2113874944,Fox Corporation,
BEN,0,14361706496,25.50463,9.422699,1.488,1.08,Asset Management,Financial Services,9900,United States,1702599936,3538599936,8846199808,3276199936,328337504,"Franklin Resources, Inc.",0.419
FCX,0,90635935744,41.526314,18.990425,1.434,1.52,Copper,Basic Materials,,United States,8810000384,10389000192,25915000832,9605000192,1371124992,"Freeport-McMoRan, Inc.",4.2574
GRMN,0,39657603072,25.403208,23.626986,0.999,8.11,Scientific & Technical Instruments,Technology,21800,Switzerland,1967053056,198571008,6943124992,4077967872,908814848,Garmin Ltd.,2.7889
IT,0,11982916608,16.294542,10.943483,1.036,9.71,Information Technology Services,Technology,21044,United States,1313932032,2850041088,6459774976,4403871232,1072338112,"Gartner, Inc.",
GE,0,322034663424,37.878407,36.101166,1.384,8.06,Aerospace & Defense,Industrials,57000,United States,10702999552,21557000192,45854998528,14444000256,5210999808,GE Aerospace,5.3551
GEHC,0,37938024448,17.203934,15.075509,1.231,4.83,Medical Devices,Healthcare,53000,United States,3625999872,10744000512,20245999616,8261000192,1485250048,GE HealthCare Technologies Inc.,2.3592
GEV,0,199151927296,41.44608,33.06548,,17.71,Specialty Industrial Machinery,Industrials,78000,United States,2995000064,1196000000,38067998720,7645000192,5277749760,GE Vernova Inc.,3.1785
GEN,0,14262362112,25.413517,8.094072,1.1,0.91,Software - Infrastructure,Technology,3500,United States,1944000000,8771000320,4472999936,3548000000,1076625024,Gen Digital Inc.,0.9035
GNRC,0,10326048768,33.64436,21.797218,1.814,5.23,Specialty Industrial Machinery,Industrials,5389,United States,684027008,1487428992,4352443904,1717074048,227941872,Generac Holdlings Inc.,1.4469
GD,0,94437687296,22.591528,19.073555,0.398,15.46,Aerospace & Defense,Industrials,117000,United States,6344000000,9788999680,52550000640,7951000064,3357250048,General Dynamics Corporation,2.5055
GIS,0,25745336320,10.376344,12.920796,-0.063,4.65,Packaged Foods,Consumer Defensive,33000,United States,3543899904,13734800384,18776700928,6352099840,2478249984,"General Mills, Inc.",14.0781
GM,0,81308196864,26.654436,6.3394766,1.365,3.27,Auto Manufacturers,Consumer Cyclical,156000,United States,17628999680,131578003456,185019006976,19835000832,8559625216,General Motors Company,3.7972
GPC,0,20509059072,25.375214,17.514221,0.73,5.81,Auto Parts,Consumer Cyclical,63000,United States,1930909056,6398441984,24060899328,8909689856,259586496,Genuine Parts Company,1.6196
GILD,0,180785561600,22.554178,16.667715,0.387,6.46,Drug Manufacturers - General,Healthcare,17600,United States,14136000512,24941000704,29087000576,22896001024,8028000256,"Gilead Sciences, Inc.",0.261
GPN,0,19696025600,10.673747,5.101545,0.75,6.59,Specialty Business Services,Industrials,27000,United States,4384649216,16260109312,10076184576,6289113088,2422775808,Global Payments Inc.,0.4636
GL,0,11687190528,10.470247,9.601685,0.464,13.78,Insurance - Life,Financial Services,3732,United States,1621281024,3141361920,5940974080,2026852992,1392902912,Globe Life Inc.,
GDDY,0,13379714048,16.662067,8.987259,0.933,5.8,Software - Infrastructure,Technology,5518,United States,1218400000,3871399936,4869799936,3096900096,1217712512,GoDaddy Inc.,0.695
GS,0,278476161024,17.91102,14.15101,1.311,51.36,Capital Markets,Financial Services,47400,United States,,661000028160,59396001792,49229000704,,"Goldman Sachs Group, Inc. (The)",1.6626
HAL,0,29563977728,23.116667,12.921701,0.75,1.5,Oil & Gas Equipment & Services,Energy,,United States,4120999936,8133000192,22183999488,3507000064,2062625024,Halliburton Company,
HIG,0,39277527040,10.572824,9.751899,0.603,13.32,Insurance - Diversified,Financial Services,,United States,5313999872,4370999808,28367998976,10613999616,,"The Hartford Insurance Group, I",
HAS,0,13592342528,,18.285915,0.549,-3.99,Leisure,Consumer Cyclical,4985,United States,1048899968,3346299904,4357000192,2799300096,460337504,"Hasbro, Inc.",1.737
HCA,0,117525577728,17.741434,15.131787,1.365,28.31,Medical Care Facilities,Healthcare,,United States,15488000000,48345001984,75600003072,31374000128,6072124928,"HCA Healthcare, Inc.",1.2144
DOC,0,11595237376,166.84999,65.43137,1.107,0.1,REIT - Healthcare Facilities,Real Estate,,United States,1580983680,10144153600,2822512128,1667892992,,"Healthpeak Properties, Inc.",
HSIC,0,9078758400,23.616718,14.165456,0.893,3.17,Medical Distribution,Healthcare,25000,United States,1011000000,3440999936,12938000384,4035000064,285124992,"Henry Schein, Inc.",1.6424
HSY,0,41427984384,30.537369,28.82095,0.169,6.69,Confectioners,Consumer Defensive,18540,United States,2450479104,5740420096,11489094656,4334865920,1231904640,The Hershey Company,48.5713
HPE,0,30220503040,,8.248553,1.321,-0.04,Communication Equipment,Technology,67000,United States,4490999808,24077000704,34296000512,10376999936,-213500000,Hewlett Packard Enterprise Comp,0.8528
HLT,0,72870076416,45.03343,33.857353,1.11,6.88,Lodging,Consumer Cyclical,181000,United States,2737999872,12350999552,4870000128,3775000064,2064125056,Hilton Worldwide Holdings Inc.,1.6976
HOLX,0,16686441472,31.014523,15.292376,0.733,2.41,Medical Instruments & Supplies,Healthcare,7070,United States,1350700032,2520300032,4126500096,2491500032,848612480,"Hologic, Inc.",1.5076
HD,0,387861217280,26.55828,25.89798,1.089,14.67,Home Improvement Retail,Consumer Cyclical,470000,United States,25586999296,65982001152,166189006848,55432998912,9733999616,"Home Depot, Inc. (The)",5.3841
HON,0,158874894336,31.14465,20.53357,0.93,7.57,Conglomerates,Industrials,,United States,7999000064,34580000768,37441998848,13829000192,3487875072,Honeywell International Inc.,2.1095
HRL,0,13945219072,29.137932,16.288843,0.33,0.87,Packaged Foods,Consumer Defensive,20000,United States,1224557056,3025410048,12106160128,1901196032,288031264,Hormel Foods Corporation,1.6797
HST,0,13443924992,18.207548,21.224884,1.159,1.06,REIT - Hotel & Motel,Real Estate,165,United States,1603000064,5642999808,5950000128,1722000000,1140625024,"Host Hotels & Resorts, Inc.",
HWM,0,83856850944,58.358543,46.779816,1.248,3.57,Aerospace & Defense,Industrials,23930,United States,2244999936,3352000000,7975000064,2654000128,910000000,Howmet Aerospace Inc.,
HPQ,0,18810873856,7.5943394,6.3546143,1.196,2.65,Computer Hardware,Technology,55000,United States,4473999872,10881999872,55295000576,11392000000,2394500096,HP Inc.,1.2895
HUBB,0,26078130176,29.68542,22.737888,,16.53,Electrical Equipment & Parts,Industrials,,United States,1414899968,2325400064,5844599808,2064099968,519637504,Hubbell Inc,2.5887
HUM,0,23525412864,18.297476,16.29408,0.441,10.69,Healthcare Plans,Healthcare,65680,United States,3860999936,12949000192,126362001408,18890000384,1578249984,Humana Inc.,0.8345
HBAN,0,38578438144,13.679855,9.842132,0.959,1.39,Banks - Regional,Financial Services,20924,United States,,18481999872,7703000064,7703000064,,Huntington Bancshares Incorpora,1.9547
HII,0,16402721792,28.867058,23.680786,0.329,14.48,Aerospace & Defense,Industrials,44000,United States,1062000000,2926000128,12012000256,1504000000,505750016,"Huntington Ingalls Industries, ",1.3396
IBM,0,266231300096,25.544395,21.234814,0.691,11.15,Information Technology Services,Technology,,United States,16778000384,64606998528,67534999552,39296999424,12770750464,International Business Machines,2.5088
IEX,0,15623241728,32.88669,22.999008,0.983,6.31,Specialty Industrial Machinery,Industrials,9000,United States,917200000,1929699968,3421299968,1524400000,562675008,IDEX Corporation,1.9356
IDXX,0,50840580096,48.546215,38.869114,1.66,13.09,Diagnostics & Research,Healthcare,11000,United States,1501980288,847836992,4303702016,2659578880,628045120,"IDEXX Laboratories, Inc.",3.7359
ITW,0,84963508224,27.785511,24.127892,1.159,10.49,Specialty Industrial Machinery,Industrials,,United States,4608000000,8968999936,16044000256,7074999808,,Illinois Tool Works Inc.,3.8678
INCY,0,20200919040,17.440084,12.921598,0.847,5.9,Biotechnology,Healthcare,2617,United States,1324280064,41267000,4813105152,2718851072,531249760,Incyte Corporation,0.1312
IR,0,39166955520,72.99629,27.704136,1.309,1.35,Specialty Industrial Machinery,Industrials,21000,United States,1970899968,4852299776,7458299904,3260999936,1151687552,Ingersoll Rand Inc.,1.2408
PODD,0,17776578560,73.41134,40.86704,1.418,3.44,Medical Devices,Healthcare,3900,United States,510900000,1075600000,2521799936,1788700032,215337504,Insulet Corporation,1.9083
INTC,0,237770489856,,47.998386,1.377,-0.06,Semiconductors,Technology,85100,United States,12632999936,47109001216,52852998144,19324999680,-4504500224,Intel Corporation,
ICE,0,93751451648,29.778181,21.824036,1.033,5.5,Financial Data & Stock Exchanges,Financial Services,12844,United States,6071000064,19509000192,9749999616,9749999616,3630374912,Intercontinental Exchange Inc.,2.1938
IFF,0,18790969344,,16.391098,1.042,-1.85,Specialty Chemicals,Basic Materials,22400,United States,1748749952,6689999872,11072000000,4028000000,3429343744,International Flavors & Fragran,2.4035
IP,0,23798685696,,15.401701,1.071,-5.61,Packaging & Containers,Consumer Cyclical,,United States,3072999936,10316999680,23633999872,7027999744,-156375008,International Paper Company,1.5808
IPG,0,,,,,,,,,,,,,,,,
INTU,0,121458958336,30.005157,16.49582,1.234,14.54,Software - Application,Technology,18200,United States,5846000128,,19433000960,15687999488,5059874816,Intuit Inc.,1.1685
ISRG,0,170765664256,60.683437,41.653442,1.662,7.85,Medical Instruments & Supplies,Healthcare,,United States,3553766400,0,10064700416,6642299904,,"Intuitive Surgical, Inc.",2.5435
IVZ,0,12075369472,,8.920586,1.66,-1.6,Asset Management,Financial Services,7499,United States,1161600000,1825100032,6377099776,1822099968,,Invesco Ltd,0.4186
INVH,0,16404431872,28.16842,35.496365,0.834,0.95,REIT - Residential,Real Estate,1750,United States,1478686976,8280316928,2689620992,1571510016,1083813760,Invitation Homes Inc.,
IQV,0,34288201728,27.694635,15.533719,1.361,7.27,Diagnostics & Research,Healthcare,91000,United States,2926000128,15239999488,15904000000,5372000256,2455624960,"IQVIA Holdings, Inc.",0.8642
IRM,0,26963675136,168.92592,40.258087,1.179,0.54,REIT - Specialty,Real Estate,28850,United States,2233931008,18803380224,6639848960,3693936128,-1208413568,Iron Mountain Incorporated (Del,
JBHT,0,21669791744,37.247135,25.733456,1.263,6.11,Integrated Freight & Logistics,Industrials,,United States,1579176832,1773801984,11999095808,2267621120,,"J.B. Hunt Transport Services, I",2.2457
JBL,0,25019539456,36.653366,17.368248,1.24,6.39,Electronic Components,Technology,135000,United States,2288999936,3446000128,31113000960,2782000128,1184875008,Jabil Inc.,
JKHY,0,12362530816,24.373926,24.780209,0.71,6.98,Information Technology Services,Technology,7200,United States,658918976,68886000,2419044096,1053163008,303682112,"Jack Henry & Associates, Inc.",2.7167
J,0,16375865344,36.386017,17.185566,0.766,3.79,Engineering & Construction,Industrials,41200,United States,1265025024,2709857024,12029783040,2984933888,811144768,Jacobs Solutions Inc.,0.5303
JNJ,0,565268774912,21.271078,18.701468,0.347,11.03,Drug Manufacturers - General,Healthcare,,United States,33059663872,45795000320,94193000448,64114999296,,Johnson & Johnson,1.263
JCI,0,80700932096,50.13308,24.556046,1.428,2.63,Building Products & Equipment,Industrials,87000,Ireland,3836999936,11189999616,23595999232,8592000000,2325625088,Johnson Controls International ,1.553
JPM,0,864261636096,15.858101,13.731413,1.053,20.02,Banks - Diversified,Financial Services,318512,United States,,1016658001920,168235008000,168235008000,,JP Morgan Chase & Co.,1.7821
K,0,29031499776,22.797813,21.969112,0.25,3.66,Packaged Foods,Consumer Defensive,24000,United States,2291000064,6232000000,12670000128,4461000192,504000000,Kellanova,3.6262
KVUE,0,34310488064,23.876665,16.239979,0.551,0.75,Household & Personal Products,Consumer Defensive,22000,United States,3540999936,9109000192,15006000128,8753000448,1753374976,Kenvue Inc.,0.8876
KDP,0,38651691008,24.525864,13.107518,0.355,1.16,Beverages - Non-Alcoholic,Consumer Defensive,29000,United States,4298999808,18630000640,16174000128,8856999936,1392375040,Keurig Dr Pepper Inc.,0.6874
KEY,0,25101672448,14.980264,10.677208,1.068,1.52,Banks - Regional,Financial Services,17396,United States,,11000999936,7007000064,7007000064,,KeyCorp,2.1272
KEYS,0,38308347904,44.414345,24.000076,1.201,5.02,Scientific & Technical Instruments,Technology,16800,United States,1214000000,2777999872,5375000064,3336999936,1251250048,Keysight Technologies Inc.,1.7179
KMB,0,34170056704,21.184156,13.34359,0.277,4.86,Household & Personal Products,Consumer Defensive,,United States,3368999936,7190000128,16446999552,6136000000,1126499968,Kimberly-Clark Corporation,7.0108
KIM,0,14536670208,25.86265,27.794537,1.076,0.83,REIT - Retail,Real Estate,717,United States,1299628032,8355115008,2123057024,1465453056,845290112,Kimco Realty Corporation (HC),
KMI,0,65972596736,21.64511,20.246891,0.691,1.37,Oil & Gas Midstream,Energy,,United States,7170665984,32003000320,16936999936,8351000064,,"Kinder Morgan, Inc.",3.5671
KKR,0,95555149824,43.36134,15.304284,1.971,2.38,Asset Management,Financial Services,4834,United States,,56062472192,22245685248,12897487872,,KKR & Co. Inc.,0.4192
KLAC,0,174163836928,38.645046,28.994144,1.455,34.3,Semiconductor Equipment & Materials,Technology,15000,United States,5742102016,6109477888,12744611840,7847356928,3222999808,KLA Corporation,2.1318
KHC,0,29183029248,,9.891517,0.047,-3.71,Packaged Foods,Consumer Defensive,36000,United States,6006000128,21191999488,25163999232,8488999936,2780375040,The Kraft Heinz Company,0.96
KR,0,44356362240,59.234512,12.628506,0.629,1.13,Grocery Stores,Consumer Defensive,400000,United States,8128999936,25198999552,147225001984,35370000384,2561125120,Kroger Company (The),1.2692
LHX,0,63748812800,39.89813,24.700802,0.64,8.54,Aerospace & Defense,Industrials,,United States,3838000128,10442999808,21865000960,5624999936,3396624896,"L3Harris Technologies, Inc.",2.0797
LH,0,22786850816,26.936148,15.662626,0.996,10.18,Diagnostics & Research,Healthcare,70000,United States,1963500032,6583300096,13765300224,3915599872,1123149952,Labcorp Holdings Inc.,1.9935
LRCX,0,266304962560,43.446964,31.177755,1.776,4.88,Semiconductor Equipment & Materials,Technology,19700,United States,7343528960,4483747840,20560531456,10239435776,4816949760,Lam Research Corporation,2.1785
LW,0,6642932224,17.271738,15.726081,0.428,2.76,Packaged Foods,Consumer Defensive,10100,United States,1231000064,3944699904,6473600000,1430899968,614587520,"Lamb Weston Holdings, Inc.",0.6513
LVS,0,40617459712,25.178724,15.73235,0.885,2.35,Resorts & Casinos,Consumer Cyclical,,United States,4607666176,15822999552,13016999936,5208000000,,Las Vegas Sands Corp.,0.8051
LDOS,0,24190464000,17.621496,15.3457365,0.62,10.7,Information Technology Services,Technology,47000,United States,2335000064,5229000192,17332000768,3052999936,751374976,"Leidos Holdings, Inc.",
LEN,0,29078358016,14.754386,13.354476,1.461,7.98,Residential Construction,Consumer Cyclical,12532,United States,2992314880,6139151872,34186934272,6065461760,12156003328,Lennar Corporation,2.3617
LII,0,18747105280,23.464443,20.3099,1.188,22.78,Building Products & Equipment,Industrials,,United States,1153900032,1770700032,5195299840,1734800000,174112496,"Lennox International, Inc.",1.5893
LLY,0,984603885568,53.918915,26.584972,0.394,20.37,Drug Manufacturers - General,Healthcare,47000,United States,28728600576,42577600512,59419799552,49335701504,1397924992,Eli Lilly and Company,0.9124
LIN,0,222939561984,31.844782,26.66035,0.847,14.93,Specialty Chemicals,Basic Materials,65489,United Kingdom,13150000128,25924999168,33504000000,16341999616,3498374912,Linde plc,2.1055
LYV,0,32862253056,101.81295,77.13145,1.138,1.39,Entertainment,Communication Services,16200,United States,2180762880,9388700672,24569493504,6177683968,2466385152,"Live Nation Entertainment, Inc.",8.238
LKQ,0,8840594432,12.725926,10.567853,0.888,2.7,Auto Parts,Consumer Cyclical,47000,United States,1640000000,5504999936,14097000448,5505999872,285750016,LKQ Corporation,
LMT,0,139384766464,28.029781,18.97287,0.23,21.49,Aerospace & Defense,Industrials,123000,United States,8285000192,22770999296,75048001536,7685000192,5281625088,Lockheed Martin Corporation,1.3415
L,0,22675853312,15.843478,37.696552,0.605,6.9,Insurance - Property & Casualty,Financial Services,13000,United States,2912000000,9443000320,18265999360,6682999808,2510125056,Loews Corporation,
LOW,0,156386885632,23.059437,21.463753,0.978,12.09,Home Improvement Retail,Consumer Cyclical,300000,United States,12423000064,44721000448,84254998528,28301000704,4762250240,"Lowe's Companies, Inc.",2.9751
LULU,0,20939288576,12.27886,13.967433,1.014,14.38,Apparel Retail,Consumer Cyclical,39000,Canada,2935789056,1762793984,11073296384,6468195840,884945152,lululemon athletica inc.,1.6111
LYB,0,18340321280,,14.7846,0.707,-4.03,Specialty Chemicals,Basic Materials,20000,United States,2500999936,13331999744,37778001920,3084000000,848249984,LyondellBasell Industries NV,1.1149
MTB,0,36627959808,13.795762,11.175665,0.577,16.99,Banks - Regional,Financial Services,22080,United States,,13059999744,9185000448,9185000448,,M&T Bank Corporation,1.5623
MPC,0,59144110080,14.715582,14.04115,0.708,13.22,Oil & Gas Refining & Marketing,Energy,18300,United States,8293000192,34203000832,133580996608,12437999616,1757750016,Marathon Petroleum Corporation,1.0489
MKTX,0,6062272000,27.593536,19.790447,0.96,5.88,Capital Markets,Financial Services,891,United States,425404000,66872000,839262976,520872000,246013248,"MarketAxess Holdings, Inc.",1.7774
MAR,0,89209184256,34.629086,28.742252,1.101,9.49,Lodging,Consumer Cyclical,418000,United States,4600000000,16885999616,6873999872,5606000128,1176875008,Marriott International,1.7029
MMC,0,89819709440,21.932774,17.72059,0.752,8.33,Insurance Brokers,Financial Services,90000,United States,7729999872,21425999872,26453000192,11626999808,4722874880,"Marsh & McLennan Companies, Inc",1.8634
MLM,0,40050728960,34.074524,30.231674,1.141,19.49,Building Materials,Basic Materials,9400,United States,2326000128,5903000064,6903000064,2108999936,-444750016,"Martin Marietta Materials, Inc.",
MAS,0,14850162688,18.140665,16.923998,1.285,3.91,Building Products & Equipment,Industrials,18000,United States,1447000064,3172999936,7597000192,2718000128,648000000,Masco Corporation,1.6204
MA,0,492368527360,33.359226,24.416277,0.821,16.52,Credit Services,Financial Services,,United States,20544000000,19000000512,32790999040,32790999040,16265374720,Mastercard Incorporated,1.7487
MTCH,0,7334162944,14.24299,7.5625806,1.315,2.14,Internet Content & Information,Communication Services,2500,United States,1053318016,4137155072,3469367040,2509380096,872391488,"Match Group, Inc.",0.3238
MKC,0,17649813504,22.440273,19.646982,0.613,2.93,Packaged Foods,Consumer Defensive,14100,United States,1305799936,4222899968,6840300032,2594299904,564524992,"McCormick & Company, Incorporat",2.4536
MCD,0,232235417600,27.767918,24.53172,0.528,11.72,Restaurants,Consumer Cyclical,150000,United States,14291999744,55837999104,26264000512,15082000384,4394500096,McDonald's Corporation,2.8345
MCK,0,102285639680,25.69797,18.777945,0.413,32.0,Medical Distribution,Healthcare,43000,United States,6506999808,9955000320,387093987328,13324000256,6109749760,McKesson Corporation,1.0281
MDT,0,131327057920,27.747967,16.724407,0.718,3.69,Medical Devices,Healthcare,95000,Ireland,9573000192,29099999232,34758000640,22793000960,3947000064,Medtronic plc.,3.6381
MRK,0,299384307712,16.486933,12.126804,0.296,7.27,Drug Manufacturers - General,Healthcare,,United States,31072331776,41373999104,65010999296,52984000512,,"Merck & Company, Inc.",1.8351
META,0,1709726629888,28.737246,19.06422,1.284,23.52,Internet Content & Information,Communication Services,78865,United States,101891997696,85080997888,200965996544,164790992896,23432374272,"Meta Platforms, Inc.",1.261
MET,0,51662749696,14.630001,7.88833,0.738,5.31,Insurance - Life,Financial Services,45000,United States,5681999872,47872999424,71932002304,17450999808,-10518124544,"MetLife, Inc.",0.6177
MTD,0,28835411968,34.996063,30.542461,1.436,40.0,Diagnostics & Research,Healthcare,16000,United States,1199320064,2241932032,3941790976,2354525952,740551360,"Mettler-Toledo International, I",5.6638
MGM,0,10464355328,191.29999,14.670695,1.404,0.2,Resorts & Casinos,Consumer Cyclical,60000,United States,2313121024,31520937984,17278978048,7714406912,726777856,MGM Resorts International,1.431
MCHP,0,42008936448,,29.500732,1.438,-0.46,Semiconductors,Technology,19400,United States,872800000,5412700160,4212400128,2277100032,1032800000,Microchip Technology Incorporat,
MU,0,429623771136,36.250237,8.766396,1.505,10.53,Semiconductors,Technology,53000,United States,22233999360,12492999680,42311999488,19171000320,444249984,"Micron Technology, Inc.",0.7362
MSFT,0,3090382585856,25.9875,21.998766,1.084,16.0,Software - Infrastructure,Technology,228000,United States,175258992640,123278000128,305453006848,209498996736,53640626176,Microsoft Corporation,1.5741
MAA,0,16291861504,28.756357,40.637726,0.782,4.72,REIT - Residential,Real Estate,2532,United States,1238232064,5222152192,2203401984,1292546944,920064512,Mid-America Apartment Communiti,
MRNA,0,16535846912,,-6.1846933,1.338,-8.06,Biotechnology,Healthcare,5800,United States,-3255000064,734000000,2232000000,-2401999872,-1984375040,"Moderna, Inc.",
MHK,0,8025889792,19.222471,13.114559,1.205,6.72,"Furnishings, Fixtures & Appliances",Consumer Cyclical,41900,United States,1321299968,2338099968,10722899968,2692499968,682712512,"Mohawk Industries, Inc.",
MOH,0,9784725504,11.11638,13.170258,0.493,16.24,Healthcare Plans,Healthcare,18000,United States,1456999936,3852000000,42842001408,4487000064,-186375008,Molina Healthcare Inc,2.8172
TAP,0,10158715904,,9.304979,0.491,-10.48,Beverages - Brewers,Consumer Defensive,16800,United States,2411200000,6509799936,11214000128,4343799808,718812480,Molson Coors Beverage Company,8.6148
MDLZ,0,76718030848,31.37037,17.40905,0.401,1.89,Confectioners,Consumer Defensive,90000,United States,5616999936,21933000704,37645000704,11690000384,1953750016,"Mondelez International, Inc.",5.495
MPWR,0,55466725376,29.671965,55.5111,1.455,39.02,Semiconductors,Technology,4017,United States,740320000,18854000,2660968960,1469881984,490344384,"Monolithic Power Systems, Inc.",
MNST,0,80110854144,46.58807,36.078392,0.45,1.76,Beverages - Non-Alcoholic,Consumer Defensive,5527,United States,2487678976,60323000,7975330816,4451307008,1592852480,Monster Beverage Corporation,1.9929
MCO,0,83095068672,37.241962,28.119066,1.439,12.44,Financial Data & Stock Exchanges,Financial Services,15952,United States,3579000064,7456999936,7501000192,5532000256,2067750016,Moody's Corporation,1.8083
MS,0,288872857600,17.802155,14.795279,1.179,10.21,Capital Markets,Financial Services,82992,United States,,467027984384,70296002560,61198999552,,Morgan Stanley,2.1126
MOS,0,9079451648,7.4106216,11.5235405,0.961,3.86,Agricultural Inputs,Basic Materials,13765,United States,2287200000,4803999744,11894599680,1861200000,192387504,Mosaic Company (The),1.2309
MSI,0,69131272192,33.328827,25.426622,1.002,12.45,Communication Equipment,Technology,21000,United States,3344999936,9936000000,11313000448,5834999808,1947500032,"Motorola Solutions, Inc.",1.5308
MSCI,0,42118336512,35.702866,25.45118,1.281,15.7,Financial Data & Stock Exchanges,Financial Services,6268,United States,1906451968,6309816832,3134458880,2584092928,1214280704,MSCI Inc.,1.9936
NDAQ,0,49543663616,27.94298,19.814215,1.024,3.09,Financial Data & Stock Exchanges,Financial Services,,United States,3112999936,9466000384,8217999872,5248999936,,"Nasdaq, Inc.",1.6045
NTAP,0,19770204160,17.254356,11.605412,1.387,5.74,Software - Infrastructure,Technology,11700,United States,1703000064,2739000064,6637000192,4663000064,1278499968,"NetApp, Inc.",1.1168
NFLX,0,341960327168,31.863674,21.097849,1.712,2.53,Entertainment,Communication Services,16000,United States,13659992064,16975837184,45183037440,21907707904,24817524736,"Netflix, Inc.",1.6948
NEM,0,126958813184,17.975117,13.543616,0.437,6.43,Gold,Basic Materials,22200,United States,12248999936,5650999808,21503000576,12750999552,9337749504,Newmont Corporation,2.5135
NWSA,0,14430619648,29.801207,20.837547,0.968,0.83,Entertainment,Communication Services,22300,United States,1148000000,2927000064,8499999744,4808000000,671124992,News Corporation,
NWS,0,15735055360,34.13253,23.866087,0.968,0.83,Entertainment,Communication Services,22300,United States,1148000000,2927000064,8499999744,4808000000,671124992,News Corporation,
NEE,0,185602179072,27.088146,20.343132,0.761,3.29,Utilities - Regulated Electric,Utilities,,United States,15228000256,95618998272,27412000768,17068999680,-14304124928,"NextEra Energy, Inc.",2.6435
NKE,0,93974732800,37.122807,27.445234,1.279,1.71,Footwear & Accessories,Consumer Cyclical,77800,United States,3808000000,11281999872,46513000448,19132000256,2576624896,"Nike, Inc.",1.3574
NI,0,20869554176,23.210526,21.555832,0.651,1.9,Utilities - Regulated Gas,Utilities,7687,United States,2755500032,15803599872,6327099904,3215500032,-857825024,NiSource Inc,2.1549
NDSN,0,15883464704,33.43478,23.670002,1.002,8.51,Specialty Industrial Machinery,Industrials,8000,United States,884009984,2092358016,2791686912,1542919040,548284864,Nordson Corporation,1.9859
NSC,0,74956972032,26.06553,22.415735,1.324,11.75,Railroads,Industrials,,United States,5597000192,17086999552,12179999744,5597000192,1459500032,Norfolk Southern Corporation,3.2052
NTRS,0,28585564160,17.294336,13.703788,1.276,8.74,Asset Management,Financial Services,23800,United States,,16427499520,8093899776,8093899776,,Northern Trust Corporation,1.2635
NOC,0,97758961664,23.579,22.645859,0.039,29.05,Aerospace & Defense,Industrials,95000,United States,6819999744,17884000256,41954000896,8312999936,2899875072,Northrop Grumman Corporation,5.201
NCLH,0,10234188800,16.17266,8.545059,2.03,1.39,Travel Services,Consumer Cyclical,41700,United States,2542863872,15345382400,9692558336,4069335040,-1316698496,Norwegian Cruise Line Holdings ,0.4725
NRG,0,30989844480,21.424627,14.765999,1.282,6.7,Utilities - Independent Power Producers,Utilities,15637,United States,3646000128,12117000192,29778999296,6477000192,1836625024,"NRG Energy, Inc.",1.2929
NUE,0,43153588224,25.074469,13.783303,1.843,7.52,Steel,Basic Materials,,United States,4139000064,7120999936,32494000128,3878000128,-808000000,Nucor Corporation,
NVDA,0,4258044313600,43.289577,22.82008,2.314,4.04,Semiconductors,Technology,36000,United States,112696000512,10821999616,187141996544,131092996096,53282873344,NVIDIA Corporation,0.6807
NVR,0,21848223744,18.306925,16.592134,1.035,436.72,Residential Construction,Consumer Cyclical,,United States,1812932608,1052892992,10438105088,2389177088,,"NVR, Inc.",
NXPI,0,57265307648,28.607052,13.536538,1.458,7.94,Semiconductors,Technology,,Netherlands,4140000000,12222000128,12268999680,6794999808,2037624960,NXP Semiconductors N.V.,1.2079
ORLY,0,83461087232,34.25347,29.807318,0.616,2.88,Auto Parts,Consumer Cyclical,93269,United States,3869545984,8401655808,17463279616,8989000704,1004949888,"O'Reilly Automotive, Inc.",
OXY,0,45452681216,33.922794,39.106075,0.371,1.36,Oil & Gas E&P,Energy,13323,United States,12693000192,22876000256,26601000960,16912000000,3033125120,Occidental Petroleum Corporatio,2.692
ODFL,0,42373050368,40.566402,33.936035,1.269,4.97,Trucking,Industrials,21504,United States,1751644032,84993000,5574922240,2190703104,742697600,"Old Dominion Freight Line, Inc.",3.813
OMC,0,21896404992,10.1769905,6.9296727,0.744,6.78,Advertising Agencies,Communication Services,74900,United States,2581600000,7066500096,16065300480,2987099904,1739887488,Omnicom Group Inc.,13.7939
ON,0,24865617920,83.28767,20.742996,1.542,0.73,Semiconductors,Technology,26400,United States,1864499968,3632800000,6187800064,2493499904,1275187456,ON Semiconductor Corporation,1.8912
OKE,0,49492520960,14.446691,13.462239,0.918,5.44,Oil & Gas Midstream,Energy,5177,United States,7376999936,33727000576,31563999232,10090999808,1428625024,"ONEOK, Inc.",1.621
ORCL,0,424100855808,27.736841,18.663149,1.633,5.32,Software - Infrastructure,Technology,162000,United States,26265999360,131729997824,61015998464,41821999104,-10208000000,Oracle Corporation,1.2144
OTIS,0,34975428608,25.461428,18.433329,1.012,3.5,Specialty Industrial Machinery,Industrials,72000,United States,2304999936,8352999936,14430999552,4369999872,1598749952,Otis Worldwide Corporation,2.1524
PCAR,0,68323012608,28.8337,19.328266,1.044,4.51,Farm & Heavy Construction Machinery,Industrials,,United States,3789100032,17181300736,28444798976,3983800064,13126362112,PACCAR Inc.,1.3677
PKG,0,20914219008,27.121937,18.932095,0.898,8.57,Packaging & Containers,Consumer Cyclical,,United States,1677033216,4356899840,8989299712,1889600000,,Packaging Corporation of Americ,1.7347
PLTR,0,332310609920,221.30952,77.287445,1.687,0.63,Software - Infrastructure,Technology,,United States,1440160000,229338000,4475445760,3686268928,1260918400,Palantir Technologies Inc.,2.4785
PANW,0,113072603136,104.629745,38.10295,0.75,1.58,Software - Infrastructure,Technology,16413,United States,1382499968,429000000,9556500480,7020899840,3034449920,"Palo Alto Networks, Inc.",1.4563
PH,0,122324008960,35.383717,28.51091,1.242,27.39,Specialty Industrial Machinery,Industrials,57950,United States,5358000128,9870000128,20461000704,7657999872,2473325056,Parker-Hannifin Corporation,4.3241
PAYX,0,35304448000,22.251131,16.639963,0.888,4.42,Software - Application,Technology,19000,United States,2867399936,5036899840,6033900032,4426599936,2057250048,"Paychex, Inc.",1.7017
PAYC,0,7280165888,16.095772,12.882218,0.796,8.04,Software - Application,Technology,7306,United States,524500000,84500000,2001299968,1736999936,370201504,"Paycom Software, Inc.",0.6426
PYPL,0,39342485504,7.61183,6.924139,1.419,5.41,Credit Services,Financial Services,,United States,7359000064,9987000320,33172000768,13761000448,5522500096,"PayPal Holdings, Inc.",0.5316
PNR,0,15914447872,24.70229,16.659346,,3.93,Specialty Industrial Machinery,Industrials,,United Kingdom,975200000,1638599936,4176000000,1690300032,518462496,Pentair plc.,1.4156
PEP,0,228533223424,27.867281,18.386747,,5.99,Beverages - Non-Alcoholic,Consumer Defensive,,United States,16808999936,49181999104,93924999168,50858999808,7643125248,"Pepsico, Inc.",3.2808
PFE,0,151978967040,19.654411,9.391898,,1.36,Drug Manufacturers - General,Healthcare,,United States,23932332032,,62578999296,46512001024,,"Pfizer, Inc.",3.7725
PCG,0,34891829248,13.340336,9.741176,0.374,1.19,Utilities - Regulated Electric,Utilities,28410,United States,9573000192,59792998400,24761999360,9420000256,-3333750016,Pacific Gas & Electric Co.,0.7698
PM,0,278482649088,25.520683,21.479067,0.409,7.01,Tobacco,Consumer Defensive,83100,United States,17959999488,50123001856,39992000512,26762999808,7741749760,Philip Morris International Inc,1.1549
PSX,0,62166433792,41.35215,12.251484,0.867,3.72,Oil & Gas Refining & Marketing,Energy,13200,United States,5269100032,21755000832,131953000448,14243000320,162437504,Phillips 66,0.4454
PNW,0,11317325824,19.495876,20.222813,0.545,4.85,Utilities - Regulated Electric,Utilities,6403,United States,2029062016,14246593536,5307180032,2184401920,-451426880,Pinnacle West Capital Corporati,3.8785
PNC,0,96812924928,14.424693,11.651615,0.968,16.6,Banks - Regional,Financial Services,53859,United States,,57101000704,22320001024,22320001024,,"PNC Financial Services Group, I",2.522
POOL,0,9682530304,23.630238,22.396801,1.23,10.98,Industrial Distribution,Industrials,6000,United States,637102976,1389896960,5294666240,1566956032,293777248,Pool Corporation,
PPG,0,28247482368,18.085981,14.36247,1.16,6.92,Specialty Chemicals,Basic Materials,,United States,2694333184,7920999936,15875000320,6559000064,,"PPG Industries, Inc.",1.5233
PPL,0,26390196224,24.268707,18.309425,0.723,1.47,Utilities - Regulated Electric,Utilities,6653,United States,3420000000,19037999104,8979000320,3798000128,-1277124992,PPL Corporation,1.262
PFG,0,21345673216,14.049853,10.215701,0.883,6.82,Asset Management,Financial Services,19700,United States,2175500032,4140100096,15800800256,7361500160,1430724992,Principal Financial Group Inc,
PG,0,369504124928,23.35429,21.572487,0.38,6.76,Household & Personal Products,Consumer Defensive,109000,United States,24764999680,36638998528,85259001856,43642998784,13253374976,Procter & Gamble Company (The),4.721
PGR,0,120458240000,10.680354,12.683143,0.318,19.24,Insurance - Property & Casualty,Financial Services,,United States,14807666688,6896999936,87637000192,16252999680,,Progressive Corporation (The),3.8074
PLD,0,125364535296,39.23401,40.111923,1.439,3.44,REIT - Industrial,Real Estate,,United States,6426536448,35037073408,9192657920,6958004224,,"Prologis, Inc.",171.7859
PRU,0,35229487104,13.712328,6.347805,0.951,7.3,Insurance - Life,Financial Services,37936,United States,3515000064,51777998848,57598001152,16129999872,-9646874624,"Prudential Financial, Inc.",0.6004
PEG,0,40087056384,19.305288,18.264935,0.616,4.16,Utilities - Regulated Electric,Utilities,13047,United States,4433999872,23508000768,11717999616,4167000064,-380875008,Public Service Enterprise Group,2.428
PTC,0,18343669760,25.299835,17.725725,1.034,6.07,Software - Application,Technology,7642,United States,1110578944,1369867008,2739226112,2294243072,823153024,PTC Inc.,1.5263
PSA,0,50570190848,29.95946,28.584776,0.992,9.62,REIT - Industrial,Real Estate,5900,United States,3379439104,10042821632,4795182080,3486128128,2303450112,Public Storage,10.2146
PHM,0,26712117248,12.17536,11.797798,1.343,11.12,Residential Construction,Consumer Cyclical,,United States,3111183104,2163436032,17311952896,4572603904,3934417408,"PulteGroup, Inc.",1.1627
PWR,0,69317271552,68.96959,37.53953,1.133,6.74,Engineering & Construction,Industrials,58400,United States,2462328064,6018079744,27191171072,4121411072,708255488,"Quanta Services, Inc.",1.7931
QCOM,0,161599340544,30.17728,12.318806,1.238,5.0,Semiconductors,Technology,52000,United States,13996000256,15642999808,44283998208,24546000896,6856249856,QUALCOMM Incorporated,0.4957
DGX,0,20940056576,21.978872,18.015018,0.675,8.52,Diagnostics & Research,Healthcare,45000,United States,2140999936,6382000128,10849999872,3628999936,1000875008,Quest Diagnostics Incorporated,1.4917
RL,0,21255157760,25.925295,20.502134,1.487,13.52,Apparel Manufacturing,Consumer Cyclical,15000,United States,1307900032,2872199936,7570599936,5240099840,512962496,Ralph Lauren Corporation,1.989
RJF,0,33655478272,16.683594,12.430586,0.996,10.24,Asset Management,Financial Services,19500,United States,,6058999808,14215999488,13217999872,,"Raymond James Financial, Inc.",1.0186
RTX,0,264065040384,39.62777,26.201378,0.418,4.97,Aerospace & Defense,Industrials,180000,United States,15121000448,39506001920,88603000832,17788999680,7167499776,RTX Corporation,2.8501
O,0,56821567488,57.841118,38.60091,0.801,1.07,REIT - Retail,Real Estate,468,United States,5052203008,29043648512,5614793216,5197760000,2043045248,Realty Income Corporation,
REG,0,13709664256,34.178898,30.823137,0.942,2.18,REIT - Retail,Real Estate,495,United States,995371008,5160961024,1576867968,1126942976,606015488,Regency Centers Corporation,2.7008
REGN,0,81699364864,18.596865,14.737782,0.413,41.45,Biotechnology,Healthcare,,United States,4259399936,2705900032,14342899712,6392000000,,"Regeneron Pharmaceuticals, Inc.",1.4439
RF,0,26858725376,13.317391,10.745974,1.027,2.3,Banks - Regional,Financial Services,19969,United States,,,7056000000,7056000000,,Regions Financial Corporation,1.2337
RSG,0,67667496960,32.156246,29.684097,0.554,6.74,Waste Management,Industrials,42000,United States,5160000000,13505999872,16501999616,7139999744,1969500032,"Republic Services, Inc.",3.1217
RMD,0,37858545664,25.654303,21.315002,0.877,10.11,Medical Instruments & Supplies,Healthcare,,United States,2024966016,847721024,5398118912,3318460928,1417400064,ResMed Inc.,1.6637
RVTY,0,12046593024,50.381073,17.306992,1.089,2.06,Diagnostics & Research,Healthcare,11000,United States,843198016,3368172032,2856050944,1564365056,554729600,"Revvity, Inc.",0.6038
ROK,0,48468819968,56.27807,31.654663,1.527,7.66,Specialty Industrial Machinery,Industrials,26000,United States,1736000000,3647000064,8342000128,4016000000,1287250048,"Rockwell Automation, Inc.",3.2809
ROL,0,30466453504,59.177567,49.478027,0.788,1.07,Personal Services,Consumer Cyclical,20000,United States,842540992,912081984,3680305920,1945399040,605310528,"Rollins, Inc.",4.1232
ROP,0,38583713792,25.243662,15.36223,0.93,14.2,Software - Application,Technology,,United States,3133600000,9301000192,7902499840,5472000000,2166899968,"Roper Technologies, Inc.",1.5435
ROST,0,62173507584,29.870312,26.700466,0.993,6.4,Apparel Retail,Consumer Cyclical,107000,United States,3115994112,5188589056,22027347968,7178799104,1508112000,"Ross Stores, Inc.",2.8295
RCL,0,90453491712,21.26155,16.05611,1.868,15.6,Travel Services,Consumer Cyclical,,United States,6637000192,22034999296,17934999552,8851999744,-198624992,Royal Caribbean Cruises Ltd.,1.0366
SPGI,0,138310057984,32.89978,22.712858,1.201,13.77,Financial Data & Stock Exchanges,Financial Services,42350,United States,7549000192,11982000128,15011999744,10481999872,4847499776,S&P Global Inc.,1.5022
CRM,0,187720122368,26.361631,15.0352125,1.276,7.48,Software - Application,Technology,76453,United States,11800999936,11635000320,40317001728,31338000384,14523750400,"Salesforce, Inc.",0.9093
SBAC,0,19745056768,23.277637,21.538334,0.87,7.96,REIT - Specialty,Real Estate,1720,United States,1815420032,15028830208,2789255936,2096585984,205137504,SBA Communications Corporation,1.9518
SLB,0,76076785664,21.649448,15.318943,0.701,2.35,Oil & Gas Equipment & Services,Energy,109000,United States,7733000192,12547000320,35707998208,6672999936,2449250048,SLB Limited,1.7344
STX,0,90614808576,47.00509,21.725298,1.635,8.84,Computer Hardware,Technology,30000,Singapore,2852000000,4803999744,10058000384,3900000000,1095500032,Seagate Technology Holdings PLC,0.951
SRE,0,56561385472,26.664616,16.772667,0.752,3.25,Utilities - Diversified,Utilities,16773,United States,5543000064,32693000192,13710999552,5666999808,-23343874048,DBA Sempra,1.8698
NOW,0,114456633344,64.95509,21.665968,0.978,1.67,Software - Application,Technology,29187,United States,2737999872,2403000064,13278000128,10295000064,4951625216,"ServiceNow, Inc.",0.9592
SHW,0,91694792704,35.879013,27.08941,1.259,10.25,Specialty Chemicals,Basic Materials,,United States,4450699776,12942600192,23574300672,11515499520,,Sherwin-Williams Company (The),3.0667
SPG,0,73255714816,13.705405,27.378622,1.396,14.17,REIT - Retail,Real Estate,,United States,4639434240,29186713600,6357330944,5205313024,,"Simon Property Group, Inc.",
SWKS,0,8685020160,22.193487,11.596643,1.317,2.61,Semiconductors,Technology,10000,United States,974700032,1203100032,4086899968,1682099968,1055275008,"Skyworks Solutions, Inc.",0.9812
SJM,0,11590738944,,10.996503,0.23,-11.23,Packaged Foods,Consumer Defensive,8000,United States,1825299968,7960500224,8773199872,3082899968,322062496,The J.M. Smucker Company,
SW,0,22704662528,29.78082,14.688743,1.006,1.46,Packaging & Containers,Consumer Cyclical,100000,Ireland,4457999872,14110999552,31138000896,5875999744,1226499968,Smurfit WestRock plc,0.277
SNA,0,20091766784,20.197693,18.78267,0.787,19.07,Tools & Accessories,Industrials,13000,United States,1394000000,1301400064,5115400192,2650400000,699225024,Snap-On Incorporated,2.0773
SOLV,0,13361532928,8.844432,12.143698,,8.71,Medical Instruments & Supplies,Healthcare,22000,United States,1259000064,5136999936,8401999872,4570999808,587750016,Solventum Corporation,1.3455
SO,0,100101447680,22.61443,19.941694,0.447,4.02,Utilities - Regulated Electric,Utilities,28314,United States,13813000192,73745997824,28913000448,14174000128,-2364624896,Southern Company (The),3.2226
LUV,0,27417425920,66.082275,11.102156,1.107,0.79,Airlines,Industrials,72790,United States,2050000000,5981000192,28063000576,6508000256,-775374976,Southwest Airlines Company,0.2424
SWK,0,12608022528,28.069826,12.250501,1.204,2.9,Tools & Accessories,Industrials,48000,United States,1492400000,7050599936,15166300160,4528399872,493750016,"Stanley Black & Decker, Inc.",
SBUX,0,110101946368,80.53333,32.718395,0.937,1.2,Restaurants,Consumer Cyclical,381000,United States,5297299968,25488199680,37701701632,8357600256,-1439387520,Starbucks Corporation,1.4785
STT,0,36863655936,14.025504,10.162399,1.442,9.41,Asset Management,Financial Services,51503,United States,,29805000704,13884999680,13884999680,,State Street Corporation,0.9804
STLD,0,28782913536,24.47184,12.493746,1.448,7.99,Steel,Basic Materials,,United States,2027376000,4211162880,18176581632,2392183040,-85246624,"Steel Dynamics, Inc.",
STE,0,26054707200,37.845497,23.758717,1.044,6.99,Medical Devices,Healthcare,17787,United States,1553245952,2058599936,5702414848,2538195968,968027264,STERIS plc (Ireland),1.7947
SYK,0,138179231744,42.963737,21.598734,0.869,8.41,Medical Devices,Healthcare,,United States,6951000064,14858999808,25116000256,16336000000,5600750080,Stryker Corporation,1.4787
SMCI,0,19800637440,26.116928,10.917011,1.523,1.27,Computer Hardware,Technology,6238,United States,987361984,5165600768,21052575744,2121714944,-1515875,"Super Micro Computer, Inc.",
SYF,0,26890375168,8.045259,7.1733146,1.402,9.28,Credit Services,Financial Services,,United States,,15182000128,9756000256,9756000256,,Synchrony Financial,80.7915
SNPS,0,79016337408,51.051918,24.458029,1.126,8.09,Software - Infrastructure,Technology,28000,United States,1328146944,14293417984,7054177792,5742487040,2170938624,"Synopsys, Inc.",2.6314
SYY,0,40551059456,22.822102,16.616655,0.602,3.71,Food Distribution,Consumer Defensive,75000,United States,4517000192,14968999936,82645999616,15258999808,1752999936,Sysco Corporation,1.2803
TMUS,0,227559718912,19.479769,16.518177,0.435,10.38,Telecom Services,Communication Services,70000,United States,32562999296,121329999872,85846999040,54748999680,7874874880,"T-Mobile US, Inc.",0.7659
TROW,0,21322266624,10.582879,9.283919,1.544,9.17,Asset Management,Financial Services,7830,United States,2803500032,489500000,7205199872,3702599936,923412480,"T. Rowe Price Group, Inc.",4.7974
TTWO,0,37414940672,,26.03639,0.931,-22.57,Electronic Gaming & Multimedia,Communication Services,12928,United States,768499968,3511699968,6219899904,3703200000,1480199936,"Take-Two Interactive Software, ",2.4387
TPR,0,26273138688,96.8855,20.002142,1.608,1.31,Luxury Goods,Consumer Cyclical,12500,United States,1643699968,4199300096,7207799808,5454499840,867637504,"Tapestry, Inc.",0.3904
TRGP,0,43459072000,27.254387,20.54336,0.868,7.41,Oil & Gas Midstream,Energy,3370,United States,4628199936,17431300096,17378099200,6255300096,-48325000,"Targa Resources, Inc.",1.2282
TGT,0,51901468672,13.844849,14.895282,1.136,8.25,Discount Stores,Consumer Defensive,440000,United States,8065999872,20470999040,105242001408,29272000512,2597125120,Target Corporation,3.243
TEL,0,64564600832,31.648203,17.777418,1.235,6.95,Electronic Components,Technology,90000,Ireland,4517000192,6001999872,18094999552,6457999872,1985624960,TE Connectivity plc,1.3211
TDY,0,29768804352,33.56485,24.624891,1.014,18.89,Scientific & Technical Instruments,Technology,,United States,1496999936,2475399936,6115400192,2614799872,717287488,Teledyne Technologies Incorpora,
TER,0,43526496256,78.62788,34.89158,1.821,3.48,Semiconductor Equipment & Materials,Technology,,United States,815078016,283239008,3190023936,1858603008,276822624,"Teradyne, Inc.",2.3888
TSLA,0,1534369333248,371.72726,141.66583,1.887,1.1,Auto Manufacturers,Consumer Cyclical,134785,United States,10503000064,14718999552,94827003904,17093999616,3732624896,"Tesla, Inc.",6.6473
TXN,0,203699650560,41.134865,28.600132,0.995,5.45,Semiconductors,Technology,,United States,8057999872,14048000000,17681999872,10083000320,-172875008,Texas Instruments Incorporated,1.7081
TPL,0,23673389056,49.840347,4.696389,0.928,6.89,Oil & Gas E&P,Energy,111,United States,642948992,17668000,772395008,727033024,92442376,Texas Pacific Land Corporation,
TXT,0,16079464448,17.623049,12.218704,0.978,5.12,Aerospace & Defense,Industrials,,United States,1650000000,3926000128,14798999552,1164000000,1463124992,Textron Inc.,1.0851
TMO,0,214953852928,32.269035,21.244362,0.949,17.73,Diagnostics & Research,Healthcare,,United States,11152000000,39385001984,44556001280,18571999232,4364624896,Thermo Fisher Scientific Inc,2.0998
TJX,0,171904532480,34.09713,29.896738,0.738,4.53,Apparel Retail,Consumer Cyclical,364000,United States,7900000256,13194000384,58979000320,18196000768,3411375104,"TJX Companies, Inc. (The)",3.1474
TKO,0,16688572416,77.54962,53.010853,0.233,2.62,Entertainment,Communication Services,,United States,1053009024,4042915072,2545175040,2370099968,542332032,"TKO Group Holdings, Inc.",
TSCO,0,29009410048,26.650536,22.815151,0.726,2.06,Specialty Retail,Consumer Cyclical,52000,United States,1961400064,5942868992,15524045824,5654508032,515100128,Tractor Supply Company,2.2414
TT,0,97890066432,33.454372,26.19652,1.211,13.15,Building Products & Equipment,Industrials,,Ireland,4320900096,4615099904,21321900032,7717700096,2115487488,Trane Technologies plc,2.7304
TDG,0,71279165440,40.64685,27.436127,,31.12,Aerospace & Defense,Industrials,16500,United States,4635749888,,9109999616,5438000128,,Transdigm Group Incorporated,3.1607
TRV,0,65644220416,10.724672,10.409935,0.517,27.44,Insurance - Property & Casualty,Financial Services,30000,United States,8901000192,9267000320,48827998208,14341000192,10356500480,"The Travelers Companies, Inc.",2.2179
TRMB,0,15541761024,44.732872,18.893578,1.576,1.46,Scientific & Technical Instruments,Technology,12100,United States,778000000,1391800064,3600900096,2530599936,567412480,Trimble Inc.,1.8437
TFC,0,71036551168,14.536649,10.850768,0.855,3.82,Banks - Regional,Financial Services,38062,United States,,69802000384,18424999936,18424999936,,Truist Financial Corporation,1.3253
TYL,0,14596968448,46.797504,26.8553,0.897,7.21,Software - Application,Technology,7689,United States,461080992,643448000,2298291968,1058536000,474560640,"Tyler Technologies, Inc.",1.5475
TSN,0,23029487616,116.80358,14.744469,0.465,0.56,Farm Products,Consumer Defensive,133000,United States,2585999872,8361999872,55131000832,3391000064,1153250048,"Tyson Foods, Inc.",0.3669
USB,0,93587677184,13.027057,10.908672,1.057,4.62,Banks - Regional,Financial Services,70000,United States,,77925998592,26353999872,26353999872,,U.S. Bancorp,2.0616
UBER,0,157595287552,9.2271185,16.801271,1.206,8.19,Software - Application,Technology,33600,United States,5290999808,13340000256,49609998336,16942000128,6787375104,"Uber Technologies, Inc.",4.7836
UDR,0,14187991040,85.64773,68.51818,0.707,0.44,REIT - Residential,Real Estate,1419,United States,1020492032,6013664768,1742477056,1163517056,912611904,"UDR, Inc.",
ULTA,0,30723022848,26.292978,24.053543,0.832,26.06,Specialty Retail,Consumer Cyclical,20000,United States,1861016960,2574656000,11982077952,5140568064,975341888,"Ulta Beauty, Inc.",2.8503
UNP,0,148162691072,20.850168,18.461021,0.987,11.98,Railroads,Industrials,28418,United States,12311000064,32821999616,24509999104,13685000192,3446625024,Union Pacific Corporation,2.7629
UAL,0,35918729216,10.877451,7.2587314,1.263,10.2,Airlines,Industrials,113200,United States,7911000064,31036000256,59070001152,19939000320,916124992,"United Airlines Holdings, Inc.",6.6213
UPS,0,98149728256,17.662596,14.527131,1.087,6.55,Integrated Freight & Logistics,Industrials,490000,United States,11781999616,28590000128,88661000192,19945000960,4733875200,"United Parcel Service, Inc.",1.85
URI,0,53080907776,21.60606,15.646176,1.676,38.61,Rental & Leasing Services,Industrials,28500,United States,4455000064,15669999616,16099000320,6175000064,1930249984,"United Rentals, Inc.",1.316
UNH,0,250500612096,14.418144,13.774726,0.415,19.18,Healthcare Plans,Healthcare,,United States,23324999680,78389002240,447567003648,82916999168,15929249792,UnitedHealth Group Incorporated,1.0769
UHS,0,13359034368,9.991432,8.976188,1.269,21.01,Medical Care Facilities,Healthcare,99300,United States,2554619904,5110921216,16992502784,7405018112,839419520,"Universal Health Services, Inc.",
VLO,0,60982489088,25.897757,15.46315,0.722,7.58,Oil & Gas Refining & Marketing,Energy,,United States,7216666112,10581000192,122686996480,15297000448,,Valero Energy Corporation,3.4786
VTR,0,36488847360,146.56604,137.48672,0.772,0.53,REIT - Healthcare Facilities,Real Estate,498,United States,2111063040,12787722240,5544046080,2320468992,1068934720,"Ventas, Inc.",
VLTO,0,22902945792,24.531914,20.237612,1.111,3.76,Pollution & Treatment Controls,Industrials,17000,United States,1348000000,2870000128,5452000256,3272000000,856750016,Veralto Corp,3.3245
VRSN,0,22975152128,28.700584,25.938429,0.753,8.57,Software - Infrastructure,Technology,929,United States,1133299968,1793600000,1626700032,1431000064,794837504,"VeriSign, Inc.",2.7696
VRSK,0,26730270720,29.433847,24.827698,0.804,6.5,Consulting Services,Industrials,7800,United States,1489699968,4888800256,3029499904,2109200000,901662528,"Verisk Analytics, Inc.",2.2362
VZ,0,196954996736,11.5036955,8.897445,0.316,4.06,Telecom Services,Communication Services,89900,United States,47608000512,181643001856,138190995456,81425997824,14933125120,Verizon Communications Inc.,1.1607
VRTX,0,121944522752,33.494366,23.594637,0.319,14.2,Biotechnology,Healthcare,6100,United States,4711799808,1834800000,11723299840,6180100096,2913550080,Vertex Pharmaceuticals Incorpor,
VTRS,0,16655498240,,5.815768,0.796,-3.13,Drug Manufacturers - Specialty & Generic,Healthcare,30000,United States,4037299968,14765599744,14124399616,5659299840,2727024896,Viatris Inc.,
VICI,0,30680231936,10.914448,10.036714,0.705,2.63,REIT - Diversified,Real Estate,27,United States,3668513024,17680156672,3969078016,3932268032,1279214592,VICI Properties Inc.,
V,0,631490805760,30.725142,22.57064,0.78,10.66,Credit Services,Financial Services,,United States,28987000832,21176999936,41391001600,40470999040,22032250880,Visa Inc.,1.8097
VST,0,47188230144,50.097126,14.805909,1.443,2.78,Utilities - Independent Power Producers,Utilities,6850,United States,5206000128,17538000896,17191000064,5984000000,1847000064,Vistra Corp.,1.2692
VMC,0,40827789312,36.52423,31.518972,1.055,8.46,Building Materials,Basic Materials,11971,United States,2332199936,4929900032,7882200064,2224900096,931337472,Vulcan Materials Company (Holdi,2.3184
WRB,0,26692687872,15.78427,14.503047,0.36,4.45,Insurance - Property & Casualty,Financial Services,,United States,2484770304,3086693120,14707856384,6384268800,,W.R. Berkley Corporation,10.5782
GWW,0,56566411264,33.463497,24.44112,,35.34,Industrial Distribution,Industrials,,United States,2748999936,2862000128,17941999616,7008999936,893750016,"W.W. Grainger, Inc.",2.3878
WAB,0,41544048640,35.321003,23.781742,1.015,6.88,Railroads,Industrials,29500,United States,2324999936,5672999936,10785000448,3687000064,1084999936,Westinghouse Air Brake Technolo,
WMT,0,1021202726912,44.78497,43.127575,0.671,2.86,Discount Stores,Consumer Defensive,2100000,United States,42713001984,68423999488,703060967424,175108997120,10372750336,Walmart Inc.,4.642
DIS,0,191915950080,15.914705,14.702906,1.419,6.8,Entertainment,Communication Services,175560,United States,19306000384,46640001024,95715999744,35686998016,3174500096,Walt Disney Company (The),4.9272
WBD,0,67132104704,142.5,-139.1101,1.616,0.19,Entertainment,Communication Services,35000,United States,7758000128,33521000448,37862998016,16842999808,17235124224,"Warner Bros. Discovery, Inc. - ",209.1538
WM,0,91450818560,33.830105,24.187172,0.586,6.71,Waste Management,Industrials,,United States,7575000064,22907000832,25204000768,10200999936,1738000000,"Waste Management, Inc.",2.5736
WAT,0,23015202816,35.523933,26.991364,1.178,10.88,Diagnostics & Research,Healthcare,7600,United States,1067278016,1539230976,3105637888,1831164032,450262752,Waters Corporation,6.3838
WEC,0,36842827776,21.450758,20.263754,0.583,5.28,Utilities - Regulated Electric,Utilities,7000,United States,3771899904,21219100672,9547200512,4145600000,-1424775040,"WEC Energy Group, Inc.",2.4174
WFC,0,294320570368,14.977635,11.905126,1.062,6.26,Banks - Diversified,Financial Services,205198,United States,,425721987072,80041000960,80041000960,,Wells Fargo & Company,1.9682
WELL,0,127804579840,129.31596,85.41972,0.832,1.44,REIT - Healthcare Facilities,Real Estate,685,United States,3752058880,18166784000,9907853312,3946681088,-2739590656,Welltower Inc.,3.6218
WST,0,17228288000,35.529675,30.784124,1.19,6.74,Medical Instruments & Supplies,Healthcare,10600,United States,801400000,303000000,3017900032,1073699968,251187504,"West Pharmaceutical Services, I",2.9176
WDC,0,89351962624,24.677998,20.536314,1.839,10.59,Computer Hardware,Technology,40000,United States,3356999936,,10734000128,4585999872,3899375104,Western Digital Corporation,0.9672
WY,0,19391160320,59.77778,38.19829,1.033,0.45,REIT - Specialty,Real Estate,9500,United States,754000000,5571999744,6904999936,1025000000,-91500000,Weyerhaeuser Company,1.3514
WSM,0,26032158720,24.041897,23.846966,1.642,9.07,Specialty Retail,Consumer Cyclical,19600,United States,1698177024,1465763968,7911904768,3663790080,930350528,"Williams-Sonoma, Inc.",2.739
WMB,0,80685924352,34.233162,29.490927,0.665,1.93,Oil & Gas Midstream,Energy,5829,United States,6295000064,27986999296,11582000128,7090999808,484375008,"Williams Companies, Inc. (The)",2.1355
WTW,0,32897083392,20.753231,15.117467,,16.25,Insurance Brokers,Financial Services,,United Kingdom,2675000064,6903000064,9708000256,4083000064,1764125056,Willis Towers Watson Public Lim,
WDAY,0,45009522688,71.12869,15.710375,1.124,2.37,Software - Application,Technology,20588,United States,1210000000,3792999936,9230999552,6982000128,2698874880,"Workday, Inc.",0.4946
WYNN,0,11969778688,25.525497,19.781769,1.014,4.51,Resorts & Casinos,Consumer Cyclical,28000,United States,1824109056,12196312064,7110737920,4874398208,1633731584,"Wynn Resorts, Limited",3.1244
XEL,0,45300117504,23.34756,18.611185,0.476,3.28,Utilities - Regulated Electric,Utilities,11380,United States,5693000192,35561000960,14227999744,6407000064,-5284624896,Xcel Energy Inc.,2.8102
XYL,0,33988282368,35.97938,25.154106,1.163,3.88,Specialty Industrial Machinery,Industrials,23000,United States,1854000000,2088999936,8894000128,3400000000,960000000,Xylem Inc.,2.1423
YUM,0,44125978624,30.979532,21.290035,0.657,5.13,Restaurants,Consumer Cyclical,40000,United States,2819000064,12483999744,8061000192,3721999872,1227624960,"Yum! Brands, Inc.",2.0579
ZBRA,0,12659425280,25.124117,14.093682,1.656,9.91,Communication Equipment,Technology,9900,United States,974000000,2360000000,5255000064,2543000064,710499968,Zebra Technologies Corporation,0.8214
ZBH,0,17727338496,22.196028,10.566266,0.608,4.03,Medical Devices,Healthcare,17000,United States,2640499968,8237000192,8010899968,5737699840,1169887488,"Zimmer Biomet Holdings, Inc.",0.881
ZTS,0,56337485824,21.400673,18.685434,0.961,5.94,Drug Manufacturers - Specialty & Generic,Healthcare,13800,United States,3991000064,7289999872,9397000192,6741000192,2158874880,Zoetis Inc.,2.2978
YPF,0,16224891904,,11.148246,0.42,-1.18,Oil & Gas Integrated,Energy,,Argentina,4941404962816,15453655138304,21465437044736,5571612246016,-1761567309824,YPF Sociedad Anonima,
GGAL,0,8361456640,7.99126,9.852379,0.756,6.43,Banks - Regional,Financial Services,10244,Argentina,,6281646047232,4976194093056,4782107394048,,Grupo Financiero Galicia S.A.,
BMA,0,6540574208,37.41129,10.341519,0.859,2.48,Banks - Regional,Financial Services,8811,Argentina,,1644203474944,2663430225920,2616508022784,,Banco Macro S.A.,
BBAR,0,4214681856,29.044603,26.712553,0.35,0.63,Banks - Regional,Financial Services,6289,Argentina,,,2103917936640,2054835535872,,Banco BBVA Argentina S.A.,
CEPU,0,2469927168,12.432,8.681564,0.055,1.25,Utilities - Regulated Electric,Utilities,,Argentina,323624796160,617801252864,832649953280,308802846720,-67242557440,Central Puerto S.A.,
LOMA,0,1411931008,179.00334,18.143456,0.755,0.06,Building Materials,Basic Materials,,Argentina,136569798656,400304832512,636331491328,150402334720,-85291122688,Loma Negra Compania Industrial ,
SUPV,0,1000163904,51.52381,9.863083,0.888,0.21,Banks - Regional,Financial Services,3362,Argentina,,1042901041152,543655526400,543655526400,,Grupo Supervielle S.A.,
TSLL,0,,47.30237,,,,,,,,,,,,,Direxion Daily TSLA Bull 2X Sha,
SOXL,0,,46.702427,,,,,,,,,,,,,Direxion Daily Semiconductor Bu,
SQQQ,0,,,,,,,,,,,,,,,ProShares UltraPro Short QQQ,
SOXS,0,,,,,,,,,,,,,,,Direxion Daily Semiconductor Be,
TQQQ,0,,31.655556,,,,,,,,,,,,,ProShares UltraPro QQQ,
TSLZ,0,,,,,,,,,,,,,,,T-Rex 2X Inverse Tesla Daily Ta,
SPY,0,630883352576,27.830927,,,,,,,,,,,,,State Street SPDR S&P 500 ETF T,
SPXS,0,,,,,,,,,,,,,,,Direxion Daily S&P 500 Bear 3X,
MSTU,0,,3.8023622,,,,,,,,,,,,,T-Rex 2X Long MSTR Daily Target,
HYG,0,15769272320,11.085341,1343.6667,,,,,,,,,,,,iShares iBoxx $ High Yield Corp,
QQQ,0,238804320256,32.842846,,,,,,,,,,,,,"Invesco QQQ Trust, Series 1",
MSTZ,0,,,,,,,,,,,,,,,T-Rex 2X Inverse MSTR Daily Tar,
TLT,0,9495084032,,-4327.75,,,,,,,,,,,,iShares 20+ Year Treasury Bond ,
FXI,0,4966349312,10.799296,,,,,,,,,,,,,iShares China Large-Cap ETF,
AMDL,0,,,,,,,,,,,,,,,GraniteShares 2x Long AMD Daily,
XLF,0,47714861056,18.581566,,,,,,,,,,,,,State Street Financial Select S,
IBIT,0,,,,,,,,,,,,,,,iShares Bitcoin Trust ETF,
LQD,0,32258586624,33.23556,,,,,,,,,,,,,iShares iBoxx $ Investment Grad,
EWZ,0,7444416000,12.883425,,,,,,,,,,,,,iShares MSCI Brazil ETF,
NVDQ,0,,,,,,,,,,,,,,,T-Rex 2X Inverse NVIDIA Daily T,
NVDX,0,,39.563046,,,,,,,,,,,,,T-Rex 2X Long NVIDIA Daily Targ,
TSLQ,0,,70.261284,,,,,,,,,,,,,Tradr 2X Short TSLA Daily ETF,
NVDL,0,,,,,,,,,,,,,,,GraniteShares 2x Long NVDA Dail,
SMST,0,,,,,,,,,,,,,,,Defiance Daily Target 2x Short ,
KWEB,0,,16.71026,,,,,,,,,,,,,KraneShares CSI China Internet ,
SAP,0,230620643328,26.855053,19.4911,0.706,7.36,Software - Application,Technology,110650,Germany,11729000448,8071000064,36800000000,27145000960,7799625216,SAP  SE,0.81
ALV,0,9543907328,13.155498,10.477581,1.328,9.55,Auto Parts,Consumer Cyclical,57870,Sweden,1518000000,2318000128,10814999552,2074000000,508000000,"Autoliv, Inc.",
ENR,0,1614838016,7.0933733,6.188411,0.632,3.32,Electrical Equipment & Parts,Industrials,6050,United States,655500032,3532699904,2952699904,1286700032,102125000,"Energizer Holdings, Inc.",
RHM,0,,,,,,,,,,,,,,,Round Hill Music Royalty Ltd,
MUV,0,,,,,,,,,,,,,,,,
DB,0,72162566144,12.760135,6.93915,1.004,2.96,Banks - Regional,Financial Services,89879,Germany,,478250008576,30386999296,30386999296,,Deutsche Bank AG,0.4991
MBG,0,,,,,,,,,,,,,,,SPDR Bloomberg Barclays Mortgag,
IFX,0,,,,,,,,,,,,,,,538344,
VOW,0,,,,,,,,,,,,,,,,
HEI,0,45356888064,66.26273,51.744705,1.004,4.91,Aerospace & Defense,Industrials,11100,United States,1227993984,2308666112,4485044224,1786464000,669979648,Heico Corporation,3.3018
CBK,0,370530528,9.263699,8.642172,,2.92,Banks - Regional,Financial Services,287,United States,,166838000,90210000,90210000,,"Commercial Bancgroup, Inc.",
RW,0,,39.049152,,,,,,,,,,,,,Rainwater Equity ETF,
DTG,0,,,,,,,,,,,,,,,DTE Energy Company 2021 Series ,
HEN,0,,,,,,,,,,,,,,,,
TLX,0,2373196544,354.50003,34.20939,1.105,0.02,Biotechnology,Healthcare,,Australia,36405548,418252992,664225536,358275008,13731112,Telix Pharmaceuticals Limited,
VNA,0,,,,,,,,,,,,,,,,
KBX,0,,,,,,,,,,,,,,,,
CON,0,2986383104,19.91453,15.834936,,1.17,Medical Care Facilities,Healthcare,8758,United States,405425984,2140876032,2089378048,592556992,124977872,Concentra Group Holdings Parent,
FRA,0,413523648,13.413794,,0.424,0.87,Asset Management,Financial Services,,United States,,138017600,48930516,48930516,16748022,Blackrock Floating Rate Income ,
BN,0,102497173504,126.69444,7.770017,2.026,0.36,Asset Management,Financial Services,250000,Canada,30563000320,262971998208,76932997120,24274999296,3495375104,Brookfield Corporation,
ZAL,0,,,,,,,,,,,,,,,,
AM,0,8867347456,18.913265,14.96798,0.775,0.98,Oil & Gas Midstream,Energy,616,United States,927835008,3008694016,1249570944,1015816000,420422624,Antero Midstream Corporation,
GBF,0,,,,,,,,,,,,,,,iShares Government/Credit Bond ,
GIL,0,12681935872,22.022509,15.151582,1.028,3.11,Apparel Manufacturing,Consumer Cyclical,49000,Canada,853430976,1887288960,3362263040,1070896000,371214624,"Gildan Activewear, Inc.",
FIE,0,,,,,,,,,,,,,,,,
CNDL,0,514424,,,-46.19,-0.01,Lodging,Consumer Cyclical,1295,United States,-11511000,66029000,121603000,-5297000,-12320000,CANDLEWOOD HOTEL CO INC,
AFX,0,,,,,,,,,,,,,,,,
PUM,0,,,,,,,,,,,,,,,,
OHB,0,,,,,,,,,,,,,,,53659,
TEG,0,,,,,,,,,,,,,,,,
SDF,0,,,,,,,,,,,,,,,Steadfast Group Ltd,
BOSSY,0,2913401600,10.909091,13.104525,0.83,0.77,Apparel Manufacturing,Consumer Cyclical,17874,Germany,311611744,1204000000,4238349056,2626841088,159149744,Hugo Boss AG,2.815
SAX,0,,,,,,,,,,,,,,,,
DMP,0,,,,,,,,,,,,,,,940,
SZU,0,,,,,,,,,,,,,,,,
ASML,0,521988734976,46.102844,31.048153,1.462,29.17,Semiconductor Equipment & Materials,Technology,43520,Netherlands,12327300096,2708999936,32667299840,17258000384,12685974528,ASML Holding N.V. - New York Re,2.3644
PRX,0,,,,,,,,,,,,,,,756474,
INGA,0,,,,,,,,,,,,,,,,
UMI,0,,18.957453,,,,,,,,,,,,,USCF Midstream Energy Income Fu,
MT,0,42624024576,16.482353,10.928493,1.652,3.4,Steel,Basic Materials,125416,Luxembourg,5550000128,14867999744,61094998016,5824999936,-580249984,Arcelor Mittal NY Registry Shar,
NNN,0,8114366464,20.540865,21.148685,0.832,2.08,REIT - Retail,Real Estate,83,United States,821544000,4870459904,906297024,867814016,501207264,"NNN REIT, Inc.",
SAN,0,185710641152,12.5586,12.098845,0.941,1.0,Banks - Diversified,Financial Services,204770,Spain,,372550991872,50673999872,50673999872,,"Banco Santander, S.A. Sponsored",3.0633
IBE,0,,,,,,,,,,,,,,,,
BBVA,0,146767052800,12.595122,12.706693,0.968,2.05,Banks - Diversified,Financial Services,126997,Spain,,143241003008,31633999872,31633999872,,Banco Bilbao Vizcaya Argentaria,2.6203
FER,0,48732262400,12.153297,47.14391,0.741,5.61,Engineering & Construction,Industrials,22043,Netherlands,1398000000,10341000192,9349000192,8136000000,-58000000,Ferrovial SE,
AMS,0,13858479,,5.2749996,0.129,-0.35,Medical Care Facilities,Healthcare,81,United States,6645000,24616000,29423000,13396000,-15763625,American Shared Hospital Servic,
TEF,0,21491091456,,15.55102,0.279,-0.22,Telecom Services,Communication Services,100870,Spain,9473000448,42903998464,41620000768,22698999808,3324250112,Telefonica SA,0.3518
REP,0,,,,,,,,,,,,,,,221316,
SAB,0,150760384,8.729132,,,,,,,,,,,,,Saratoga Investment Corp 6.75% ,
BKT,0,360489024,12.505618,,0.528,0.89,Asset Management,Financial Services,,United States,,68578968,14570398,14570398,-19125638,BlackRock Income Trust Inc. (Th,
IDR,0,587988416,51.65753,47.734177,0.912,0.73,Gold,Basic Materials,51,United States,11793667,2963441,35424312,22467336,-1849466,"Idaho Strategic Resources, Inc.",
ANA,0,,,,,,,,,,,,,,,,
RED,0,,,,,,,,,,,,,,,,
UNI,0,,,,,,,,,,,,,,,Unicaja Banco SA,
GRF,0,43904116,8.781746,,0.282,1.26,Asset Management,Financial Services,,United States,,0,1007008,1007008,,"Eagle Capital Growth Fund, Inc.",
FCC,0,,,,,,,,,,,,,,,,
FDR,0,,,,,,,,,,,,,,,,
LOG,0,,,,,,,,,,,,,,,,
