ticker,shortName,sector,industry,rank,score_FINAL_adj,rating,data_completeness,score_valuation,score_profitability,score_growth,score_financial,score_momentum,score_fundamental_momentum,score_income,revenue_trend,ebitda_trend,margin_trend,debt_trend,fcf_trend,earnings_consistency,revenue_r2,ebitda_r2,revenue_cagr,ebitda_cagr,revenue_qoq,ebitda_qoq,revenue_accel,margin_accel,lastPrice,priceVs50dMA,priceVs200dMA,priceVs52wHigh,priceVs52wLow,position52w,beta,marketCap,dividendYield,liquidity_flag,trailingPE,forwardPE,priceToBook,enterpriseToEbitda,returnOnEquity,profitMargins,operatingMargins,revenueGrowth,earningsGrowth,debtToEquity,currentRatio,freeCashflow
ADBE,Adobe Inc.,Technology,Software - Application,437,3.8617680250783697,Débil,89.7,7.8896103896103895,7.727272727272728,3.571428571428571,3.051948051948052,1.4025974025974026,1.5454545454545459,2.077922077922078,0.03009086207582017,0.012431490837564759,-0.05502741957658838,0.006732673875732602,-0.010449451599962793,,0.9998944277597236,0.9012827904124989,0.12792345753675916,0.05086188476971332,0.03063734185564014,0.019650910923341498,,,232.77000427246094,-0.10046557572806392,-0.10038457226446329,-0.3599944892151198,0.22433202331401714,0.24570805549291933,1.415,90594082816,0.0,False,12.996651,8.411363,7.736564,9.461,0.61902,0.28048,0.34822,0.129,0.105,57.693,0.77,9345125376.0
AOS,A.O. Smith Corporation,Industrials,Specialty Industrial Machinery,171,5.076724235065565,Neutral,89.7,7.887323943661972,5.887323943661972,0.8450704225352113,7.746478873239436,2.3943661971830985,4.701408450704226,9.014084507042254,0.02303777425026206,0.02626515950987282,0.01847233377013146,-0.0419765938210281,0.038569854654809686,,0.9960326938211398,0.6417291364676536,0.09644280938255756,0.11091857729405286,-0.0018363042514979954,-0.014585691521114207,,,55.34000015258789,-0.07708522781705995,-0.13866966717088014,-0.3240503218201064,0.021787299715433806,0.042583910234135464,1.11,7521180672,2.53,False,15.415042,13.542781,4.08353,10.5,0.27133,0.13149,0.18929,-0.007,-0.15,36.766,1.594,484612512.0
A,"Agilent Technologies, Inc.",Healthcare,Diagnostics & Research,71,5.5562182698124625,Neutral,89.7,2.280701754385965,7.5438596491228065,4.473684210526316,7.192982456140351,9.280701754385964,4.714035087719299,5.526315789473685,0.021251579487733478,0.031521917252109226,0.017210052018462898,0.05514093467311225,0.1134238922346897,,0.9974283955506222,0.9842996212955807,0.08879560404040521,0.13410072189621047,0.019358442477876107,0.03859481962893046,,,169.08999633789062,0.09930901537362224,0.2699138655903326,-0.044959071799544725,0.5605906445582891,0.8841338622691501,1.208,47677599744,0.6,False,33.35108,25.020308,6.4753184,24.1,0.20971,0.19533001,0.25559,0.081,0.085,56.336,2.05,1060374976.0
MMM,3M Company,Industrials,Conglomerates,197,4.9833760077707625,Débil,89.7,4.242957746478873,7.056338028169014,4.82394366197183,2.535211267605634,6.014084507042253,4.701408450704226,8.028169014084508,0.02303777425026206,0.02626515950987282,0.01847233377013146,-0.0419765938210281,0.038569854654809686,,0.9960326938211398,0.6417291364676536,0.09644280938255756,0.11091857729405286,0.0062340255754475705,0.029326933333333333,,,162.1199951171875,-0.06231458203135387,0.009222917734930114,-0.12320175707308012,0.16348496567523685,0.4999998928267668,1.058,83608920064,1.91,False,28.795736,16.499168,28.322851,14.227,0.81891996,0.11902001,0.20354,0.025,0.328,437.937,1.24,6350125056.0
ABT,Abbott Laboratories,Healthcare,Medical Devices,378,4.28398354506957,Débil,89.7,4.254385964912281,4.333333333333333,4.2105263157894735,5.43859649122807,1.5789473684210524,4.714035087719299,8.947368421052632,0.019451694792271483,0.025099829187149703,0.009330299824089037,0.0045345467666636635,0.009754887521283624,,0.9952439880283319,0.9466072456018746,0.08098825420660127,0.10571293560709794,0.03214870837694344,0.01047341689373297,,,98.7300033569336,-0.07428240380025586,-0.04827176108823039,-0.269370211226718,0.20446508914155914,0.3152747057361474,0.583,170840752128,2.57,False,31.848389,16.277065,3.3425872,16.918,0.10576,0.116450004,0.14706999,0.13,-0.475,63.212,1.376,7209124864.0
ABBV,AbbVie Inc.,Healthcare,Drug Manufacturers - General,52,5.730292075015123,Neutral,89.7,4.385964912280702,7.052631578947368,8.596491228070175,0.9649122807017546,8.982456140350877,4.714035087719299,9.12280701754386,0.019451694792271483,0.025099829187149703,0.009330299824089037,0.0045345467666636635,0.009754887521283624,,0.9952439880283319,0.9466072456018746,0.08098825420660127,0.10571293560709794,0.02494465878186073,0.029450054337207248,,,271.3599853515625,0.05110578128183518,0.1699602066554533,-0.013021076047273983,0.42259494286533417,0.9574769610590629,0.228,479524913152,2.59,False,76.43943,16.68704,-80.78594,17.412,0.163515,0.098000005,0.40035,0.102,2.904,145.2395,0.809,16870250496.0
AMD,"Advanced Micro Devices, Inc.",Technology,Semiconductors,44,5.783239229735782,Neutral,89.7,0.9090909090909088,2.74025974025974,8.766233766233766,8.506493506493506,9.623376623376624,7.666233766233767,2.077922077922078,0.15157463111841535,0.18686876297458943,0.08644022771707216,-0.014252269139233852,0.046344533934074575,,0.993489689607621,0.9967601092747992,0.8356987558501576,1.1192808609591967,0.10281950773853535,0.28694484781575497,,,645.8599853515625,0.2448642752732597,0.70369777380926,-0.019224950872315905,2.431409974240583,0.9730809809729163,2.454,1054350311424,0.0,False,164.7602,41.0803,15.679638,109.948,0.10196,0.15577,0.1725,0.501,1.595,6.361,2.609,8841499648.0
AES,The AES Corporation,Utilities,Utilities - Diversified,53,5.714223543400713,Neutral,89.7,7.155172413793103,4.241379310344827,7.5,2.586206896551724,8.275862068965516,4.775862068965519,9.310344827586206,0.022178670433826254,0.036779825197299776,0.031634762496055555,-0.0012467097801704486,0.009754887521283624,,0.9925326961677924,0.9461799786090953,0.09287182271707439,0.1550905258153351,0.045407228405056246,0.0838881647486438,,,14.930000305175781,0.009588746782960733,0.015701555538790046,-0.15410763143479989,0.13020441371504776,0.38738745612067144,0.954,10651639808,4.71,False,5.59176,6.2982492,2.1544013,12.193,0.095740005,0.1434,0.18673,0.199,0.086,256.886,0.746,-3089125120.0
ACN,Accenture plc,Technology,Information Technology Services,305,4.595312673533363,Débil,89.7,8.344155844155845,3.3766233766233764,3.831168831168831,5.8441558441558445,4.6103896103896105,1.9681818181818185,9.805194805194805,0.014173905919816852,0.050294392023201906,0.04915099863379085,0.25136570281835674,-0.1385613787436106,,0.999335594671966,0.8751421678123286,0.05832498767990946,0.2203764803323245,0.014813167877937274,0.08506437074058969,,,196.63999938964844,0.08138666166768282,0.007749273115984057,-0.3244700972563521,0.6643250054138674,0.45385682542875244,1.102,120332288000,3.54,False,14.501474,12.326896,3.7126403,8.353,0.26025,0.11279,0.1533,0.062,0.464,40.283,1.427,11181248512.0
AFL,AFLAC Incorporated,Financial Services,Insurance - Life,275,4.70285177718833,Débil,89.7,5.461538461538462,5.446153846153846,3.9615384615384617,3.3076923076923075,5.2,4.706153846153847,6.3076923076923075,0.022178670433826254,0.036779825197299776,0.031634762496055555,-0.0012467097801704486,0.009754887521283624,,0.9925326961677924,0.9461799786090953,0.09287182271707439,0.1550905258153351,-0.0023741060070671376,0.031292517006802724,,,112.73999786376953,-0.04676066146923041,-0.020225573522890228,-0.13423438900499518,0.06933508359830709,0.2948768803456848,0.556,56521441280,2.15,False,12.122581,14.877119,1.8680408,10.587,0.16908,0.26908,0.25722998,-0.01,0.468,53.365,0.892,5152249856.0
ALB,Albemarle Corporation,Basic Materials,Specialty Chemicals,147,5.138985117967332,Neutral,89.7,5.7894736842105265,5.2631578947368425,6.7105263157894735,8.684210526315791,1.3684210526315788,5.050000000000001,4.7368421052631575,0.022178670433826254,0.036779825197299776,0.031634762496055555,-0.0012467097801704486,0.009754887521283624,,0.9925326961677924,0.9461799786090953,0.09287182271707439,0.1550905258153351,0.07522340316785733,0.38871154309862416,,,102.75,-0.16076547989512635,-0.33743404163944934,-0.5350678733031674,0.1674809680718099,0.11083540115798175,1.359,12125019136,1.54,False,380.55554,9.097373,1.5079249,10.395,0.02648,0.03795,0.2771,0.311,0.128,18.976,2.086,1334340224.0
ARE,Alexandria Real Estate Equities,Real Estate,REIT - Office,268,4.733590344827587,Débil,89.7,8.0,1.15,2.75,8.75,2.4,4.771666666666668,9.333333333333334,0.022178670433826254,0.036779825197299776,0.031634762496055555,-0.0012467097801704486,0.009754887521283624,,0.9925326961677924,0.9461799786090953,0.09287182271707439,0.1550905258153351,-0.033996904567095886,-0.04753184755003711,,,45.209999084472656,-0.10920821623970678,-0.10091491336839409,-0.42590477353050593,0.14717074560955745,0.147432615263667,1.178,7780427264,6.27,False,28.675674,-55.81481,0.4962515,13.648,-0.040760003,-0.36078998,0.17282,-0.119,0.07200000000000001,68.67,2.35,1344973952.0
AKAM,"Akamai Technologies, Inc.",Technology,Software - Infrastructure,475,2.9852191670398565,Evitar,89.7,5.551948051948052,1.3766233766233766,0.8766233766233765,3.4415584415584415,1.8961038961038965,4.433116883116884,2.077922077922078,0.05725986152961707,0.1120369028548086,0.028563519379000844,6.216447174862654e-05,0.03581797408915421,,0.9966000446135956,0.9539245246136695,0.25752066717092936,0.520758749309372,0.013169103738462095,-0.06309661088580057,,,104.61000061035156,-0.0629366816228496,-0.06502712940403799,-0.3677243843435989,0.4771251145206379,0.3570749298356924,0.616,15034194944,0.0,False,37.902176,15.273428,3.16329,19.996,0.08918,0.09507,0.076290004,0.054,-0.268,196.672,1.637,710060096.0
APD,"Air Products and Chemicals, Inc",Basic Materials,Specialty Chemicals,406,4.097602177858439,Débil,89.7,2.4342105263157894,4.052631578947368,3.5526315789473686,1.8421052631578947,6.578947368421053,5.050000000000001,6.842105263157895,0.022178670433826254,0.036779825197299776,0.031634762496055555,-0.0012467097801704486,0.009754887521283624,,0.9925326961677924,0.9461799786090953,0.09287182271707439,0.1550905258153351,0.011096079068816328,-0.7448421704146895,,,278.1199951171875,-0.05774993201384604,-0.027705278078891005,-0.11671485020107508,0.21391469214433023,0.5714784878403392,0.761,61933301760,2.58,False,32.915214500000005,19.26004,4.46084,17.746,0.00023,-0.00375,0.25536,0.046,0.128,110.091,1.085,-1497500032.0
LNT,Alliant Energy Corporation,Utilities,Utilities - Regulated Electric,422,4.010848989298455,Débil,89.7,2.3275862068965516,6.275862068965517,3.2758620689655173,2.8448275862068964,4.379310344827586,4.775862068965519,4.482758620689655,0.022178670433826254,0.036779825197299776,0.031634762496055555,-0.0012467097801704486,0.009754887521283624,,0.9925326961677924,0.9461799786090953,0.09287182271707439,0.1550905258153351,0.002489886898756343,-0.012392275862068966,,,65.20999908447266,-0.03727763955897756,-0.07231558221803991,-0.17256694474720646,0.042692662047851826,0.164105659770907,0.515,16907955200,3.27,False,20.442005,17.685362,2.245678,15.896,0.11135,0.18447,0.19053,0.01,-0.04,160.951,0.466,-1138625024.0
GOOGL,Alphabet Inc.,Communication Services,Internet Content & Information,8,6.333435467980294,Neutral,89.7,2.5000000000000004,9.5,8.809523809523808,8.928571428571429,8.071428571428571,4.823809523809524,3.333333333333333,0.016471287956867288,0.05091917701449848,0.36932751540041064,-0.061522486012124775,-0.4830644665027026,,0.3470229363293961,0.7821098565563036,0.06720437263488721,0.22229825094314082,0.05530907698817771,0.07159240243726683,,,350.5,0.014990585636536657,0.032788637757385386,-0.14221384694451922,0.48617706919945713,0.6636568848758464,1.211,4286592319488,0.25,False,17.586554,23.255753,6.8865924,23.957,0.48676,0.54771,0.34033,0.242,2.94,18.859,2.724,22665000960.0
ABNB,"Airbnb, Inc.",Consumer Cyclical,Travel Services,85,5.449955360501568,Neutral,89.7,1.0454545454545456,7.836363636363636,8.181818181818182,7.545454545454546,7.709090909090909,4.744545454545455,1.6363636363636362,0.015090217807252039,0.022227884715523484,0.0210604997646084,0.01025979865807988,0.13397955798126945,,0.9828001462032281,0.9498877169910089,0.06231445736512886,0.09323714081180756,0.040483909022616414,0.05421911742267144,,,160.6300048828125,-0.0573666306576045,0.11716367489051449,-0.16966909335697822,0.4495984557604231,0.6028339349105489,1.244,96182943744,0.0,False,36.58998,25.954994,12.151449,30.783,0.34542,0.2045,0.21009001,0.165,0.334,32.004,1.408,3206874880.0
ALLE,Allegion plc,Industrials,Security & Protection Services,60,5.629716949975717,Neutral,89.7,6.02112676056338,7.154929577464788,6.47887323943662,5.985915492957746,5.042253521126762,4.701408450704226,6.197183098591549,0.02303777425026206,0.02626515950987282,0.01847233377013146,-0.0419765938210281,0.038569854654809686,,0.9960326938211398,0.6417291364676536,0.09644280938255756,0.11091857729405286,0.031137269056796053,0.038294051058776965,,,147.91000366210938,-0.06524984603823325,-0.015398723818654148,-0.1922341561787485,0.18328002929687504,0.3942523431786159,0.823,12577790976,1.42,False,19.38532,15.120305,5.9384913,14.39,0.3373,0.15357,0.22102,0.127,0.162,104.895,1.93,484449984.0
ALGN,"Align Technology, Inc.",Healthcare,Medical Instruments & Supplies,390,4.220065819721718,Débil,89.7,7.258771929824562,4.684210526315789,1.7543859649122806,7.280701754385965,0.8070175438596491,4.714035087719299,1.9298245614035086,0.019451694792271483,0.025099829187149703,0.009330299824089037,0.0045345467666636635,0.009754887521283624,,0.9952439880283319,0.9466072456018746,0.08098825420660127,0.10571293560709794,0.010679987519357247,0.038955321767723504,,,139.8699951171875,-0.12090498258284688,-0.17774222057703548,-0.30218521693680156,0.11976619259616927,0.19806692860039063,1.673,9936344064,0.0,False,24.325216,11.207855,2.3544362,9.795,0.10155,0.09991,0.18247,0.043,-0.121,2.855,1.395,594111360.0
ALL,Allstate Corporation (The),Financial Services,Insurance - Property & Casualty,88,5.437476710875331,Neutral,89.7,8.634615384615383,5.830769230769231,7.0,4.500000000000001,3.384615384615385,4.706153846153847,5.230769230769231,0.022178670433826254,0.036779825197299776,0.031634762496055555,-0.0012467097801704486,0.009754887521283624,,0.9925326961677924,0.9461799786090953,0.09287182271707439,0.1550905258153351,0.028794025586211233,0.1533692496950771,,,223.9499969482422,-0.11205512772512372,-0.004166771949553394,-0.19215786397719437,0.19071670006509023,0.4024006837361697,0.138,56627535872,1.93,False,4.4807925,8.005382,1.7946005,3.533,0.46113998,0.18971,0.22827,0.118,0.612,22.261,0.363,15158625280.0
GOOG,Alphabet Inc.,Communication Services,Internet Content & Information,7,6.423410837438423,Neutral,89.7,3.2142857142857144,9.5,8.809523809523808,8.928571428571429,7.7142857142857135,4.823809523809524,3.8095238095238093,0.016471287956867288,0.05091917701449848,0.36932751540041064,-0.061522486012124775,-0.4830644665027026,,0.3470229363293961,0.7821098565563036,0.06720437263488721,0.22229825094314082,0.05530907698817771,0.07159240243726683,,,347.3699951171875,0.013834742679088352,0.028324879018369664,-0.14117241051947615,0.4676468517953716,0.6596834944553296,1.211,4248312479744,0.26,False,17.429502,23.048077,6.825094,23.739,0.48676,0.54771,0.34033,0.242,2.94,18.859,2.724,22665000960.0
MO,"Altria Group, Inc.",Consumer Defensive,Tobacco,15,6.213505221674876,Neutral,89.7,8.321428571428571,7.9714285714285715,4.0,2.6428571428571432,8.842857142857143,5.0200000000000005,9.428571428571429,0.010587669265972103,0.03240886543954835,0.03841852500854691,-0.006732534589445632,-0.1069229189439744,,0.9824247237971335,0.8758219755770231,0.043225815284394065,0.13804200371797326,0.0032388309977844656,-0.0005700491420108576,,,69.37999725341797,0.016678886744165178,0.02856799925011444,-0.09966263621310711,0.26837289311550205,0.6565293941600164,0.461,115846823936,6.48,False,14.606316,11.831453,-43.416767,8.672,0.17041,0.38999,0.76363,0.012,-0.027,115.519,0.518,9033374720.0
AMZN,"Amazon.com, Inc.",Consumer Cyclical,Internet Retail,73,5.555308338557994,Neutral,89.7,2.8181818181818183,5.963636363636363,9.545454545454547,5.545454545454545,9.145454545454545,4.744545454545455,1.6363636363636362,0.015090217807252039,0.022227884715523484,0.0210604997646084,0.01025979865807988,0.13397955798126945,,0.9828001462032281,0.9498877169910089,0.06231445736512886,0.09323714081180756,0.044298757122682456,0.0837348890991275,,,259.9200134277344,0.009681997686861843,0.07546196380095171,-0.09498602566944847,0.3261225174884408,0.7008773402163858,1.456,2803578699776,0.0,False,20.9107,24.833685,5.0809293,17.128,0.30558002,0.1744,0.13689,0.196,2.423,45.617,1.033,3219124992.0
AMCR,Amcor plc,Consumer Cyclical,Packaging & Containers,86,5.446079498432602,Neutral,89.7,7.136363636363637,2.8,7.772727272727273,5.181818181818182,5.345454545454545,4.744545454545455,9.818181818181818,0.015090217807252039,0.022227884715523484,0.0210604997646084,0.01025979865807988,0.13397955798126945,,0.9828001462032281,0.9498877169910089,0.06231445736512886,0.09323714081180756,0.05930598181202498,0.05529520135548044,,,41.2599983215332,-0.08023330060426392,-0.03616037858544485,-0.1900275162635806,0.13820685024919177,0.3410482179396327,0.576,19059877888,6.22,False,17.336132,9.5362015,1.6166444,9.426,0.09396,0.04705,0.09691,0.259,0.092,128.294,1.254,1504000000.0
AEE,Ameren Corporation,Utilities,Utilities - Regulated Electric,193,4.989170035671821,Débil,89.7,5.172413793103448,7.96551724137931,3.3620689655172415,4.482758620689656,5.448275862068966,4.775862068965519,3.275862068965517,0.022178670433826254,0.036779825197299776,0.031634762496055555,-0.0012467097801704486,0.009754887521283624,,0.9925326961677924,0.9461799786090953,0.09287182271707439,0.1550905258153351,-0.01462846026169941,0.029527027465448195,,,101.31999969482422,-0.04015763985236487,-0.060746057095699024,-0.14367816349878104,0.049187114992484515,0.21839079056663105,0.451,28049760256,2.95,False,17.838028,17.465141,2.0490627,12.807,0.11943,0.18583,0.25236,-0.062,0.119,157.846,0.531,-1786249984.0
AEP,American Electric Power Company,Utilities,Utilities - Regulated Electric,284,4.676428061831153,Débil,89.7,3.275862068965517,5.482758620689655,4.310344827586206,3.4482758620689657,8.0,4.775862068965519,3.793103448275862,0.022178670433826254,0.036779825197299776,0.031634762496055555,-0.0012467097801704486,0.009754887521283624,,0.9925326961677924,0.9461799786090953,0.09287182271707439,0.1550905258153351,0.01596313472093637,-0.012121197863770923,,,122.08000183105469,-0.009868854414269657,-0.03956520948496456,-0.13159765378393318,0.08476987587573026,0.34022831066528814,0.469,66460033024,3.12,False,20.832764,17.80412,2.0716455,13.331,0.10130999,0.13781999,0.23251,0.07,-0.432,160.789,0.504,-5995950080.0
AMP,"Ameriprise Financial, Inc.",Financial Services,Asset Management,180,5.039753633952254,Neutral,89.7,5.442307692307692,6.492307692307692,4.461538461538462,6.230769230769231,4.63076923076923,4.706153846153847,3.8461538461538463,0.022178670433826254,0.036779825197299776,0.031634762496055555,-0.0012467097801704486,0.009754887521283624,,0.9925326961677924,0.9461799786090953,0.09287182271707439,0.1550905258153351,0.027075988155189537,,,,490.55999755859375,-0.09485097301566192,-0.005368654184477628,-0.14321643572971599,0.16144611965479028,0.4540248855356134,1.156,43332743168,1.37,False,11.803657,9.491411,6.8157945,11.142,0.63432,0.199,0.30719998,0.116,0.117,67.578,2.182,2903124992.0
AWK,"American Water Works Company, I",Utilities,Utilities - Regulated Water,237,4.855519619500595,Débil,89.7,1.896551724137931,8.086206896551722,5.689655172413794,4.827586206896552,6.0,4.775862068965519,2.7586206896551726,0.022178670433826254,0.036779825197299776,0.031634762496055555,-0.0012467097801704486,0.009754887521283624,,0.9925326961677924,0.9461799786090953,0.09287182271707439,0.1550905258153351,0.015177627105839692,0.027150894217207334,,,127.37999725341797,-0.060202263442782455,-0.03427170071506225,-0.12537766236323822,0.05648168908864548,0.27163930009644904,0.569,25314099200,2.8,False,22.076256,19.400383,2.170091,14.173,0.10095,0.21347,0.40664002,0.062,0.086,137.745,0.523,-1785374976.0
AXP,American Express Company,Financial Services,Credit Services,450,3.6524931564986733,Débil,89.7,1.5961538461538456,5.323076923076923,4.615384615384615,4.153846153846153,2.246153846153846,4.706153846153847,2.769230769230769,0.022178670433826254,0.036779825197299776,0.031634762496055555,-0.0012467097801704486,0.009754887521283624,,0.9925326961677924,0.9461799786090953,0.09287182271707439,0.1550905258153351,0.031055719459584172,,,,304.25,-0.06784495557825476,-0.08218893278829587,-0.21481844692766272,0.0456404440320306,0.13758806464981324,1.085,205463011328,1.25,False,18.461773,15.089207,5.990942,22.249,0.34377,0.16141,0.2032,0.128,0.11,172.38,1.553,
AME,"AMETEK, Inc.",Industrials,Specialty Industrial Machinery,91,5.4037159786304025,Neutral,89.7,2.7464788732394365,6.28169014084507,6.47887323943662,7.077464788732394,8.901408450704224,4.701408450704226,2.1830985915492955,0.02303777425026206,0.02626515950987282,0.01847233377013146,-0.0419765938210281,0.038569854654809686,,0.9960326938211398,0.6417291364676536,0.09644280938255756,0.11091857729405286,0.035056072072650046,0.03321801291653542,,,248.6199951171875,0.01790315351491234,0.07727671061850949,-0.04801656028033585,0.38707874981693524,0.846923768520355,0.962,56998928384,0.54,False,36.34795,26.031872,5.061688,23.987,0.14562,0.20044,0.26182,0.15,0.142,20.522,1.214,1492221312.0
AIG,"American International Group, I",Financial Services,Insurance - Diversified,329,4.51442525198939,Débil,89.7,8.173076923076923,1.353846153846154,0.8461538461538463,5.0,6.015384615384615,4.706153846153847,7.6923076923076925,0.022178670433826254,0.036779825197299776,0.031634762496055555,-0.0012467097801704486,0.009754887521283624,,0.9925326961677924,0.9461799786090953,0.09287182271707439,0.1550905258153351,0.0003370252710660353,-0.033790336622134896,,,75.66000366210938,-0.009999402517666178,-0.01745486718097633,-0.13323400547474662,0.061894788240131504,0.2749378841714073,0.528,39562100736,2.66,False,13.857143,8.608214,0.97769624,4.656,0.0722,0.11089,0.19414,0.005,-0.101,22.466,0.612,7365000192.0
APH,Amphenol Corporation,Technology,Electronic Components,118,5.24117223466189,Neutral,89.7,3.0844155844155843,5.883116883116884,7.792207792207792,4.48051948051948,7.545454545454545,4.5603896103896115,5.844155844155844,0.05683803857620076,0.10773810007810213,0.046320951095048836,-0.0012334314856649216,0.04041929196366032,,0.9966000446135956,0.9580285284744481,0.2547803986419861,0.4571519792485952,0.11997463698793676,0.15153039837539484,,,87.55000305175781,0.07229514082839006,0.17703686594629886,-0.026464994420573706,0.48377261336764366,0.9230397106469783,1.235,215895408640,0.56,False,43.775,26.39123,13.932209,24.521,0.38115,0.17729001,0.29779,0.55,0.593,120.415,1.888,3818374912.0
AMGN,Amgen Inc.,Healthcare,Drug Manufacturers - General,55,5.685753660012099,Neutral,89.7,3.5087719298245617,9.350877192982455,7.894736842105264,2.368421052631579,6.578947368421052,4.714035087719299,8.771929824561402,0.019451694792271483,0.025099829187149703,0.009330299824089037,0.0045345467666636635,0.009754887521283624,,0.9952439880283319,0.9466072456018746,0.08098825420660127,0.10571293560709794,0.023508861204144773,0.020688093151922674,,,413.0799865722656,0.006167823995806732,0.1307745909462632,-0.07594571600951694,0.4343055089314778,0.7865181825584208,0.407,223324258304,2.5,False,25.65714,16.878864,19.106382,15.113,0.91473,0.22951001,0.35548002,0.095,0.649,490.281,1.371,8645624832.0
AMT,American Tower Corporation (REI,Real Estate,REIT - Specialty,62,5.613411034482759,Neutral,89.7,5.208333333333334,8.633333333333333,7.416666666666666,1.666666666666667,7.166666666666668,4.771666666666668,5.666666666666666,0.022178670433826254,0.036779825197299776,0.031634762496055555,-0.0012467097801704486,0.009754887521283624,,0.9925326961677924,0.9461799786090953,0.09287182271707439,0.1550905258153351,0.011294636438982927,0.0005865995407704994,,,166.17999267578125,-0.038114287888613596,-0.0597057312472663,-0.15248881744297615,0.038235615867682426,0.16990540465800238,0.885,77433241600,4.35,False,22.85832,23.706,20.816734,17.962,0.33914003,0.31083,0.45411,0.047,1.385,438.721,0.352,2920012544.0
AON,Aon plc,Financial Services,Insurance Brokers,468,3.232707480106101,Débil,89.7,2.769230769230769,6.092307692307693,1.4615384615384617,3.4615384615384617,0.49230769230769234,4.706153846153847,2.153846153846154,0.022178670433826254,0.036779825197299776,0.031634762496055555,-0.0012467097801704486,0.009754887521283624,,0.9925326961677924,0.9461799786090953,0.09287182271707439,0.1550905258153351,0.00520421087349085,0.009924775246533618,,,270.4700012207031,-0.16897668261495935,-0.18292673900494472,-0.2925929768773784,0.015544629672598509,0.03568658926560763,0.691,57373569024,1.2,False,14.910144,13.36169,5.974069,12.374,0.44699,0.22268,0.23457001,0.022,-0.03,163.481,1.033,3190874880.0
AAPL,Apple Inc.,Technology,Consumer Electronics,259,4.791924585759068,Débil,89.7,2.1428571428571432,8.246753246753247,4.675324675324676,2.9220779220779223,7.116883116883116,4.5603896103896115,4.675324675324675,0.05683803857620076,0.10773810007810213,0.046320951095048836,-0.0012334314856649216,0.04041929196366032,,0.9966000446135956,0.9580285284744481,0.2547803986419861,0.4571519792485952,0.03407075763031744,0.04990127158915872,,,336.6700134277344,0.044430284747336346,0.16189689756503944,-0.025105654057640536,0.3830827928179048,0.9149334127524961,1.069,4913422663680,0.32,False,38.608944,35.132553,45.743206,29.12,1.4875101,0.27618998,0.32623002,0.164,0.287,78.445,1.003,107721875456.0
AMAT,"Applied Materials, Inc.",Technology,Semiconductor Equipment & Materials,239,4.845783967756381,Débil,89.7,2.11038961038961,7.3896103896103895,5.974025974025974,7.597402597402597,5.792207792207792,3.08961038961039,5.0,0.04467216432105656,0.06705744687459783,0.06036179389472799,-0.04799644275519753,-0.16083449656520857,,0.9535253715467839,0.9516980436412839,0.19457916211715465,0.3051307823735825,0.06246555237045204,0.09487870816352689,,,520.6500244140625,0.0680193291982758,0.20947160928793895,-0.2961049867994342,1.5597346333041422,0.5915863733083382,1.591,413186523136,0.4,False,44.922348,28.19537,16.123688,41.254,0.41068,0.30052,0.33736,0.248,0.428,28.666,2.423,3075375104.0
APTV,Aptiv PLC,Consumer Cyclical,Auto Parts,418,4.035265705329154,Débil,89.7,6.909090909090909,2.254545454545455,1.5909090909090908,8.0,2.2181818181818183,4.744545454545455,1.6363636363636362,0.015090217807252039,0.022227884715523484,0.0210604997646084,0.01025979865807988,0.13397955798126945,,0.9828001462032281,0.9498877169910089,0.06231445736512886,0.09323714081180756,-0.006825047717935699,0.01507064394490462,,,44.220001220703125,-0.06243239165172343,-0.2979737570356915,-0.5027549620971199,0.03900378808043059,0.03579903430457457,1.365,9181546496,0.0,False,43.78218,6.780441,1.0526567,4.395,0.05158,0.010720001,0.12675999,0.023,-0.353,64.938,2.018,1615874944.0
APO,"Apollo Global Management, Inc. ",Financial Services,Asset Management,394,4.173945676392573,Débil,89.7,3.692307692307692,2.0846153846153848,9.346153846153847,5.0,1.4615384615384617,4.706153846153847,5.461538461538461,0.022178670433826254,0.036779825197299776,0.031634762496055555,-0.0012467097801704486,0.009754887521283624,,0.9925326961677924,0.9461799786090953,0.09287182271707439,0.1550905258153351,0.13778889699483304,,,,115.55000305175781,-0.09991242119456678,-0.08527013383904469,-0.24619999313877083,0.1606066999975675,0.2975991634423565,1.58,68237262848,1.94,False,41.41577,10.803175,3.3942368,11.142,0.11412,0.052670002,0.21952,0.638,0.637,100.969,1.948,
ACGL,Arch Capital Group Ltd.,Financial Services,Insurance - Diversified,245,4.833140371352785,Débil,89.7,8.365384615384617,5.707692307692308,0.6538461538461539,5.0769230769230775,6.4,4.706153846153847,0.38461538461538464,0.022178670433826254,0.036779825197299776,0.031634762496055555,-0.0012467097801704486,0.009754887521283624,,0.9925326961677924,0.9461799786090953,0.09287182271707439,0.1550905258153351,-0.027557235165746447,-0.05629977066358917,,,94.33000183105469,-0.035912323202342056,-0.02103379544188988,-0.11915209794514259,0.14408734785997201,0.4821429314551414,0.256,32188143616,0.0,False,7.3810644,9.649013,1.3807489,5.907,0.19936001,0.24396999,0.26584998,-0.105,-0.071,17.836,0.589,4302125056.0
ADI,"Analog Devices, Inc.",Technology,Semiconductors,26,5.999532467532467,Neutral,89.7,3.4090909090909083,5.662337662337663,8.506493506493506,6.103896103896104,7.025974025974026,6.5941558441558445,7.012987012987013,0.08305179519153434,0.11847256167282387,0.08725123366411797,0.023795283850190238,0.0026784903366001587,,0.9981569393241789,0.9989295024888831,0.3941520069501159,0.6080985647254193,0.08960233796390253,0.12575316157803768,,,410.0799865722656,0.08660395598327919,0.13600394524328285,-0.08035256762067322,0.8350560995760756,0.8389227952358641,1.231,198710607872,1.05,False,48.703087,25.084229,5.9226737,30.425,0.12227,0.29787,0.39503,0.396,1.635,27.314,1.25,4147339008.0
ANET,"Arista Networks, Inc.",Technology,Computer Hardware,129,5.208705597850425,Neutral,89.7,1.0714285714285716,7.545454545454545,6.493506493506494,6.396103896103895,8.792207792207792,4.5603896103896115,2.077922077922078,0.05683803857620076,0.10773810007810213,0.046320951095048836,-0.0012334314856649216,0.04041929196366032,,0.9966000446135956,0.9580285284744481,0.2547803986419861,0.4571519792485952,0.08557248202023049,0.09496843862833006,,,215.8300018310547,0.10700786200256807,0.3507373689882687,-0.006848471430824343,0.884648985601246,0.9855221519330056,1.605,272210132992,0.0,False,68.085175,41.48989,18.395124,55.667,0.31476,0.38371,0.45393002,0.377,0.357,63.951,2.957,3891512576.0
ADM,Archer-Daniels-Midland Company,Consumer Defensive,Farm Products,45,5.782177142857144,Neutral,89.7,4.75,2.5428571428571423,9.071428571428573,8.714285714285715,9.214285714285715,5.0200000000000005,2.8571428571428568,0.010587669265972103,0.03240886543954835,0.03841852500854691,-0.006732534589445632,-0.1069229189439744,,0.9824247237971335,0.8758219755770231,0.043225815284394065,0.13804200371797326,0.018800306681546673,0.17841666978390436,,,81.33999633789062,-0.005567595025018246,0.0896429836699646,-0.0834929990096831,0.4634760046399897,0.7766052558905826,0.629,39202590720,2.53,False,22.28493,14.253945,1.6631565,16.083,0.07642,0.021559998,0.04008,0.072,3.156,39.134,1.389,1164625024.0
APA,APA Corporation,Energy,Oil & Gas E&P,27,5.997988834154351,Neutral,89.7,8.214285714285715,8.30952380952381,4.0476190476190474,3.8095238095238093,8.285714285714285,4.823809523809524,4.761904761904762,0.022178670433826254,0.036779825197299776,0.031634762496055555,-0.0012467097801704486,0.009754887521283624,,0.9925326961677924,0.9461799786090953,0.09287182271707439,0.1550905258153351,0.024011522232733517,0.10573787839218435,,,43.810001373291016,0.045075938523750025,0.23289159287537298,-0.07651767762877282,1.0254277102769773,0.8593568916424261,0.421,15348900864,2.27,False,9.2621565,9.545079,2.1880932,3.463,0.26659,0.19564,0.56331,0.092,0.263,48.854,0.946,2146749952.0
AIZ,"Assurant, Inc.",Financial Services,Insurance - Property & Casualty,287,4.661409867374005,Débil,89.7,6.0,2.807692307692308,5.076923076923077,3.5769230769230775,7.492307692307692,4.706153846153847,3.076923076923077,0.022178670433826254,0.036779825197299776,0.031634762496055555,-0.0012467097801704486,0.009754887521283624,,0.9925326961677924,0.9461799786090953,0.09287182271707439,0.1550905258153351,0.022476506099890034,0.059247076634270826,,,266.7300109863281,-0.04711920499197586,0.06363002355644776,-0.12242544256653243,0.29461734206828183,0.619957215670801,0.525,13156128768,1.3,False,12.7683115,11.382442,2.160037,7.794,0.18341999,0.07903,0.11734,0.094,0.305,36.211,0.382,2149574912.0
AJG,Arthur J. Gallagher & Co.,Financial Services,Insurance Brokers,469,3.22495575596817,Débil,89.7,1.9038461538461537,1.2153846153846155,4.5769230769230775,4.769230769230769,3.1076923076923078,4.706153846153847,2.3846153846153846,0.022178670433826254,0.036779825197299776,0.031634762496055555,-0.0012467097801704486,0.009754887521283624,,0.9925326961677924,0.9461799786090953,0.09287182271707439,0.1550905258153351,0.04387946139242944,-0.029242440404040403,,,227.10000610351562,-0.08736388378893212,-0.02418187211190226,-0.26824550957462345,0.1905635968729522,0.30392981691902693,0.547,58215038976,1.22,False,37.66169,15.282824,2.45418,16.712,0.06722,0.10378,0.1916,0.309,-0.107,59.401,1.053,2082300032.0
ADP,"Automatic Data Processing, Inc.",Technology,Software - Application,399,4.163128884908195,Débil,89.7,4.577922077922079,6.246753246753247,2.4025974025974026,2.922077922077922,5.311688311688312,2.6194805194805197,9.220779220779221,0.031224392380203848,0.06481782073341467,-0.011365429862756873,0.052453301888429636,0.04041929196366032,,0.9987556329197307,0.9349635911436769,0.13324644033747524,0.29799706906771684,0.01606455631753653,0.00840710812585094,,,264.0,-0.028335074232991975,0.10946698936466626,-0.09836065573770492,0.403061224489796,0.7247706422018348,0.841,104610406400,2.59,False,24.131628,19.6997,17.4131,16.457,0.72239,0.20109,0.23459,0.068,0.098,91.436,1.051,5243049984.0
AZO,"AutoZone, Inc.",Consumer Cyclical,Auto Parts,170,5.0770269592476485,Neutral,89.7,5.727272727272727,5.309090909090909,5.818181818181818,4.363636363636363,4.545454545454546,6.322727272727273,1.6363636363636362,0.01823889377811698,0.017731458102358356,0.09821640821042375,0.0008253012505326876,0.13397955798126945,,0.9996246550328531,0.9999953310829889,0.07570747454759497,0.07351126971273003,0.017619555966162877,0.017664315428504232,,,2846.27001953125,-0.03748806881434241,-0.13517736190212737,-0.3135596443362587,0.04234157417876694,0.08166582109470459,0.398,46032723968,0.0,False,18.657948,14.795719,-18.394957,13.684,0.05158,0.1265,0.19969,0.056,0.15,82.105,0.901,
T,AT&T Inc.,Communication Services,Telecom Services,80,5.495972413793104,Neutral,89.7,7.976190476190476,6.714285714285714,4.523809523809524,3.095238095238095,5.0476190476190474,4.823809523809524,9.047619047619047,0.016471287956867288,0.05091917701449848,0.36932751540041064,-0.061522486012124775,-0.4830644665027026,,0.3470229363293961,0.7821098565563036,0.06720437263488721,0.22229825094314082,0.005619310247666088,0.012271491803803327,,,24.469999313354492,-0.0199848086285197,-0.02714224264772802,-0.1688179581061654,0.23026643103843591,0.47958107993240745,0.442,167677870080,4.54,False,8.075908,9.529892,1.5240408,7.423,0.18339,0.16943,0.24786,0.023,0.062,129.054,0.971,10142000128.0
AVB,"AvalonBay Communities, Inc.",Real Estate,REIT - Residential,345,4.422229425287356,Débil,89.7,4.75,7.333333333333333,2.583333333333333,4.666666666666667,3.966666666666667,4.771666666666668,1.0,0.022178670433826254,0.036779825197299776,0.031634762496055555,-0.0012467097801704486,0.009754887521283624,,0.9925326961677924,0.9461799786090953,0.09287182271707439,0.1550905258153351,0.007549258748105867,-0.00444710472612692,,,,-0.08909728353455149,-0.09885911303546224,-0.20040060886605615,,0.041942571172651315,0.773,26283393024,0.0387,False,25.248285,36.584446,2.1691887,19.136,0.08487,0.33321998,0.30628002,0.023,-0.413,75.129,0.338,1409144064.0
ADSK,"Autodesk, Inc.",Technology,Software - Application,396,4.170930944917152,Débil,89.7,4.383116883116884,6.662337662337662,5.8441558441558445,2.012987012987013,3.558441558441559,4.048051948051949,2.077922077922078,0.03892814280356392,0.09154706037833338,0.03474906882939317,0.1589544583462747,0.07478336295060718,,0.9996834592085695,0.984174136622037,0.16865520750123641,0.44731243207675897,0.037698191985886885,0.07049483473389356,,,235.0500030517578,0.005541722181115594,-0.013620459572884491,-0.26546874046325686,0.26711591941648427,0.3684015096784968,1.327,49125449728,0.0,False,30.486382,16.553528,14.520912,20.948,0.53854,0.21078,0.29228002,0.161,0.596,109.518,0.855,3157499904.0
AXON,"Axon Enterprise, Inc.",Industrials,Aerospace & Defense,470,3.160492569208354,Débil,89.7,0.7570422535211266,1.1549295774647887,5.316901408450705,8.23943661971831,1.1619718309859155,4.701408450704226,0.6338028169014085,0.02303777425026206,0.02626515950987282,0.01847233377013146,-0.0419765938210281,0.038569854654809686,,0.9960326938211398,0.6417291364676536,0.09644280938255756,0.11091857729405286,0.07905846852808884,0.6051370295836128,,,406.0,-0.22790525370538928,-0.18077219887905016,-0.4686002984215073,0.1976047904191618,0.15761982071010097,1.439,32982390784,0.0,False,168.46472,38.505787,8.975747,212.989,0.06221,0.06191,0.0517,0.353,-0.182,50.363,2.149,222160000.0
AVY,Avery Dennison Corporation,Consumer Cyclical,Packaging & Containers,134,5.20049078369906,Neutral,89.7,4.9772727272727275,5.345454545454546,6.909090909090909,4.0,6.327272727272728,4.744545454545455,6.363636363636363,0.015090217807252039,0.022227884715523484,0.0210604997646084,0.01025979865807988,0.13397955798126945,,0.9828001462032281,0.9498877169910089,0.06231445736512886,0.09323714081180756,0.02691631449149248,0.03707546890309771,,,166.97000122070312,-0.041029480600026424,-0.03276760412358848,-0.16322541234487753,0.09545992140600412,0.3087861040047355,0.8,12654346240,2.37,False,18.288061,14.927175,5.4561796,10.81,0.3116,0.076220006,0.13586001,0.109,0.108,158.653,1.132,1004600000.0
ATO,Atmos Energy Corporation,Utilities,Utilities - Regulated Gas,115,5.251124851367419,Neutral,89.7,4.396551724137931,7.827586206896552,6.810344827586206,7.672413793103448,3.1034482758620694,4.775862068965519,2.413793103448276,0.022178670433826254,0.036779825197299776,0.031634762496055555,-0.0012467097801704486,0.009754887521283624,,0.9925326961677924,0.9461799786090953,0.09287182271707439,0.1550905258153351,0.008252956834899117,0.033065307784625686,,,159.2100067138672,-0.04059494612202241,-0.08702843731188525,-0.17297799224005406,0.02902020885384693,0.118814678853326,0.567,26904670208,2.5,False,18.976162,17.629982,1.7632792,14.022,0.09792,0.28496,0.37223998,0.048,0.233,67.662,0.814,-2220956928.0
BALL,Ball Corporation,Consumer Cyclical,Packaging & Containers,175,5.062016802507837,Neutral,89.7,6.318181818181818,3.3090909090909095,7.590909090909092,3.6363636363636362,6.218181818181819,4.744545454545455,5.454545454545454,0.015090217807252039,0.022227884715523484,0.0210604997646084,0.01025979865807988,0.13397955798126945,,0.9828001462032281,0.9498877169910089,0.06231445736512886,0.09323714081180756,0.04821828349821829,0.011203148912324174,,,57.47999954223633,-0.06485495258814034,-0.04372290020419334,-0.15829551116947838,0.28217710332893886,0.5392156667619917,0.961,15215149056,1.39,False,16.376068,12.709643,2.6470182,10.744,0.17151,0.0661,0.09232,0.197,0.092,131.495,1.069,379875008.0
BDX,"Becton, Dickinson and Company",Healthcare,Medical Instruments & Supplies,348,4.421338656987296,Débil,89.7,5.657894736842105,3.2280701754385968,2.1052631578947367,3.0701754385964914,6.385964912280702,4.714035087719299,8.24561403508772,0.019451694792271483,0.025099829187149703,0.009330299824089037,0.0045345467666636635,0.009754887521283624,,0.9952439880283319,0.9466072456018746,0.08098825420660127,0.10571293560709794,0.011562580651462491,0.03735579159130876,,,180.16000366210938,-0.00468155632250733,0.10685489217509248,-0.0668669204842317,0.4120618709922037,0.8028512160328184,0.279,49073209344,2.33,False,41.897675,13.543431,2.0098844,10.654,0.06607,0.0419,0.15732999,0.054,-0.314,68.84,0.865,4478374912.0
BAX,Baxter International Inc.,Healthcare,Medical Instruments & Supplies,356,4.3706804597701145,Débil,89.7,7.171052631578947,1.4385964912280702,5.175438596491228,4.56140350877193,4.298245614035087,4.714035087719299,3.859649122807017,0.019451694792271483,0.025099829187149703,0.009330299824089037,0.0045345467666636635,0.009754887521283624,,0.9952439880283319,0.9466072456018746,0.08098825420660127,0.10571293560709794,0.013250848870632983,-0.013095828621337366,,,23.969999313354492,-0.052906107971295135,0.14788127130629536,-0.20100002288818364,0.523839752915098,0.5774351305784508,0.651,12392393728,0.16,False,24.325216,11.7524185,1.9968344,10.66,-0.14371,-0.09268,0.14425999,0.053,0.368,156.449,1.946,1000374976.0
BRKB.VI,BERKSHIRE HATHAWAY INC,Financial Services,Insurance - Diversified,16,6.2071334748010605,Neutral,89.7,8.288461538461538,4.092307692307693,7.038461538461538,9.346153846153847,9.330769230769231,4.706153846153847,0.38461538461538464,0.022178670433826254,0.036779825197299776,0.031634762496055555,-0.0012467097801704486,0.009754887521283624,,0.9925326961677924,0.9461799786090953,0.09287182271707439,0.1550905258153351,0.024755335927115263,0.1074455467401978,,,451.1000061035156,0.02371962678490669,0.06164409177423691,-0.027801710983802574,0.14535992409169896,0.816108426279624,0.595,965674205184,0.0,False,13.236502,9.256004,0.000968884,-1.791,0.121199995,0.22296,0.32561,0.1,1.078,17.142,2.891,71975247872.0
TECH,Bio-Techne Corp,Healthcare,Biotechnology,261,4.78478572292801,Débil,89.7,1.0526315789473688,5.5438596491228065,1.8859649122807016,9.210526315789473,8.035087719298245,4.714035087719299,4.912280701754385,0.019451694792271483,0.025099829187149703,0.009330299824089037,0.0045345467666636635,0.009754887521283624,,0.9952439880283319,0.9466072456018746,0.08098825420660127,0.10571293560709794,0.0034918480027561825,-0.04588506977852602,,,72.52999877929688,0.003081280692612598,0.16619902046511092,-0.00220114487141454,0.6789351569281683,0.9945743906170524,1.295,11374026752,0.44,False,62.525864,31.363237,5.370206,34.067,0.09032,0.14968,0.27871,0.013,0.08,13.712,4.547,229653120.0
BBY,"Best Buy Co., Inc.",Consumer Cyclical,Specialty Retail,87,5.439878119122257,Neutral,89.7,7.0,4.054545454545455,5.909090909090909,4.363636363636363,8.745454545454546,3.511818181818182,9.09090909090909,0.006083415770465838,0.009527463724470367,-0.12981548675982393,-0.00012105930579816132,0.20654845845390732,,0.9634717852278295,0.9585885957321068,0.02461541023593017,0.03880133179024692,0.008146205862446227,0.012987062514264324,,,84.58999633789062,-0.034129228035366554,0.1572974638765654,-0.12369215437801073,0.5352086449707918,0.7118029528817432,1.282,17740865536,4.53,False,14.074874,11.727095,5.591618,7.459,0.43126,0.03014,0.03896,0.036,0.701,130.097,1.117,1403374976.0
BIIB,Biogen Inc.,Healthcare,Drug Manufacturers - General,238,4.850063399879008,Débil,89.7,5.833333333333333,4.070175438596491,1.1403508771929824,7.4561403508771935,8.157894736842104,4.714035087719299,1.9298245614035086,0.019451694792271483,0.025099829187149703,0.009330299824089037,0.0045345467666636635,0.009754887521283624,,0.9952439880283319,0.9466072456018746,0.08098825420660127,0.10571293560709794,0.009107019718291282,-0.1350229076203126,,,222.14999389648438,0.027625354552657466,0.13512246776849612,-0.036183808857285116,0.6097825644672781,0.9098280235321047,0.092,32823549952,0.0,False,39.598927,13.431986,1.7408509,11.908,0.04575,0.083229996,0.25058,0.034,-0.848,44.329,1.865,1266987520.0
BLK,"BlackRock, Inc.",Financial Services,Asset Management,138,5.167060795755968,Neutral,89.7,1.923076923076923,4.615384615384615,6.653846153846155,8.76923076923077,6.6923076923076925,4.706153846153847,6.153846153846154,0.022178670433826254,0.036779825197299776,0.031634762496055555,-0.0012467097801704486,0.009754887521283624,,0.9925326961677924,0.9461799786090953,0.09287182271707439,0.1550905258153351,0.06478663072535129,0.07446087009994323,,,1069.6300048828125,-0.03654903555570055,0.008203398088173941,-0.12321097358655964,0.16594905643489954,0.5031895715842422,1.421,173789413376,2.12,False,25.601484,16.668997,2.877639,15.763,0.122779995,0.24089001,0.35079,0.306,0.196,23.192,2.447,7578124800.0
BX,Blackstone Inc.,Financial Services,Asset Management,294,4.637856551724138,Débil,89.7,2.6538461538461537,7.800000000000001,8.307692307692308,2.769230769230769,0.49230769230769234,4.706153846153847,9.769230769230768,0.022178670433826254,0.036779825197299776,0.031634762496055555,-0.0012467097801704486,0.009754887521283624,,0.9925326961677924,0.9461799786090953,0.09287182271707439,0.1550905258153351,0.07542083926031294,,,,111.83000183105469,-0.1508280483316905,-0.12631718965975602,-0.3279043101685516,0.09928243223291733,0.15620169859348418,1.587,133670158336,4.61,False,25.017899,15.070576,9.923684,11.142,0.31374002,0.22728,0.54357,0.286,0.573,68.185,0.872,
BKR,Baker Hughes Company,Energy,Oil & Gas Equipment & Services,460,3.5234354679802955,Débil,89.7,2.738095238095238,4.6190476190476195,1.6666666666666665,6.071428571428571,1.6428571428571428,4.823809523809524,2.380952380952381,0.022178670433826254,0.036779825197299776,0.031634762496055555,-0.0012467097801704486,0.009754887521283624,,0.9925326961677924,0.9461799786090953,0.09287182271707439,0.1550905258153351,-0.006022998130125278,0.0037336385154825564,,,55.40999984741211,-0.0849550181751928,-0.06835353053975957,-0.21303792291702728,0.2616120183837001,0.43374857861125365,1.035,55004069888,1.61,False,17.816721,18.750507,2.7619379,11.597,0.16463,0.111669995,0.1283,-0.024,-0.042,80.925,2.095,4415000064.0
BAC,Bank of America Corporation,Financial Services,Banks - Diversified,215,4.9257138461538466,Débil,89.7,6.115384615384616,5.046153846153846,6.769230769230769,4.884615384615385,2.5307692307692307,4.706153846153847,6.923076923076923,0.022178670433826254,0.036779825197299776,0.031634762496055555,-0.0012467097801704486,0.009754887521283624,,0.9925326961677924,0.9461799786090953,0.09287182271707439,0.1550905258153351,0.039611260123761316,,,,53.52000045776367,-0.11607903003607578,-0.032119797639188485,-0.17951861938121005,0.16045100732358364,0.38723183975738734,1.214,374251913216,2.37,False,12.360277,10.190733,1.3603783,11.307500000000001,0.111990005,0.29524,0.38305,0.168,0.341,47.594,1.0255,
BMY,Bristol-Myers Squibb Company,Healthcare,Drug Manufacturers - General,51,5.740151724137931,Neutral,89.7,7.5438596491228065,8.701754385964913,6.578947368421052,3.245614035087719,3.0350877192982457,4.714035087719299,9.82456140350877,0.019451694792271483,0.025099829187149703,0.009330299824089037,0.0045345467666636635,0.009754887521283624,,0.9952439880283319,0.9466072456018746,0.08098825420660127,0.10571293560709794,0.014520852831758505,-0.0023189224242518443,,,59.70000076293945,-0.07271641644601179,0.004217051553835782,-0.13024474412967002,0.404045173164145,0.6577335667281566,0.184,121950060544,4.23,False,13.14978,9.060377,5.464531,8.226,0.46598998,0.18871,0.34418,0.057,1.531,201.859,1.532,8114375168.0
BA,Boeing Company (The),Industrials,Aerospace & Defense,467,3.3372264205925206,Débil,89.7,2.5704225352112675,4.232394366197183,5.246478873239437,1.936619718309859,2.3380281690140845,4.701408450704226,0.6338028169014085,0.02303777425026206,0.02626515950987282,0.01847233377013146,-0.0419765938210281,0.038569854654809686,,0.9960326938211398,0.6417291364676536,0.09644280938255756,0.11091857729405286,0.019645461226542777,0.11015650719545368,,,188.32000732421875,-0.10984218358928166,-0.14632816262820147,-0.2596028805810153,0.06533918269060779,0.14887867136141714,1.257,148842496000,0.0,False,67.25715,45.63309,24.40643,-61.764,1.73537,0.025910001,4.0000003e-05,0.08,0.194,790.875,1.138,5625375232.0
BKNG,Booking Holdings Inc. Common St,Consumer Cyclical,Travel Services,100,5.324518369905956,Neutral,89.7,6.681818181818182,8.327272727272728,7.863636363636364,3.3181818181818183,2.509090909090909,4.744545454545455,4.363636363636363,0.015090217807252039,0.022227884715523484,0.0210604997646084,0.01025979865807988,0.13397955798126945,,0.9828001462032281,0.9498877169910089,0.06231445736512886,0.09323714081180756,0.020009404511843035,0.003372450829155799,,,155.8699951171875,-0.17365933622800422,-0.14386733861106527,-0.2940862335390003,0.03816434739035235,0.08108560152247915,1.128,117117673472,1.07,False,17.280487,12.592228,-10.956698,11.731,0.3673,0.25527,0.34412,0.081,1.3,224.816,1.094,7725875200.0
BRO,"Brown & Brown, Inc.",Financial Services,Insurance Brokers,415,4.046340371352786,Débil,89.7,5.038461538461538,4.076923076923077,6.0,4.923076923076923,1.1230769230769233,4.706153846153847,2.0,0.022178670433826254,0.036779825197299776,0.031634762496055555,-0.0012467097801704486,0.009754887521283624,,0.9925326961677924,0.9461799786090953,0.09287182271707439,0.1550905258153351,0.07158836835463585,-0.07401447728324494,,,61.720001220703125,-0.09678135112985553,-0.08874004552308679,-0.36074571495905616,0.1469987218119888,0.18507256014747597,0.593,20652152832,1.08,False,19.470032,12.813379,1.618673,9.535,0.10023,0.18084998,0.41838002,0.324,0.071,63.975,1.127,1642749952.0
BLDR,"Builders FirstSource, Inc.",Industrials,Building Products & Equipment,472,3.0585464788732395,Débil,89.7,6.496478873239437,0.35211267605633806,2.112676056338028,4.929577464788732,0.35211267605633806,4.701408450704226,0.6338028169014085,0.02303777425026206,0.02626515950987282,0.01847233377013146,-0.0419765938210281,0.038569854654809686,,0.9960326938211398,0.6417291364676536,0.09644280938255756,0.11091857729405286,-0.025068144742542427,-0.15348795758567618,,,53.54999923706055,-0.1786557986892151,-0.3707547331517016,-0.5927756712010606,0.01056801730629453,0.007132839600822124,1.448,5761789952,0.0,False,58.20652,12.276704,1.4385494,10.975,0.02506,0.0070999996,0.033269998,-0.088,0.071,130.786,1.789,464577120.0
AVGO,Broadcom Inc.,Technology,Semiconductors,18,6.176161038961039,Neutral,89.7,2.727272727272727,8.75974025974026,9.155844155844155,6.2987012987013,4.233766233766234,7.144805194805197,6.233766233766234,0.1341329854419091,0.1696336061523652,0.09475301076980255,-0.05229982212865794,0.090010577531549,,0.9689499479137168,0.9580285284744481,0.7028717186469573,0.956450650010132,0.1807327934888661,0.2410127083603687,,,376.510009765625,0.010260132426757496,0.02353610978981502,-0.239373717645202,0.29848948049946555,0.422112806114051,1.476,1797319426048,0.69,False,46.36823,19.413918,18.030361,35.006,0.44245,0.42944,0.54307,0.855,2.153,59.604,2.504,30596499456.0
BSX,Boston Scientific Corporation,Healthcare,Medical Devices,303,4.602892196007259,Débil,89.7,7.105263157894736,6.719298245614036,5.175438596491228,5.175438596491228,0.3508771929824561,4.714035087719299,1.9298245614035086,0.019451694792271483,0.025099829187149703,0.009330299824089037,0.0045345467666636635,0.009754887521283624,,0.9952439880283319,0.9466072456018746,0.08098825420660127,0.10571293560709794,0.018531051331140348,0.0579999158458221,,,41.58000183105469,-0.11102555253982671,-0.32078741886889894,-0.6064363290955543,0.0019277549651732784,0.0012471057062305143,0.575,60258967552,0.0,False,16.83401,12.293847,2.4129527,12.865,0.15338999,0.17499,0.22895999,0.075,0.151,50.151,1.24,2451375104.0
BR,"Broadridge Financial Solutions,",Technology,Information Technology Services,347,4.4214525750111955,Débil,89.7,7.077922077922079,5.233766233766234,2.4025974025974026,2.987012987012987,2.0779220779220777,4.5603896103896115,9.35064935064935,0.05683803857620076,0.10773810007810213,0.046320951095048836,-0.0012334314856649216,0.04041929196366032,,0.9966000446135956,0.9580285284744481,0.2547803986419861,0.4571519792485952,0.02109994100563953,0.026732449710290943,,,160.1300048828125,-0.05124562219270801,-0.06039035323868991,-0.32712830959403094,0.19651800704485156,0.25252045014702346,0.932,18078683136,2.75,False,16.680208,13.833146,6.4265366,11.723,0.40916002,0.15037,0.24609,0.075,0.084,123.939,1.236,1194499968.0
BXP,"BXP, Inc.",Real Estate,REIT - Office,379,4.28140643678161,Débil,89.7,5.416666666666667,3.6999999999999997,3.666666666666667,2.0833333333333335,5.033333333333333,4.771666666666668,7.0,0.022178670433826254,0.036779825197299776,0.031634762496055555,-0.0012467097801704486,0.009754887521283624,,0.9925326961677924,0.9461799786090953,0.09287182271707439,0.1550905258153351,0.021194023923272406,0.02901563830533265,,,59.41999816894531,-0.1051555485938005,-0.053172625996876666,-0.2073105900620955,0.19509248127404089,0.38431054552081284,1.054,10747736064,4.68,False,31.946236,27.247507,1.8387175,17.304,0.05308,0.09304,0.28755,0.037,-0.232,211.631,0.506,880636864.0
BG,Bunge Limited,Consumer Defensive,Farm Products,110,5.264195862068965,Neutral,89.7,6.857142857142857,2.257142857142857,8.785714285714286,7.714285714285714,4.171428571428572,5.0200000000000005,3.428571428571429,0.010587669265972103,0.03240886543954835,0.03841852500854691,-0.006732534589445632,-0.1069229189439744,,0.9824247237971335,0.8758219755770231,0.043225815284394065,0.13804200371797326,0.13994318984475504,0.39928393335198903,,,105.51000213623047,-0.0685729936825179,-0.09276792076762208,-0.21769109411855514,0.3337125791458788,0.47345771406439147,0.719,20270489600,2.68,False,21.01793,9.368657,1.2705619,12.268,0.071779996,0.01097,0.04617,0.883,0.33,97.995,1.567,-6475375104.0
CHRW,"C.H. Robinson Worldwide, Inc.",Industrials,Integrated Freight & Logistics,332,4.490158912093249,Débil,89.7,4.154929577464789,3.760563380281691,7.887323943661972,4.647887323943662,1.9295774647887325,4.701408450704226,7.746478873239436,0.02303777425026206,0.02626515950987282,0.01847233377013146,-0.0419765938210281,0.038569854654809686,,0.9960326938211398,0.6417291364676536,0.09644280938255756,0.11091857729405286,0.04923494057320131,0.04588078746532282,,,135.17999267578125,-0.09665128334744755,-0.21446645879228277,-0.3572957130424512,0.09333543089438079,0.13311792220303667,0.949,15768536064,1.87,False,25.79771,18.065453,9.726579,18.87,0.37123,0.03726,0.05337,0.193,0.238,121.188,1.582,480618368.0
CDNS,"Cadence Design Systems, Inc.",Technology,Software - Application,385,4.252475055978503,Débil,89.7,1.6233766233766236,5.3896103896103895,7.207792207792208,6.4935064935064934,6.207792207792209,2.6194805194805197,2.077922077922078,0.031224392380203848,0.06481782073341467,-0.011365429862756873,0.052453301888429636,0.04041929196366032,,0.9987556329197307,0.9349635911436769,0.13324644033747524,0.29799706906771684,0.05589284827884089,0.06870470780792971,,,356.1199951171875,0.11441287450803195,0.09207019435883579,-0.14535987156594232,0.3553567844612273,0.6065349819227459,1.128,98072952832,0.0,False,70.7992,37.221066,14.3008585,46.448,0.23229,0.23605,0.28575,0.242,1.254,38.661,1.743,1609676544.0
CPT,Camden Property Trust,Real Estate,REIT - Residential,459,3.530781149425288,Débil,89.7,3.666666666666667,4.533333333333333,0.9166666666666666,2.4166666666666665,3.333333333333334,4.771666666666668,5.333333333333333,0.022178670433826254,0.036779825197299776,0.031634762496055555,-0.0012467097801704486,0.009754887521283624,,0.9925326961677924,0.9461799786090953,0.09287182271707439,0.1550905258153351,-0.0007053885742880615,0.055645239070008956,,,95.80000305175781,-0.08909728353455149,-0.1031616541540763,-0.20040060886605615,0.003666873250474767,0.014367941369368213,0.806,11087180800,4.34,False,31.617163,87.88991,2.5838122,16.687,0.07885,0.20622,0.16104001,-0.008,-0.757,125.648,0.352,139679632.0
KMX,CarMax Inc,Consumer Cyclical,Auto & Truck Dealerships,206,4.949475862068965,Débil,89.7,3.8636363636363638,1.072727272727273,8.818181818181817,5.363636363636363,6.781818181818181,6.536363636363636,1.6363636363636362,0.03072051239964964,0.02732935748661864,-0.12227507863486457,-0.023501396031152602,1.2520495662520534,,0.9246699306935913,0.6662484713365058,0.13009443333944826,0.11419974385107778,0.04637735263901211,0.062222098394969214,,,53.279998779296875,-0.0993975906299337,0.1023204752577227,-0.18382354811126111,0.7607402108161556,0.6573386287634745,1.226,7562712064,0.0,False,25.251186,14.935581,1.2357361,22.844,0.04677,0.00993,0.02834,0.177,0.816,286.624,2.329,632307968.0
CAH,"Cardinal Health, Inc.",Healthcare,Medical Distribution,315,4.556313853599516,Débil,89.7,5.789473684210526,2.526315789473684,6.666666666666666,3.0701754385964906,4.912280701754386,4.714035087719299,6.4035087719298245,0.019451694792271483,0.025099829187149703,0.009330299824089037,0.0045345467666636635,0.009754887521283624,,0.9952439880283319,0.9466072456018746,0.08098825420660127,0.10571293560709794,0.014010775207221807,0.03380071815886127,,,232.16000366210938,-0.002979536249314463,0.06307864044492772,-0.10120014068095484,0.5286758652934047,0.7543925928977672,0.501,53758816256,0.88,False,32.11065,16.515768,-18.763437,14.042,0.126215,0.00674,0.013300001,0.058,0.688,68.8965,0.883,4752500224.0
CPB,The Campbell's Company,Consumer Defensive,Packaged Foods,466,3.3875034482758624,Débil,89.7,8.285714285714285,4.114285714285715,1.0,2.8571428571428568,0.5142857142857143,2.0000000000000004,8.285714285714286,-0.005469543389778881,-0.012524889065606361,-0.06090505411742163,-0.019202244155844154,-0.1905666075945675,,0.7499999999999999,0.05695990031803297,-0.02160184002682941,-0.0475045883656352,0.0,0.08048158174904943,,,18.899999618530273,-0.13757701946017453,-0.18259844527062818,-0.41011237145660817,0.016052534676436858,0.02221954805785363,0.044,5636635648,5.26,False,14.427482,10.292436,1.4629616,8.042,0.1005,0.041360002,0.102010004,-0.079,-0.571,179.259,0.815,634499968.0
CCL,Carnival Corporation Ltd.,Consumer Cyclical,Travel Services,222,4.905502445141066,Débil,89.7,7.772727272727272,6.218181818181818,3.909090909090909,1.7272727272727273,6.672727272727272,3.5563636363636366,6.0,0.011284559342851185,0.00207211823005725,0.5051815060093208,-0.02781019478795439,0.13397955798126945,,0.9974448386643848,0.07239411815528332,0.046190053640080775,0.008287292750485342,0.010288515138567681,0.015048106028017108,,,26.149999618530273,0.035873287482779403,-0.047667618931192646,-0.23156039910284243,0.21911420133008264,0.37360887269716003,2.381,35161554944,1.69,False,11.519824,10.211174,2.4919,8.187,0.23998,0.113690004,0.26426,0.035,0.05,177.11,0.274,1807624960.0
COF,Capital One Financial Corporati,Financial Services,Credit Services,351,4.403515968169761,Débil,89.7,6.0576923076923075,3.430769230769231,6.538461538461538,4.153846153846154,2.5384615384615383,4.706153846153847,4.307692307692308,0.022178670433826254,0.036779825197299776,0.031634762496055555,-0.0012467097801704486,0.009754887521283624,,0.9925326961677924,0.9461799786090953,0.09287182271707439,0.1550905258153351,0.32494283693495424,,,,195.91000366210938,-0.07024575931220978,-0.04527870243427179,-0.24545523162028426,0.1243687078863025,0.25374711548137435,1.04,120187822080,1.63,False,12.582531,8.2445135,1.1671106,22.249,0.09031,0.21867001,0.33629,11.11,0.102,122.0655,1.1745,
CZR,"Caesars Entertainment, Inc.",Consumer Cyclical,Resorts & Casinos,349,4.417918996865203,Débil,89.7,4.795454545454546,2.327272727272727,6.136363636363637,1.3636363636363638,9.163636363636364,4.744545454545455,1.6363636363636362,0.015090217807252039,0.022227884715523484,0.0210604997646084,0.01025979865807988,0.13397955798126945,,0.9828001462032281,0.9498877169910089,0.06231445736512886,0.09323714081180756,0.007438126028693964,-0.013718204950567272,,,29.489999771118164,-0.007478417245503022,0.08384648893341518,-0.045012960779852174,0.6511757990547684,0.8932411498554659,1.851,6009476096,0.0,False,17.978416,40.76977,1.7825192,9.013,-0.103769995,-0.039920002,0.17674999,0.03,1.061,729.87,0.851,762499968.0
CARR,Carrier Global Corporation,Industrials,Building Products & Equipment,456,3.596254103933948,Débil,89.7,4.471830985915493,2.028169014084507,1.619718309859155,3.767605633802817,3.295774647887324,4.701408450704226,7.253521126760564,0.02303777425026206,0.02626515950987282,0.01847233377013146,-0.0419765938210281,0.038569854654809686,,0.9960326938211398,0.6417291364676536,0.09644280938255756,0.11091857729405286,0.010882493214770958,-0.05380450157385804,,,55.0,-0.06722746082355335,-0.10793644614855613,-0.2834809796769151,0.09474522292993637,0.1794871794871794,1.288,45337878528,1.71,False,39.855072,16.603373,3.4515216,18.629,0.08966,0.055180002,0.13069001,0.039,-0.118,91.998,1.02,861750016.0
CBOE,"Cboe Global Markets, Inc.",Financial Services,Financial Data & Stock Exchanges,174,5.06449952254642,Neutral,89.7,1.615384615384615,6.892307692307693,7.846153846153846,7.615384615384615,5.169230769230769,4.706153846153847,2.6153846153846154,0.022178670433826254,0.036779825197299776,0.031634762496055555,-0.0012467097801704486,0.009754887521283624,,0.9925326961677924,0.9461799786090953,0.09287182271707439,0.1550905258153351,0.056197876460767945,0.08210968571629856,,,281.57000732421875,-0.020036379023834372,-0.020179058647351034,-0.2414192377708423,0.23957740402473582,0.3778380012790304,0.414,29404641280,1.24,False,21.94622,18.604046,5.2329626,14.647,0.26297,0.26734,0.34634,0.229,0.502,28.09,1.565,678249984.0
CDW,CDW Corporation,Technology,Information Technology Services,364,4.339908463949843,Débil,89.7,7.2402597402597415,3.4675324675324677,2.6948051948051948,2.045454545454546,4.311688311688312,4.5603896103896115,8.311688311688313,0.05683803857620076,0.10773810007810213,0.046320951095048836,-0.0012334314856649216,0.04041929196366032,,0.9966000446135956,0.9580285284744481,0.2547803986419861,0.4571519792485952,0.026003345498348353,0.014478812972129941,,,136.82000732421875,-0.03898288035247066,0.04020201391233047,-0.15071379687015052,0.4087727278029112,0.6205065227292709,0.941,17104884736,1.86,False,16.444714,11.387215,7.020011,11.452,0.44009998,0.04597,0.07345,0.1,0.049,263.278,1.167,676787520.0
CAT,"Caterpillar, Inc.",Industrials,Farm & Heavy Construction Machinery,187,5.010943759106362,Neutral,89.7,1.6549295774647887,7.830985915492958,9.225352112676056,3.098591549295775,6.267605633802817,4.701408450704226,2.8169014084507045,0.02303777425026206,0.02626515950987282,0.01847233377013146,-0.0419765938210281,0.038569854654809686,,0.9960326938211398,0.6417291364676536,0.09644280938255756,0.11091857729405286,0.05616559290547679,0.11637014255948655,,,813.8300170898438,-0.010468587378865024,0.019966386579175932,-0.2418627456171225,0.6631177036208848,0.5555194430764975,1.58,374097215488,0.76,False,35.033577,25.094168,19.28827,26.835,0.56972003,0.14511,0.22183001,0.24,0.682,232.783,1.368,5048999936.0
COR,"Cencora, Inc.",Healthcare,Medical Distribution,426,3.9531753176043556,Débil,89.7,4.824561403508772,4.719298245614035,3.4649122807017543,1.0526315789473686,3.649122807017544,4.714035087719299,6.140350877192983,0.019451694792271483,0.025099829187149703,0.009330299824089037,0.0045345467666636635,0.009754887521283624,,0.9952439880283319,0.9466072456018746,0.08098825420660127,0.10571293560709794,0.012447712072297761,0.04641843094048173,,,317.25,-0.002041528913271251,-0.0021087039397281737,-0.1596916882979288,0.29585001225390095,0.5457353827606991,0.581,60539920384,0.76,False,23.552338,16.021383,19.843008,13.019,0.96871,0.00789,0.014149999,0.051,0.119,446.516,0.935,2043314048.0
CNP,"CenterPoint Energy, Inc (Holdin",Utilities,Utilities - Regulated Electric,271,4.7205326991676575,Débil,89.7,2.758620689655172,4.758620689655173,8.017241379310345,5.1724137931034475,5.827586206896552,4.775862068965519,2.0689655172413794,0.022178670433826254,0.036779825197299776,0.031634762496055555,-0.0012467097801704486,0.009754887521283624,,0.9925326961677924,0.9461799786090953,0.09287182271707439,0.1550905258153351,0.022099448114902116,0.05185593013100437,,,38.529998779296875,-0.023013601758299917,-0.06893125775727027,-0.14869644765141676,0.05938957325534444,0.24296949148446315,0.459,25380491264,2.49,False,22.798815,18.458368,2.1654584,12.867,0.09825,0.11611,0.24489,0.107,0.233,210.256,1.123,-5191875072.0
CNC,Centene Corporation,Healthcare,Healthcare Plans,326,4.527414882032668,Débil,89.7,8.070175438596491,0.8245614035087718,4.298245614035087,3.421052631578947,7.6842105263157885,4.714035087719299,1.9298245614035086,0.019451694792271483,0.025099829187149703,0.009330299824089037,0.0045345467666636635,0.009754887521283624,,0.9952439880283319,0.9466072456018746,0.08098825420660127,0.10571293560709794,0.011058088821731338,0.5855422476677121,,,64.98999786376953,0.0038987831456454014,0.22519189672436069,-0.06663797409493699,1.054694842357557,0.8778946806255141,1.13,32104734720,0.0,False,23.6617575,12.152751,1.4229413,4.572,-0.20358999,-0.02829,0.0376,0.046,0.1865,71.082,1.145,9639624704.0
CF,"CF Industries Holdings, Inc.",Basic Materials,Agricultural Inputs,2,6.881083121597097,Buena,89.7,7.631578947368423,9.631578947368421,7.894736842105264,8.68421052631579,5.421052631578947,5.050000000000001,6.315789473684211,0.022178670433826254,0.036779825197299776,0.031634762496055555,-0.0012467097801704486,0.009754887521283624,,0.9925326961677924,0.9461799786090953,0.09287182271707439,0.1550905258153351,0.044822430286399956,0.11929011801994982,,,114.44000244140625,-0.0783127869890512,0.013919710756517212,-0.1938574074288092,0.5173694304084626,0.5864142236460211,0.527,17319135232,2.07,False,8.4896145,10.366187,3.0181713,5.645,0.29867,0.27122,0.49325,0.176,0.996,40.504,4.86,1276749952.0
CRL,Charles River Laboratories Inte,Healthcare,Diagnostics & Research,448,3.686964791288566,Débil,89.7,2.8508771929824563,1.7719298245614035,2.456140350877193,3.1578947368421053,8.175438596491228,4.714035087719299,1.9298245614035086,0.019451694792271483,0.025099829187149703,0.009330299824089037,0.0045345467666636635,0.009754887521283624,,0.9952439880283319,0.9466072456018746,0.08098825420660127,0.10571293560709794,-0.006967166817931959,-0.04553157738550219,,,300.29998779296875,0.07494237905186263,0.4225966810006532,-0.09900993761485521,1.0540354842200328,0.8236236653819815,1.404,14464768000,0.0,False,35.097065,23.405184,5.047398,20.55,-0.07516,-0.05963,0.15113,-0.027,0.15,105.047,1.348,468856000.0
CBRE,CBRE Group Inc,Real Estate,Real Estate Services,423,3.988778850574713,Débil,89.7,4.083333333333333,4.1833333333333345,6.166666666666667,4.833333333333333,2.1333333333333333,4.771666666666668,0.5,0.022178670433826254,0.036779825197299776,0.031634762496055555,-0.0012467097801704486,0.009754887521283624,,0.9925326961677924,0.9461799786090953,0.09287182271707439,0.1550905258153351,0.03575657830564281,0.02,,,127.55999755859375,-0.1112709079960974,-0.1193602565081201,-0.2680323775830967,0.04823730428624984,0.1116393601862638,1.234,36938223616,0.0,False,29.189932,14.032448,4.4025674,21.648,0.15798001,0.029760001,0.03608,0.155,-0.042,117.789,1.141,1637624960.0
CVX,Chevron Corporation,Energy,Oil & Gas Integrated,50,5.742366502463055,Neutral,89.7,4.880952380952381,3.714285714285714,8.333333333333332,7.142857142857143,7.095238095238095,4.823809523809524,9.047619047619047,0.022178670433826254,0.036779825197299776,0.031634762496055555,-0.0012467097801704486,0.009754887521283624,,0.9925326961677924,0.9461799786090953,0.09287182271707439,0.1550905258153351,0.13537202723551095,0.3761673237418545,,,205.14999389648438,0.009928430687275114,0.0957435470583512,-0.05799433420661049,0.400436848225028,0.8228362168113953,0.523,402422923264,3.43,False,19.744946,13.997154,2.119318,8.713,0.12231,0.09834,0.21866,0.535,3.219,18.959,1.252,21934000128.0
SCHW,Charles Schwab Corporation (The,Financial Services,Capital Markets,289,4.655745145888594,Débil,89.7,3.5769230769230775,8.36923076923077,7.538461538461538,1.5384615384615385,3.3692307692307697,4.706153846153847,3.384615384615385,0.022178670433826254,0.036779825197299776,0.031634762496055555,-0.0012467097801704486,0.009754887521283624,,0.9925326961677924,0.9461799786090953,0.09287182271707439,0.1550905258153351,0.04922598083381112,,,,95.58000183105469,-0.09911776286519114,-0.02812912489877939,-0.16545881575958543,0.1383992595409087,0.3801112800475856,0.782,165289902080,1.32,False,17.409838,12.1051235,3.7595878,11.307500000000001,0.20273,0.38793,0.52277,0.209,0.426,151.106,0.655,
CHTR,"Charter Communications, Inc.",Communication Services,Telecom Services,397,4.16895106732348,Débil,89.7,9.285714285714286,5.904761904761905,3.928571428571429,0.4761904761904763,0.7142857142857142,4.823809523809524,1.4285714285714284,0.016471287956867288,0.05091917701449848,0.36932751540041064,-0.061522486012124775,-0.4830644665027026,,0.3470229363293961,0.7821098565563036,0.06720437263488721,0.22229825094314082,-0.004392726908514793,-0.014334416280365853,,,106.95999908447266,-0.23319129580009734,-0.38482297363859064,-0.615390150721062,0.01954054984722764,0.011836705840248625,0.693,13900264448,0.0,False,2.7846916,2.2738094,0.75259286,5.231,0.27201998,0.09052,0.23503,-0.017,0.161,441.578,0.361,2198374912.0
CMG,"Chipotle Mexican Grill, Inc.",Consumer Cyclical,Restaurants,438,3.8573284012539184,Débil,89.7,1.6818181818181819,7.127272727272727,5.272727272727273,1.8181818181818181,3.454545454545455,4.744545454545455,1.6363636363636362,0.015090217807252039,0.022227884715523484,0.0210604997646084,0.01025979865807988,0.13397955798126945,,0.9828001462032281,0.9498877169910089,0.06231445736512886,0.09323714081180756,0.023492731455095842,-0.012576794546837173,,,30.770000457763672,-0.1112022467557966,-0.11627057405753949,-0.2814105451246224,0.0973609293068356,0.18470909727765036,0.958,38936911872,0.0,False,28.229357,22.48135,17.73487,19.271,0.49560001,0.114250004,0.16108,0.093,-0.013,246.35,0.715,1116464384.0
CB,Chubb Limited,Financial Services,Insurance - Property & Casualty,290,4.655148859416447,Débil,89.7,6.307692307692308,3.9846153846153847,2.076923076923077,4.153846153846154,8.123076923076924,4.706153846153847,2.3846153846153846,0.022178670433826254,0.036779825197299776,0.031634762496055555,-0.0012467097801704486,0.009754887521283624,,0.9925326961677924,0.9461799786090953,0.09287182271707439,0.1550905258153351,0.01700335696317334,0.035751233231284346,,,334.70001220703125,-0.020540232743771147,0.013801918218056874,-0.08529416466608941,0.2615906981041509,0.6897923885004595,0.365,129127219200,1.22,False,11.856182,11.45326,1.7124585,10.177,0.14822,0.18070999,0.23527001,0.061,-0.007,30.941,0.41,10488000512.0
CI,The Cigna Group,Healthcare,Healthcare Plans,242,4.843263641863278,Débil,89.7,9.035087719298247,3.87719298245614,4.254385964912281,2.280701754385965,3.8421052631578947,4.714035087719299,7.982456140350878,0.019451694792271483,0.025099829187149703,0.009330299824089037,0.0045345467666636635,0.009754887521283624,,0.9952439880283319,0.9466072456018746,0.08098825420660127,0.10571293560709794,0.016157364504431355,-0.04757279118078288,,,278.510009765625,0.0008711390245397244,-0.005079059379373918,-0.10785441166754761,0.16283249035791836,0.5366727640790561,0.298,73593618432,2.27,False,11.513435,8.314757,1.7232077,7.635,0.16758,0.022720002,0.03985,0.067,0.102,74.29,0.846,7980125184.0
CINF,Cincinnati Financial Corporatio,Financial Services,Insurance - Property & Casualty,23,6.050459204244031,Neutral,89.7,6.846153846153845,6.43076923076923,9.076923076923077,8.115384615384615,3.7230769230769227,4.706153846153847,6.76923076923077,0.022178670433826254,0.036779825197299776,0.031634762496055555,-0.0012467097801704486,0.009754887521283624,,0.9925326961677924,0.9461799786090953,0.09287182271707439,0.1550905258153351,0.07936261386138614,0.19599775438596492,,,161.61000061035156,-0.051643497468164656,-0.03472591221057941,-0.17042245977952075,0.07740000406901038,0.2590939658636814,0.528,24803588096,2.31,False,7.6303115,17.838476,1.4870671,5.501,0.21484,0.23843001,0.37202,0.316,0.855,5.255,1.151,2984875008.0
CTAS,Cintas Corporation,Industrials,Specialty Business Services,111,5.2595994171928115,Neutral,89.7,1.232394366197183,8.140845070422536,5.598591549295774,6.76056338028169,7.535211267605632,4.701408450704226,4.366197183098591,0.023635256915546975,0.0330976113241097,0.01847233377013146,-0.03721656941523653,0.038569854654809686,,0.9960326938211398,0.6417291364676536,0.09908415048074426,0.14380291099849551,0.02626413506796768,-0.0094659337214762,,,197.19000244140625,-0.019799841920264516,0.04795521688886839,-0.10028743696032183,0.2235666569955712,0.6210998524634763,0.917,78780760064,1.06,False,38.89349,32.006374,15.137023,26.01,0.41375,0.17824,0.24098,0.109,0.133,52.096,1.454,1623005312.0
C,"Citigroup, Inc.",Financial Services,Banks - Diversified,99,5.331635862068965,Neutral,89.7,6.346153846153847,3.5384615384615388,7.76923076923077,4.884615384615385,6.553846153846154,4.706153846153847,5.923076923076923,0.022178670433826254,0.036779825197299776,0.031634762496055555,-0.0012467097801704486,0.009754887521283624,,0.9925326961677924,0.9461799786090953,0.09287182271707439,0.1550905258153351,0.03782351709755112,,,,127.31999969482422,-0.048197168701862525,0.01013666989566775,-0.1394971634575276,0.35938500635088855,0.6198894971422507,1.111,213571256320,2.09,False,13.749459,9.828564,1.1096585,11.307500000000001,0.08529,0.21832001,0.36229,0.155,0.61,47.594,1.0255,
CSCO,"Cisco Systems, Inc.",Technology,Communication Equipment,277,4.694474339453651,Débil,89.7,3.896103896103896,5.181818181818182,5.8441558441558445,3.246753246753247,6.753246753246754,3.7506493506493515,7.597402597402597,0.03498431419292157,0.0674946675259955,0.0547580711232026,-0.0357598174904943,0.06878523334493804,,0.9858267907676378,0.9461341871609297,0.14987804346150302,0.30720510309832627,0.04245549360691966,0.09719609425070688,,,117.38999938964844,0.04684634651290609,0.19657509188775735,-0.09956278753050218,0.7570722854310497,0.7957835020397802,0.979,462820278272,1.42,False,35.252254,20.886675,9.212116,25.762,0.27319,0.20951,0.27719,0.176,0.521,62.017,0.931,11182624768.0
CME,CME Group Inc.,Financial Services,Financial Data & Stock Exchanges,327,4.5266491246684355,Débil,89.7,1.423076923076923,7.830769230769231,1.6153846153846154,6.384615384615385,5.692307692307692,4.706153846153847,5.076923076923077,0.022178670433826254,0.036779825197299776,0.031634762496055555,-0.0012467097801704486,0.009754887521283624,,0.9925326961677924,0.9461799786090953,0.09287182271707439,0.1550905258153351,0.002253950962615558,-0.004653136976045346,,,270.2699890136719,-0.003074144353512942,-0.02916196485214917,-0.17890998598349783,0.2380101187012591,0.4687414435153077,0.27,97183481856,1.92,False,22.923664,20.860266,3.661401,20.696,0.15802,0.63443,0.65036005,0.008,0.025,14.587,1.018,2909012480.0
CFG,"Citizens Financial Group, Inc.",Financial Services,Banks - Regional,173,5.068673527851458,Neutral,89.7,6.538461538461539,3.923076923076923,6.6923076923076925,4.884615384615385,3.9230769230769234,4.706153846153847,8.153846153846153,0.022178670433826254,0.036779825197299776,0.031634762496055555,-0.0012467097801704486,0.009754887521283624,,0.9925326961677924,0.9461799786090953,0.09287182271707439,0.1550905258153351,0.035003137258008576,,,,63.06999969482422,-0.09283125690661909,-0.032742892495602804,-0.1627505682354411,0.3151913188369142,0.5521461075734875,1.062,26563620864,2.87,False,13.74074,9.647064,1.1074432,11.307500000000001,0.08270001,0.26051,0.35132998,0.147,0.413,47.594,1.0255,
CHD,"Church & Dwight Company, Inc.",Consumer Defensive,Household & Personal Products,155,5.118574187192118,Neutral,89.7,2.357142857142857,6.428571428571429,4.857142857142858,7.428571428571429,7.942857142857143,5.0200000000000005,1.4285714285714284,0.010587669265972103,0.03240886543954835,0.03841852500854691,-0.006732534589445632,-0.1069229189439744,,0.9824247237971335,0.8758219755770231,0.043225815284394065,0.13804200371797326,0.003819249001767503,-0.023919308357348703,,,96.75,-0.016372442568350687,0.006704076865368114,-0.08760844964164471,0.18959793434157146,0.6240388506677457,0.482,22949478400,1.27,False,31.009617,23.972883,5.2767935,18.507,0.17041,0.119569995,0.18065001,0.016,0.09,55.851,1.147,939262528.0
CLX,Clorox Company (The),Consumer Defensive,Household & Personal Products,433,3.9167800985221675,Débil,89.7,4.178571428571429,7.2,1.9999999999999998,0.7857142857142854,0.9571428571428573,5.0200000000000005,9.142857142857142,0.010587669265972103,0.03240886543954835,0.03841852500854691,-0.006732534589445632,-0.1069229189439744,,0.9824247237971335,0.8758219755770231,0.043225815284394065,0.13804200371797326,-0.005917159763313609,-0.05468342857142857,,,82.20999908447266,-0.1353469751923918,-0.18765786290604602,-0.36221878134621677,0.03905458903529646,0.062073103344167366,0.574,9941738496,5.99,False,17.091476,13.239455,110.49731,13.787,1.6376,0.087349996,0.12885,-0.02,-0.501,2221.429,0.658,110375000.0
KO,Coca-Cola Company (The),Consumer Defensive,Beverages - Non-Alcoholic,46,5.781900295566503,Neutral,89.7,1.8571428571428577,9.100000000000001,7.2857142857142865,6.571428571428572,8.514285714285714,5.0200000000000005,2.571428571428571,0.010587669265972103,0.03240886543954835,0.03841852500854691,-0.006732534589445632,-0.1069229189439744,,0.9824247237971335,0.8758219755770231,0.043225815284394065,0.13804200371797326,0.01714545445327785,0.026079659089711906,,,85.81999969482422,-0.02549696367899057,0.07047590393687675,-0.072115907721654,0.3003030256791548,0.7482068589967619,0.318,369244766208,2.46,False,25.771772,24.345133,10.21545,23.58,0.42054,0.28558,0.34873,0.067,0.169,115.519,1.305,5218749952.0
CMCSA,Comcast Corporation,Communication Services,Telecom Services,367,4.320294252873563,Débil,89.7,9.107142857142858,3.8095238095238093,1.7857142857142856,2.6190476190476186,0.857142857142857,4.823809523809524,9.761904761904761,0.016471287956867288,0.05091917701449848,0.36932751540041064,-0.061522486012124775,-0.4830644665027026,,0.3470229363293961,0.7821098565563036,0.06720437263488721,0.22229825094314082,-0.0029774525631771124,-0.036723943350785604,,,20.940000534057617,-0.15059666996350818,-0.21399179645970445,-0.3627510488722575,0.002873588795862858,0.00500839182450903,0.669,74308452352,6.12,False,6.754839,5.8421288,0.8273083,4.679,0.114879996,0.08966,0.17233999,-0.012,-0.668,100.474,0.796,12697624576.0
CL,Colgate-Palmolive Company,Consumer Defensive,Household & Personal Products,301,4.605853004926108,Débil,89.7,1.5357142857142856,8.228571428571428,4.857142857142857,2.785714285714285,6.6571428571428575,5.0200000000000005,2.2857142857142856,0.010587669265972103,0.03240886543954835,0.03841852500854691,-0.006732534589445632,-0.1069229189439744,,0.9824247237971335,0.8758219755770231,0.043225815284394065,0.13804200371797326,0.012118211008302402,0.012599091405474872,,,87.20999908447266,-0.02504629286763782,-0.015095443085959115,-0.12201752658338205,0.16981890120016985,0.5108958468310193,0.322,69521440768,2.43,False,34.334644,21.281008,294.62836,15.31,2.67367,0.096829996,0.20966,0.049,-0.055,1388.163,1.026,3458374912.0
CMS,CMS Energy Corporation,Utilities,Utilities - Regulated Electric,444,3.778965517241379,Débil,89.7,4.827586206896552,2.6206896551724137,1.7241379310344829,5.172413793103448,2.586206896551724,4.775862068965519,6.206896551724138,0.022178670433826254,0.036779825197299776,0.031634762496055555,-0.0012467097801704486,0.009754887521283624,,0.9925326961677924,0.9461799786090953,0.09287182271707439,0.1550905258153351,-0.0010201696204653293,0.02034124934383202,,,65.06999969482422,-0.043468039237005596,-0.10586813107854787,-0.1902687942406145,0.04462995175508455,0.15384613695762145,0.314,20404465664,3.5,False,19.54054,15.658766,2.1367354,13.358,0.09158,0.11642,0.17167999,-0.005,-0.439,185.604,0.936,-2198874880.0
COP,ConocoPhillips,Energy,Oil & Gas E&P,78,5.510737602627257,Neutral,89.7,5.357142857142858,5.428571428571428,5.714285714285714,6.428571428571429,6.761904761904762,4.823809523809524,6.666666666666666,0.022178670433826254,0.036779825197299776,0.031634762496055555,-0.0012467097801704486,0.009754887521283624,,0.9925326961677924,0.9461799786090953,0.09287182271707439,0.1550905258153351,0.07807605958425234,0.1279822405490854,,,129.83999633789062,0.010898428512962521,0.11076413232577487,-0.08318036761834047,0.5173541701284403,0.7898304431381021,0.244,155981660160,2.6,False,17.19735,13.423748,2.3868964,6.385,0.1418,0.144,0.3151,0.355,1.07,35.639,1.542,7691375104.0
CTSH,Cognizant Technology Solutions ,Technology,Information Technology Services,235,4.863653201970443,Débil,89.7,9.253246753246753,2.675324675324675,1.396103896103896,7.922077922077922,2.5194805194805197,4.5603896103896115,9.09090909090909,0.05683803857620076,0.10773810007810213,0.046320951095048836,-0.0012334314856649216,0.04041929196366032,,0.9966000446135956,0.9580285284744481,0.2547803986419861,0.4571519792485952,0.011025006534541991,0.03675142782007418,,,57.06999969482422,-0.038211992860755384,-0.06001678867631988,-0.34424911300902883,0.5391046303890028,0.40020019409057495,0.851,25706852352,2.31,False,12.273118,9.003054,1.7836604,6.645,0.14924,0.10258,0.17479,0.045,0.038,14.479,2.182,2215500032.0
CEG,Constellation Energy Corporatio,Utilities,Utilities - Independent Power Producers,278,4.694470868014268,Débil,89.7,0.431034482758621,4.258620689655173,5.603448275862069,9.655172413793103,7.758620689655172,4.775862068965519,0.5172413793103449,0.09929042837534123,0.17642197111091193,-0.07258866235183392,0.4024583951101295,-0.9425619938326776,,0.9199596281775523,0.8187311930058682,0.49986475785448636,1.1167355971639337,0.04697495031369707,0.02978505395014071,,,299.5899963378906,0.10164482365148109,0.04350835439887124,-0.2740731855151669,0.3103704515500618,0.3855054943113524,1.129,106146947072,0.57,False,29.285437,22.491472,3.3288147,16.446,0.15055001,0.110810004,0.086619996,0.23,-0.468,76.419,1.455,-6625124864.0
STZ,"Constellation Brands, Inc.",Consumer Defensive,Beverages - Brewers,105,5.290662463054186,Neutral,89.7,7.964285714285715,8.028571428571428,7.0,4.571428571428571,2.742857142857143,3.274285714285715,5.7142857142857135,0.003815057930783485,0.009476314439001633,0.09118541033434652,-0.04150584716806195,-0.2552917553789306,,0.20978887084364356,0.6723067109315819,0.015311383585681515,0.0387849858156033,0.016783097708683224,-0.0019677434672331785,,,118.38999938964844,-0.0634754688187843,-0.17199483998953413,-0.2978054603223699,0.07043399086481417,0.1343103343042835,,20218458112,3.56,False,10.598926,9.6516075,2.4589279,8.764,0.24014999,0.20895,0.32465,0.061,0.253,116.176,0.999,1130475008.0
CAG,"ConAgra Brands, Inc.",Consumer Defensive,Packaged Foods,464,3.4268157635467977,Débil,89.7,7.714285714285714,1.6714285714285713,3.6428571428571423,5.0,2.057142857142857,0.9928571428571431,7.857142857142857,0.0028302339034225097,-0.006423145027062818,0.0,0.028690686208770404,-0.15519220590548893,,0.39266671494634076,0.5424001874015182,0.011408606488561235,-0.025280666870785562,-0.003253098703589337,0.0038214875197175617,,,13.25,-0.1224700646391862,-0.14815100550326588,-0.3479330708661418,0.05746209098164412,0.092426187419769,0.0,6325702656,5.2,False,26.278688,8.691431,0.9876267,7.97,-0.24886999,-0.16952999,0.11590999,-0.014,0.059,121.159,1.096,466375008.0
COO,"The Cooper Companies, Inc.",Healthcare,Medical Instruments & Supplies,352,4.399239443436176,Débil,89.7,7.4561403508771935,4.666666666666666,5.263157894736842,5.482456140350878,0.45614035087719296,4.714035087719299,1.9298245614035086,0.010115141067870741,-0.08605500951413034,0.0014505476297151762,0.0045345467666636635,0.009754887521283624,,0.8017307332041353,0.557338226314909,0.0414144151256115,-0.2813450686570115,0.0013944769347089285,0.05132547506194608,,,54.75,-0.17567526875244666,-0.23024470485683945,-0.3905154180118,0.07331895706724167,0.0963420917053066,0.825,10411002880,0.0,False,18.814432,11.66733,1.2497146,14.353,0.06838,0.1346,0.20822,0.006,3.571,33.634,1.222,542649984.0
ED,"Consolidated Edison, Inc.",Utilities,Utilities - Regulated Electric,21,6.084435196195006,Neutral,89.7,7.586206896551724,2.241379310344828,8.103448275862068,8.96551724137931,8.586206896551724,4.775862068965519,5.172413793103448,0.022178670433826254,0.036779825197299776,0.031634762496055555,-0.0012467097801704486,0.009754887521283624,,0.9925326961677924,0.9461799786090953,0.09287182271707439,0.1550905258153351,0.02753408911648938,0.024098377520740594,,,104.63999938964844,-0.019705205289990313,-0.030618347755957065,-0.09971608543707788,0.10193765153378731,0.455101052639795,0.25,38698868736,3.34,False,16.95948,16.098734,1.5053732,10.666,0.08962,0.12533,0.16540001,0.132,0.221,110.113,1.268,-844875008.0
CPRT,"Copart, Inc.",Industrials,Specialty Business Services,240,4.843899562894608,Débil,89.7,7.640845070422534,7.077464788732395,1.232394366197183,9.71830985915493,1.1690140845070423,4.701408450704226,0.6338028169014085,0.005678587970145469,-0.016064902312837134,-0.0380484571197403,-0.0419765938210281,-0.07717068044928652,,0.9995239832329799,0.5526366966844796,0.022972874468244253,-0.06275076522650413,0.005894073774925673,-0.04042528502029925,,,26.6200008392334,-0.125101857622545,-0.2024447721714535,-0.41991717500036174,0.00863901330832828,0.011693550068386448,1.058,24658917376,0.0,False,17.174194,15.206041,2.7105184,10.963,0.1616,0.31809,0.32011002,0.024,-0.15,0.97,7.912,885121728.0
CPAY,"Corpay, Inc.",Technology,Software - Infrastructure,308,4.5889200179131215,Débil,89.7,6.428571428571429,6.662337662337663,3.4415584415584415,1.331168831168831,6.285714285714286,4.433116883116884,2.077922077922078,0.05725986152961707,0.1120369028548086,0.028563519379000844,6.216447174862654e-05,0.03581797408915421,,0.9966000446135956,0.9539245246136695,0.25752066717092936,0.520758749309372,0.049496805647823994,0.004445115782374101,,,402.42999267578125,-0.0010450695771357932,0.15750815660511042,-0.05855520358447275,0.5916389522060641,0.8566601344392467,0.894,26423392256,0.0,False,24.463829,12.772559,7.459729,12.375,0.29215,0.22723,0.4692,0.215,-0.07,275.291,0.972,1946175872.0
COST,Costco Wholesale Corporation,Consumer Defensive,Discount Stores,139,5.161430147783252,Neutral,89.7,0.4999999999999999,4.514285714285714,7.571428571428571,7.642857142857142,6.828571428571428,7.047142857142857,0.8571428571428572,0.02869004410661514,0.03240886543954835,0.03841852500854691,-0.0916555570152324,-0.0352478494106044,,0.9941444614375377,0.9769834393120982,0.12147620329286046,0.13804200371797326,0.03258663033156524,0.04126177887733809,,,942.25,0.01036821688801659,-0.020632734760206106,-0.14067487460100314,0.1163305926118996,0.3889637141498971,0.87,417667383296,0.63,False,45.387764,37.688885,11.665696,27.998,0.28402,0.03043,0.03971,0.111,0.15,23.953,1.06,7147500032.0
CTVA,"Corteva, Inc.",Basic Materials,Agricultural Inputs,291,4.654502359346642,Débil,89.7,7.2368421052631575,3.2105263157894735,5.526315789473684,5.0,0.631578947368421,5.050000000000001,9.473684210526315,0.022178670433826254,0.036779825197299776,0.031634762496055555,-0.0012467097801704486,0.009754887521283624,,0.9925326961677924,0.9461799786090953,0.09287182271707439,0.1550905258153351,-0.004304246099795727,0.0260806572492543,,,14.449999809265137,-0.8094889054080743,-0.8138407196793533,-0.841156427291798,0.23083473673467947,0.03420421316755189,,9640982528,5.18,False,8.919753,12.6404,0.38309604,12.590499999999999,0.11064000000000002,0.0,0.0,0.095,0.21200000000000002,56.582499999999996,1.7530000000000001,
CRWD,"CrowdStrike Holdings, Inc.",Technology,Software - Infrastructure,362,4.34844039408867,Débil,89.7,0.19480519480519431,0.3246753246753247,6.071428571428571,6.818181818181818,8.928571428571429,6.17987012987013,2.077922077922078,0.05725986152961707,1.0819543891300671,-0.8945155611930125,6.216447174862654e-05,0.10606530472650776,,0.999619082650299,0.9539245246136695,0.25752066717092936,0.520758749309372,0.059272379447272754,0.801463274836056,,,265.44000244140625,0.18733120851299212,0.7114006428029926,-0.07508971587370206,2.098039244180745,0.8929511819651594,1.197,271793274880,0.0,False,5308.8,165.28947,53.26912,2633.127,0.01461,0.00834,-0.02259,0.258,0.378,15.958,1.57,1995385472.0
CCI,Crown Castle Inc.,Real Estate,REIT - Specialty,293,4.641861609195402,Débil,89.7,6.625000000000001,6.466666666666667,0.75,3.666666666666667,3.433333333333333,4.771666666666668,9.0,0.022178670433826254,0.036779825197299776,0.031634762496055555,-0.0012467097801704486,0.009754887521283624,,0.9925326961677924,0.9461799786090953,0.09287182271707439,0.1550905258153351,-0.01234274882267646,-0.014652015338995591,,,69.01000213623047,-0.06282504887228746,-0.16644670729270972,-0.31333331207730875,0.05649115334094423,0.10488920228057064,0.961,30157371392,6.22,False,28.052847,23.797045,-8.990359,19.112,0.078545,0.20716,0.46825,-0.049,-0.675,115.0805,0.522,1036249984.0
CSX,CSX Corporation,Industrials,Railroads,136,5.180444487615347,Neutral,89.7,4.647887323943662,8.077464788732394,5.985915492957746,1.549295774647887,7.014084507042253,4.701408450704226,4.929577464788732,0.02303777425026206,0.02626515950987282,0.01847233377013146,-0.0419765938210281,0.038569854654809686,,0.9960326938211398,0.6417291364676536,0.09644280938255756,0.11091857729405286,0.025510559986384296,0.03139622671839374,,,46.810001373291016,-0.049288309287138565,0.05411193432779293,-0.12667907885651097,0.39191202418349724,0.6599900537451684,1.203,86714351616,1.18,False,27.215117,20.566332,6.15759,15.525,0.24357,0.22208999,0.38424,0.101,0.227,138.068,0.82,1953250048.0
CMI,Cummins Inc.,Industrials,Specialty Industrial Machinery,316,4.554574647887324,Débil,89.7,5.528169014084507,4.014084507042254,3.873239436619718,6.619718309859156,2.7183098591549295,4.701408450704226,6.76056338028169,0.02303777425026206,0.02626515950987282,0.01847233377013146,-0.0419765938210281,0.038569854654809686,,0.9960326938211398,0.6417291364676536,0.09644280938255756,0.11091857729405286,0.024016053361353804,0.0031974418827847477,,,517.3200073242188,-0.1009062762340488,-0.142907459382014,-0.2987963466110676,0.29097626104067364,0.34595302434197345,1.238,71216586752,1.64,False,26.43434,14.8604355,5.543447,15.76,0.21114,0.07822,0.11896,0.094,0.047,59.586,1.727,2229374976.0
GLW,Corning Incorporated,Technology,Electronic Components,443,3.7925058665472458,Débil,89.7,1.8831168831168832,2.7012987012987013,4.35064935064935,5.0,4.324675324675325,4.5603896103896115,5.974025974025974,0.05683803857620076,0.10773810007810213,0.046320951095048836,-0.0012334314856649216,0.04041929196366032,,0.9966000446135956,0.9580285284744481,0.2547803986419861,0.4571519792485952,0.03939705155015752,0.04402354675774072,,,163.25,0.06204558110970604,0.07905169037661053,-0.3993303407167561,1.1094456648145754,0.4416893873141623,1.123,140621643776,0.66,False,74.88532,37.37109,11.77595,37.452,0.16813,0.111999996,0.15649,0.166,0.185,71.448,1.813,734499968.0
CSGP,"CoStar Group, Inc.",Real Estate,Real Estate Services,369,4.319196091954023,Débil,89.7,4.166666666666667,0.6499999999999999,9.25,9.25,2.0833333333333335,4.771666666666668,0.5,0.022178670433826254,0.036779825197299776,0.031634762496055555,-0.0012467097801704486,0.009754887521283624,,0.9925326961677924,0.9461799786090953,0.09287182271707439,0.1550905258153351,0.04220398593200469,0.5147058823529411,,,27.600000381469727,-0.08760329317455451,-0.30481827971568765,-0.6573556749662355,0.06604868217341542,0.03128430994273191,0.796,11183454208,0.0,False,153.33333,15.530396,1.4085226,28.167,0.00894,0.02081,0.082159996,0.184,12.61,14.537,2.214,412700000.0
CVS,CVS Health Corporation,Healthcare,Healthcare Plans,311,4.579093042952207,Débil,89.7,8.070175438596491,1.9473684210526314,7.280701754385965,1.7543859649122804,2.421052631578947,4.714035087719299,9.473684210526315,0.019451694792271483,0.025099829187149703,0.009330299824089037,0.0045345467666636635,0.009754887521283624,,0.9952439880283319,0.9466072456018746,0.08098825420660127,0.10571293560709794,0.017324180135540077,0.08227353783169127,,,87.94999694824219,-0.06510964687566767,0.0020353674432738167,-0.20536685084710715,0.2652855265176548,0.4478988814243911,0.596,112485441536,3.08,False,23.144737,10.304809,1.410246,10.377,0.06205,0.011849999,0.03861,0.071,1.888,95.503,0.866,8076000256.0
DHR,Danaher Corporation,Healthcare,Diagnostics & Research,185,5.018697398669087,Neutral,89.7,3.0263157894736845,5.140350877192983,6.140350877192982,6.578947368421053,6.12280701754386,4.714035087719299,5.964912280701754,0.019451694792271483,0.025099829187149703,0.009330299824089037,0.0045345467666636635,0.009754887521283624,,0.9952439880283319,0.9466072456018746,0.08098825420660127,0.10571293560709794,0.013277863705759155,0.05179581659547167,,,218.49000549316406,0.04157234321671366,0.08404730578684005,-0.10012353586011513,0.3576710712307467,0.7030659031777703,0.797,153595428864,0.74,False,38.946526,23.496151,2.9207551,21.81,0.07605,0.15948,0.19777,0.055,0.597,52.97,1.651,4325125120.0
DECK,Deckers Outdoor Corporation,Consumer Cyclical,Footwear & Accessories,218,4.911069592476489,Débil,89.7,7.818181818181818,7.345454545454546,4.318181818181818,9.363636363636363,2.9454545454545453,2.0409090909090915,1.6363636363636362,0.013977547758845483,-0.011830348118670196,-0.39965192431415897,0.16311863190824852,0.13397955798126945,,0.9746796044278803,0.9680203900928094,0.057583579163037024,-0.04616532342163704,0.010049327858572888,-0.008126157561409064,,,80.37999725341797,-0.07770758747414908,-0.20460693447191936,-0.34270997421360727,0.041191674267072154,0.07052555452246542,1.121,10946296832,0.0,False,11.369164,9.654536,4.7748604,7.543,0.42558,0.18361,0.15233,0.057,0.011,20.521,2.747,871420352.0
DVA,DaVita Inc.,Healthcare,Medical Care Facilities,228,4.887462068965517,Débil,89.7,8.771929824561404,6.263157894736842,5.789473684210526,2.6315789473684217,2.7192982456140347,4.714035087719299,1.9298245614035086,0.019451694792271483,0.025099829187149703,0.009330299824089037,0.0045345467666636635,0.009754887521283624,,0.9952439880283319,0.9466072456018746,0.08098825420660127,0.10571293560709794,0.01261706536416569,0.01197518833376126,,,176.77999877929688,-0.05572595659001123,0.035682045839956045,-0.2857085184076251,0.7502970176168007,0.5173049271574638,0.795,11278564352,0.0,False,14.930743,10.311732,-14.777229,9.225,0.88475,0.060489997,0.16061,0.052,0.558,1241.986,1.467,1042451584.0
DRI,"Darden Restaurants, Inc.",Consumer Cyclical,Restaurants,292,4.644692163009405,Débil,89.7,3.1818181818181817,5.963636363636363,3.2727272727272725,1.0909090909090913,7.236363636363636,5.4727272727272736,8.0,0.023243916497481382,0.03253405147600225,-0.13316289725875902,0.0272916313260206,0.2161585635922901,,0.7499999999999999,0.7500000000000001,0.09666877422940345,0.13744502519751922,0.047219544426766,0.06651067748875308,,,201.49000549316406,-0.048911478328436564,-0.013214977773393755,-0.12304141063212015,0.1922485532139886,0.5347268843509557,0.618,22797228032,3.19,False,19.28134,16.249365,11.03692,14.635,0.55431,0.08845,0.09854999,0.051,-0.067,415.302,0.298,794787520.0
DE,Deere & Company,Industrials,Farm & Heavy Construction Machinery,346,4.422194851869839,Débil,89.7,2.042253521126761,4.267605633802817,3.3098591549295775,4.788732394366197,8.816901408450704,4.701408450704226,3.6619718309859155,0.02303777425026206,0.02626515950987282,0.01847233377013146,-0.0419765938210281,0.038569854654809686,,0.9960326938211398,0.6417291364676536,0.09644280938255756,0.11091857729405286,0.025593271800280062,0.0013973283235076792,,,656.8699951171875,0.008617161120765493,0.11358264175633592,-0.08922382197223111,0.5170207739426964,0.7767330342002202,0.872,177108844544,0.95,False,36.51306,28.923664,6.327557,28.115,0.18242,0.10168,0.13372,0.049,0.074,230.298,2.132,4516250112.0
DAL,"Delta Air Lines, Inc.",Industrials,Airlines,178,5.044243419135502,Neutral,89.7,8.785211267605634,3.309859154929577,4.295774647887324,2.3591549295774645,7.816901408450703,4.701408450704226,4.154929577464789,0.02303777425026206,0.02626515950987282,0.01847233377013146,-0.0419765938210281,0.038569854654809686,,0.9960326938211398,0.6417291364676536,0.09644280938255756,0.11091857729405286,0.04770013042496266,-0.03446948601851484,,,82.97000122070312,-0.012078419078982106,0.0927407380866716,-0.13283861600435698,0.5077230823315124,0.6873309033383301,1.336,54562983936,1.03,False,13.759536,10.517523,2.4876323,9.476,0.20125,0.05784,0.07921,0.187,-0.254,96.649,0.424,2817374976.0
DVN,Devon Energy Corporation,Energy,Oil & Gas E&P,39,5.831880459770114,Neutral,89.7,7.976190476190477,5.238095238095238,7.5,4.523809523809525,6.0476190476190474,4.823809523809524,7.619047619047619,0.022178670433826254,0.036779825197299776,0.031634762496055555,-0.0012467097801704486,0.009754887521283624,,0.9925326961677924,0.9461799786090953,0.09287182271707439,0.1550905258153351,0.1735924079516609,0.328920018164499,,,47.880001068115234,0.016949175228648583,0.07073135485340587,-0.09163344587146205,0.5214490329874559,0.7725989203444084,0.536,52668002304,2.67,False,10.431373,8.815894,1.3188267,7.145,0.11522,0.17464,0.41077,0.642,0.44,28.488,0.717,782625024.0
FANG,"Diamondback Energy, Inc.",Energy,Oil & Gas E&P,313,4.573148111658456,Débil,89.7,5.773809523809524,3.8571428571428568,7.142857142857142,3.4523809523809526,2.904761904761904,4.823809523809524,5.7142857142857135,0.022178670433826254,0.036779825197299776,0.031634762496055555,-0.0012467097801704486,0.009754887521283624,,0.9925326961677924,0.9461799786090953,0.09287182271707439,0.1550905258153351,0.13064530555943693,0.15883340481860148,,,184.3800048828125,-0.06411979711524507,-0.003129858131657892,-0.14993082119496315,0.34554480685114575,0.5928384234733003,0.537,51630047232,2.38,False,35.120003,9.837336,1.3649387,5.945,0.034930002,0.09029,0.48466998,0.525,1.795,28.678,0.467,5035500032.0
DLTR,"Dollar Tree, Inc.",Consumer Defensive,Discount Stores,65,5.594087093596059,Neutral,89.7,5.285714285714286,5.914285714285714,8.571428571428571,4.285714285714286,5.657142857142857,6.7528571428571444,0.4285714285714286,0.016636447217692793,0.11092221797716317,0.00961507881922464,0.041344624583799436,-0.005120576554084547,,0.9998192398501806,0.8715279881152621,0.06882565494504611,0.5445692710711902,0.016244804656537718,0.1942377276080353,,,116.30000305175781,-0.06003033239397404,-0.0071208721306792455,-0.1832864954230491,0.3561101102117281,0.5391949691341421,0.716,21821405184,0.0,False,14.165652,14.702964,6.372254,11.348,0.46032003,0.08035,0.062090002,0.07,1.972,223.945,1.134,1049587520.0
DXCM,"DexCom, Inc.",Healthcare,Medical Devices,124,5.227789957652753,Neutral,89.7,1.8859649122807016,8.052631578947368,7.894736842105264,6.666666666666666,5.789473684210526,4.714035087719299,1.9298245614035086,0.019451694792271483,0.025099829187149703,0.009330299824089037,0.0045345467666636635,0.009754887521283624,,0.9952439880283319,0.9466072456018746,0.08098825420660127,0.10571293560709794,0.03140374333113602,0.08496473982908638,,,84.30000305175781,-0.029734068282804116,0.15099941769750713,-0.08953447400628789,0.557937591050782,0.784563488871045,1.477,31811514368,0.0,False,33.45238,27.046452,12.136481,22.035,0.38491002,0.20118,0.24327,0.131,0.436,53.346,1.733,1021162496.0
DELL,Dell Technologies Inc.,Technology,Computer Hardware,22,6.078886968204209,Neutral,89.7,5.568181818181818,4.337662337662338,9.285714285714285,3.2142857142857144,9.253246753246753,6.557142857142858,5.324675324675324,0.14166860011014926,0.21147204098789468,0.09389336323784284,0.033804301986256835,-1.3968371753788507,,0.9974945859714567,0.9886669213127388,0.7733886426784273,1.3336378191861629,0.12831904013689974,0.2574178940529648,,,578.9600219726562,0.1715242521712257,0.9462797167602937,-0.027791268034699224,4.252767392239669,0.9658967256128423,1.442,368110141440,0.44,False,33.660465,19.88383,-259.62332,21.927,0.811645,0.07525,0.12020001,0.577,2.729,63.951,0.962,6033375232.0
DLR,"Digital Realty Trust, Inc.",Real Estate,REIT - Specialty,300,4.606332873563218,Débil,89.7,1.5833333333333335,2.833333333333333,5.583333333333333,7.0,8.8,4.771666666666668,2.6666666666666665,0.022178670433826254,0.036779825197299776,0.031634762496055555,-0.0012467097801704486,0.009754887521283624,,0.9925326961677924,0.9461799786090953,0.09287182271707439,0.1550905258153351,0.06732335262576401,0.10618873530817212,,,180.47000122070312,-0.037773527171804155,-0.005049174339105678,-0.1329393618684388,0.23415168720989632,0.5530609145647414,1.011,68156968960,2.64,False,87.6068,65.33844,2.5006928,27.828,0.02912,0.11825,0.25882,0.299,-0.587,67.944,0.89,3768482048.0
DG,Dollar General Corporation,Consumer Defensive,Discount Stores,130,5.205836453201971,Neutral,89.7,5.428571428571429,4.514285714285713,6.857142857142857,5.285714285714286,5.657142857142857,5.885714285714287,2.0,0.010587669265972103,0.04011658747508329,0.058446736125877065,0.0017269142900771678,-0.11013698235382245,,0.9824247237971335,0.9458006349954124,0.043225815284394065,0.17311933577412897,0.013061829645077747,0.05738637604551994,,,122.13999938964844,-0.017584391788308174,-0.03604188893134397,-0.22808570189187605,0.28419723887759907,0.4282319294937966,0.226,26946134016,1.91,False,15.862338,14.69645,2.900981,11.552,0.19692,0.03903,0.06813,0.052,0.333,169.811,1.209,1738019712.0
D,"Dominion Energy, Inc.",Utilities,Utilities - Regulated Electric,210,4.9377146254458975,Débil,89.7,4.224137931034482,4.448275862068965,5.172413793103448,5.862068965517242,5.0,4.775862068965519,8.96551724137931,0.022178670433826254,0.036779825197299776,0.031634762496055555,-0.0012467097801704486,0.009754887521283624,,0.9925326961677924,0.9461799786090953,0.09287182271707439,0.1550905258153351,0.03839756244703651,-0.07876212815533981,,,61.529998779296875,-0.061722314032583214,-0.04412143558427162,-0.1570078260131953,0.10170096292384723,0.3313884935412413,0.619,54117232640,4.31,False,21.290657,16.131697,1.9385633,13.649,0.08281,0.13984999,0.29219,0.176,-0.58,160.459,0.809,-9181124608.0
DOV,Dover Corporation,Industrials,Specialty Industrial Machinery,135,5.1829010199125785,Neutral,89.7,6.443661971830986,4.619718309859154,4.26056338028169,8.450704225352112,4.676056338028169,4.701408450704226,4.507042253521127,0.02303777425026206,0.02626515950987282,0.01847233377013146,-0.0419765938210281,0.038569854654809686,,0.9960326938211398,0.6417291364676536,0.09644280938255756,0.11091857729405286,0.01695972313866459,0.00983972156986358,,,188.2899932861328,-0.044794113599279095,-0.10337227425384132,-0.2073335299901793,0.18443727298315915,0.37317033582961456,1.126,25358938112,1.09,False,22.767834,16.176853,3.291668,14.325,0.14914,0.13475999,0.18691999,0.069,0.141,42.316,1.979,906472128.0
DOW,Dow Inc.,Basic Materials,Chemicals,319,4.549446098003631,Débil,89.7,6.315789473684211,1.526315789473684,6.578947368421053,3.1578947368421053,3.7368421052631575,5.050000000000001,8.947368421052632,0.022178670433826254,0.036779825197299776,0.031634762496055555,-0.0012467097801704486,0.009754887521283624,,0.9925326961677924,0.9461799786090953,0.09287182271707439,0.1550905258153351,0.050545312344600954,0.5196821568960318,,,27.770000457763672,-0.0675387840140601,-0.1337291770501039,-0.35025735943463565,0.34479421102971797,0.3223178115782559,0.409,20059402240,4.97,False,29.032257,16.09426,1.2648023,9.349,-0.0554,-0.03129,0.11594,0.197,0.21200000000000002,111.913,1.749,237624992.0
DHI,"D.R. Horton, Inc.",Consumer Cyclical,Residential Construction,160,5.100775423197492,Neutral,89.7,7.363636363636364,4.072727272727272,2.2727272727272725,9.363636363636363,4.163636363636363,4.744545454545455,5.2727272727272725,0.015090217807252039,0.022227884715523484,0.0210604997646084,0.01025979865807988,0.13397955798126945,,0.9828001462032281,0.9498877169910089,0.06231445736512886,0.09323714081180756,4.8024374273723457e-05,-0.033078790676792716,,,133.27999877929688,-0.07227073170542031,-0.10152868357369604,-0.21962644897653916,0.011612893960507575,0.03919054250248144,1.351,37278584832,1.32,False,12.375115,11.537906,1.570809,10.647,0.12632,0.09154,0.1299,0.0,-0.048,29.451,6.011,2413900032.0
DPZ,Domino's Pizza Inc,Consumer Cyclical,Restaurants,336,4.4843019435736675,Débil,89.7,5.818181818181818,6.418181818181818,4.636363636363637,5.90909090909091,3.7636363636363637,1.8390909090909096,7.272727272727273,0.004933280409723589,0.0034134026705630043,0.0021259571746187296,-0.0012599880746759758,0.009700554501770934,,0.7499999999999999,0.7499999999999999,0.01989622766454735,0.013731569835109037,0.009899117567961562,0.006842375863823723,,,303.1000061035156,-0.08017944207614325,-0.13997235851491296,-0.31479596223914186,0.07482271667913332,0.13158719116629636,0.951,10027074560,2.63,False,17.18254,14.519629,-2.5168567,14.633,0.30898002,0.118640006,0.19084999,0.043,0.068,128.294,1.538,531496512.0
DUK,Duke Energy Corporation (Holdin,Utilities,Utilities - Regulated Electric,95,5.3633912009512485,Neutral,89.7,6.982758620689655,6.655172413793104,4.655172413793103,4.137931034482758,4.827586206896552,4.775862068965519,7.931034482758621,0.022178670433826254,0.036779825197299776,0.031634762496055555,-0.0012467097801704486,0.009754887521283624,,0.9925326961677924,0.9461799786090953,0.09287182271707439,0.1550905258153351,0.0025673391347586397,0.008435478026475228,,,115.5,-0.03966874807725884,-0.06846950749861891,-0.14120008922596483,0.02758007117437722,0.14033499320959683,0.345,90055606272,3.75,False,17.394579,16.10571,1.6752241,11.121,0.098570004,0.15995,0.27503002,0.011,0.106,162.155,0.661,-4477374976.0
DASH,"DoorDash, Inc.",Consumer Cyclical,Internet Retail,429,3.9348456426332286,Débil,89.7,1.227272727272727,2.3454545454545452,5.090909090909091,7.2727272727272725,5.49090909090909,4.744545454545455,1.6363636363636362,0.015090217807252039,0.022227884715523484,0.0210604997646084,0.01025979865807988,0.13397955798126945,,0.9828001462032281,0.9498877169910089,0.06231445736512886,0.09323714081180756,0.0794782851975904,0.0637037037037037,,,191.24000549316406,-0.07339032586791372,0.02592920376900798,-0.33015759897315566,0.33454295529074707,0.33713084031760937,1.893,82863906816,0.0,False,100.65263,23.176027,8.351457,57.008,0.088870004,0.05292,0.03862,0.356,-0.3,33.276,1.368,5147500032.0
DD,"DuPont de Nemours, Inc.",Basic Materials,Specialty Chemicals,92,5.394996007259529,Neutral,89.7,4.736842105263158,3.473684210526316,6.052631578947368,8.68421052631579,6.842105263157896,5.050000000000001,5.263157894736842,0.022178670433826254,0.036779825197299776,0.031634762496055555,-0.0012467097801704486,0.009754887521283624,,0.9925326961677924,0.9461799786090953,0.09287182271707439,0.1550905258153351,0.010118549682686563,0.019317533313794034,,,131.0800018310547,-0.030503476733306334,-0.04838995225938636,-0.17027470672835365,0.41730541818785905,0.5892793949406347,1.079,17701433344,1.8,False,34.585754,16.444963,1.2855644,12.35,0.01792,0.00787,0.14239,0.04,1.496,22.902,2.427,1835250048.0
EBAY,eBay Inc.,Consumer Cyclical,Internet Retail,49,5.760376677115987,Neutral,89.7,3.090909090909091,8.58181818181818,8.272727272727273,3.1818181818181817,9.145454545454545,4.744545454545455,4.7272727272727275,0.015090217807252039,0.022227884715523484,0.0210604997646084,0.01025979865807988,0.13397955798126945,,0.9828001462032281,0.9498877169910089,0.06231445736512886,0.09323714081180756,0.03481555954091548,0.0828960932824939,,,107.5999984741211,0.004184710952716442,0.062235536657206936,-0.09814769529694833,0.3789567919277341,0.7163274824157241,1.322,47881998336,1.16,False,22.652632,16.029652,10.264237,16.626,0.46611,0.18571,0.2157,0.148,0.55,153.012,1.019,1579624960.0
ETN,"Eaton Corporation, PLC",Industrials,Specialty Industrial Machinery,309,4.5854177756192325,Débil,89.7,1.584507042253521,4.971830985915492,4.929577464788732,4.190140845070422,8.80281690140845,4.701408450704226,3.8028169014084505,0.02303777425026206,0.02626515950987282,0.01847233377013146,-0.0419765938210281,0.038569854654809686,,0.9960326938211398,0.6417291364676536,0.09644280938255756,0.11091857729405286,0.05273122430934751,0.04666561516843775,,,431.3299865722656,0.01865953104833551,0.10519332126391112,-0.09763601135509281,0.38282247554586313,0.7189907669331986,1.128,167528562688,0.99,False,43.87894,26.549757,8.271425,29.153,0.19684,0.12752,0.16563,0.214,-0.159,105.059,1.24,3106125056.0
EW,Edwards Lifesciences Corporatio,Healthcare,Medical Devices,318,4.5542739261947975,Débil,89.7,1.9298245614035086,5.87719298245614,4.649122807017544,9.56140350877193,3.5614035087719293,4.714035087719299,1.9298245614035086,0.019451694792271483,0.025099829187149703,0.009330299824089037,0.0045345467666636635,0.009754887521283624,,0.9952439880283319,0.9466072456018746,0.08098825420660127,0.10571293560709794,0.0331244964575057,0.048014322336625344,,,85.77999877929688,-0.03228282455081044,0.007437145625603714,-0.10914945706410983,0.18644534964449355,0.5619007411128334,0.864,49443590144,0.0,False,51.059525,25.397482,4.658159,23.24,0.09175,0.15431,0.29839,0.136,-0.254,6.568,4.522,1232412544.0
EMN,Eastman Chemical Company,Basic Materials,Specialty Chemicals,121,5.236901633393829,Neutral,89.7,8.289473684210527,4.052631578947368,6.842105263157895,2.8947368421052633,3.2105263157894735,5.050000000000001,10.0,0.022178670433826254,0.036779825197299776,0.031634762496055555,-0.0012467097801704486,0.009754887521283624,,0.9925326961677924,0.9461799786090953,0.09287182271707439,0.1550905258153351,0.026160540307896985,0.032116788321167884,,,63.25,-0.09452967079532504,-0.11052922456430003,-0.24224272193602492,0.12725004455533773,0.2609649122807018,1.076,7231158784,5.24,False,16.51436,9.310631,1.1862118,8.745,0.07334,0.04986,0.12893,0.099,0.325,88.518,1.498,544625024.0
EIX,Edison International,Utilities,Utilities - Regulated Electric,77,5.542816884661117,Neutral,89.7,9.353448275862068,8.689655172413794,5.603448275862069,2.7586206896551726,0.6724137931034483,4.775862068965519,9.827586206896552,0.022178670433826254,0.036779825197299776,0.031634762496055555,-0.0012467097801704486,0.009754887521283624,,0.9925326961677924,0.9461799786090953,0.09287182271707439,0.1550905258153351,-0.009485407751903008,0.04059252726072959,,,54.40999984741211,-0.14135117888787363,-0.20144476932508637,-0.33337417486630594,0.06477494809025641,0.10845346813276893,0.609,20937728000,6.47,False,5.6092787,8.367963,1.2000705,7.371,0.19734,0.19281,0.26899,-0.041,0.551,228.042,0.662,82375000.0
EA,Electronic Arts Inc.,Communication Services,Electronic Gaming & Multimedia,226,4.895213793103449,Débil,89.7,1.2500000000000002,6.571428571428571,7.857142857142858,6.904761904761904,5.0,4.823809523809524,2.8571428571428568,0.016471287956867288,0.05091917701449848,0.36932751540041064,-0.061522486012124775,-0.4830644665027026,,0.3470229363293961,0.7821098565563036,0.06720437263488721,0.22229825094314082,0.04182715815042018,0.16161616858143757,,,,-0.03455792009564773,-0.011873239076436337,-0.16411741937499125,,0.5044176706827309,0.642,52925640704,0.0036000002,False,59.743587,21.720531,7.7727118,30.355,0.16458,0.13803001,0.25881,0.189,0.975,26.43,1.209,1692499968.0
ENPH,"Enphase Energy, Inc.",Technology,Solar,461,3.489987281683833,Débil,89.7,5.487012987012987,2.5194805194805197,0.8116883116883117,7.337662337662337,0.8831168831168831,4.5603896103896115,2.077922077922078,0.05683803857620076,0.10773810007810213,0.046320951095048836,-0.0012334314856649216,0.04041929196366032,,0.9966000446135956,0.9580285284744481,0.2547803986419861,0.4571519792485952,-0.050935058652910196,0.07049485940098905,,,33.5,-0.08995088451340894,-0.18787780348824668,-0.5457011120151884,0.29945694336695117,0.1609674728940784,1.633,4426845696,0.0,False,33.5,15.292615,3.7455277,21.673,0.12996,0.100880004,0.17981,-0.196,-0.035,51.899,3.451,78322752.0
ECL,Ecolab Inc.,Basic Materials,Specialty Chemicals,295,4.631043194192378,Débil,89.7,0.3947368421052633,7.842105263157895,4.2105263157894735,3.421052631578948,7.947368421052632,5.050000000000001,3.6842105263157894,0.022178670433826254,0.036779825197299776,0.031634762496055555,-0.0012467097801704486,0.009754887521283624,,0.9925326961677924,0.9461799786090953,0.09287182271707439,0.1550905258153351,0.02371706845320249,0.02195053129073944,,,278.1000061035156,-0.004136696099067749,0.014902928071578003,-0.10078570147923938,0.1437384581678618,0.5285844843241929,0.879,77959389184,1.04,False,37.32886,29.544655,7.7529974,21.166,0.21956,0.12566,0.18521999,0.097,0.033,138.023,1.841,1474824960.0
EMR,Emerson Electric Company,Industrials,Specialty Industrial Machinery,127,5.221386692569208,Neutral,89.7,4.225352112676056,5.32394366197183,5.246478873239437,3.7323943661971835,9.225352112676056,4.701408450704226,6.056338028169014,0.02303777425026206,0.02626515950987282,0.01847233377013146,-0.0419765938210281,0.038569854654809686,,0.9960326938211398,0.6417291364676536,0.09644280938255756,0.11091857729405286,0.017471064283565044,0.03114894808180392,,,159.22000122070312,0.02605941646143628,0.098713805279534,-0.042861429391625294,0.29827137329340436,0.8368794605514328,1.207,88812912640,1.38,False,34.840263,21.9047,4.358013,16.782,0.128,0.13828,0.26924,0.07,0.23,67.677,0.896,3706249984.0
ETR,Entergy Corporation,Utilities,Utilities - Regulated Electric,340,4.459246135552914,Débil,89.7,1.077586206896552,5.724137931034482,4.827586206896552,4.827586206896552,7.8965517241379315,4.775862068965519,1.7241379310344829,0.022178670433826254,0.036779825197299776,0.031634762496055555,-0.0012467097801704486,0.009754887521283624,,0.9925326961677924,0.9461799786090953,0.09287182271707439,0.1550905258153351,0.01465958652634006,0.010343259269994113,,,102.80000305175781,-0.02157481667131944,-0.03334305270106497,-0.1321232329948686,0.13128648675864207,0.43255993661195824,0.448,49115525120,2.48,False,26.291561,20.139488,2.6315117,14.312,0.10248999,0.13329001,0.24458,0.059,-0.019,186.77,0.912,-4400858112.0
EOG,"EOG Resources, Inc.",Energy,Oil & Gas E&P,5,6.703949425287356,Buena,89.7,7.6190476190476195,7.714285714285714,8.214285714285714,7.857142857142858,6.3809523809523805,4.823809523809524,8.095238095238095,0.022178670433826254,0.036779825197299776,0.031634762496055555,-0.0012467097801704486,0.009754887521283624,,0.9925326961677924,0.9461799786090953,0.09287182271707439,0.1550905258153351,0.13368687183334407,0.15167639518165138,,,144.2100067138672,-0.001149729083315898,0.0890015508803097,-0.06454328805223675,0.419529547336029,0.8107286801192161,0.371,75642355712,2.83,False,11.2225685,9.401441,2.3782902,5.452,0.22507,0.25733,0.40717998,0.587,1.094,25.891,1.851,4478750208.0
EQT,EQT Corporation,Energy,Oil & Gas E&P,414,4.050829556650246,Débil,89.7,7.083333333333333,4.904761904761904,0.7142857142857142,4.761904761904762,2.380952380952381,4.823809523809524,1.9047619047619047,0.022178670433826254,0.036779825197299776,0.031634762496055555,-0.0012467097801704486,0.009754887521283624,,0.9925326961677924,0.9461799786090953,0.09287182271707439,0.1550905258153351,-0.03121495562161722,-0.08744356056626416,,,52.310001373291016,-0.009062571070708514,-0.057173369910457406,-0.2334407770619722,0.09115563982667951,0.215271003610395,0.652,32720744448,1.26,False,12.136891,13.871506,1.2954112,5.999,0.11078,0.29176,0.23372999,-0.039,-0.74,19.595,0.673,2460903936.0
EFX,"Equifax, Inc.",Industrials,Consulting Services,430,3.933208450704225,Débil,89.7,6.795774647887324,3.8873239436619715,4.295774647887324,1.584507042253521,0.9084507042253521,4.701408450704226,6.47887323943662,0.02303777425026206,0.02626515950987282,0.01847233377013146,-0.0419765938210281,0.038569854654809686,,0.9960326938211398,0.6417291364676536,0.09644280938255756,0.11091857729405286,0.02596557534711855,-0.0023847457495525244,,,142.42999267578125,-0.17225070944922527,-0.21648817099085538,-0.417154345149645,0.039559102808417235,0.050484283492746446,1.341,16733372416,1.57,False,25.075705,14.069384,3.8239317,11.524,0.14275,0.10729,0.17305,0.106,0.007,120.956,0.602,947537472.0
EPAM,"EPAM Systems, Inc.",Technology,Information Technology Services,354,4.386720824003583,Débil,89.7,9.220779220779221,1.5194805194805194,2.5,8.7012987012987,1.7532467532467535,4.5603896103896115,2.077922077922078,0.05683803857620076,0.10773810007810213,0.046320951095048836,-0.0012334314856649216,0.04041929196366032,,0.9966000446135956,0.9580285284744481,0.2547803986419861,0.4571519792485952,0.011038631708818417,0.0297489260637691,,,108.31999969482422,-0.011732937112710728,-0.1640859490130686,-0.5132341720450087,0.4826170229239559,0.23590017859653586,1.386,5587901440,0.0,False,14.697422,7.7042017,1.5879904,6.64,0.111770004,0.07151,0.10936,0.045,0.263,4.326,2.755,650156096.0
ELV,"Elevance Health, Inc.",Healthcare,Healthcare Plans,258,4.806884936479128,Débil,89.7,7.5438596491228065,2.9999999999999996,1.2280701754385963,4.912280701754385,6.807017543859649,4.714035087719299,7.543859649122807,0.019451694792271483,0.025099829187149703,0.009330299824089037,0.0045345467666636635,0.009754887521283624,,0.9952439880283319,0.9466072456018746,0.08098825420660127,0.10571293560709794,0.0034827117638681856,-0.040510522915581264,,,404.30999755859375,0.01587978984043259,0.10381663642487826,-0.07319366046535447,0.4710740705814065,0.8021685102762933,0.711,87682424832,1.72,False,17.897741,13.687069,1.9533206,9.663,0.11133,0.02468,0.04559,0.014,-0.131,68.953,1.518,4306375168.0
EQR,Equity Residential,Real Estate,REIT - Residential,407,4.0914891954023,Débil,89.7,4.458333333333334,6.366666666666666,2.5,3.4166666666666665,3.966666666666667,4.771666666666668,1.3333333333333333,0.022178670433826254,0.036779825197299776,0.031634762496055555,-0.0012467097801704486,0.009754887521283624,,0.9925326961677924,0.9461799786090953,0.09287182271707439,0.1550905258153351,0.005211043263739545,-0.0002843004463848455,,,,-0.08909728353455149,-0.09885911303546224,-0.20040060886605615,,0.041942571172651315,0.749,24611481600,0.042600002,False,28.675674,41.35888,2.273409,17.342,0.080240004,0.27974,0.27879998,0.021,-0.399,78.679,0.127,1423153408.0
EQIX,"Equinix, Inc.",Real Estate,REIT - Specialty,196,4.983583448275863,Débil,89.7,1.333333333333333,5.8,7.5,3.833333333333333,9.833333333333332,4.771666666666668,2.0,0.022178670433826254,0.036779825197299776,0.031634762496055555,-0.0012467097801704486,0.009754887521283624,,0.9925326961677924,0.9461799786090953,0.09287182271707439,0.1550905258153351,0.03968091530941334,0.06025231006826149,,,1031.77001953125,-0.010409304675563558,0.04183624129463892,-0.08586134286843927,0.43178099349345,0.7625104629987011,0.97,101806489600,1.97,False,66.39447,55.688572,7.0786996,27.696,0.10735,0.15479,0.27021998,0.167,0.288,162.217,1.129,3785999872.0
ESS,"Essex Property Trust, Inc.",Real Estate,REIT - Residential,392,4.20841103448276,Débil,89.7,2.4166666666666665,5.366666666666667,1.9166666666666665,1.9999999999999998,8.733333333333334,4.771666666666668,4.333333333333334,0.022178670433826254,0.036779825197299776,0.031634762496055555,-0.0012467097801704486,0.009754887521283624,,0.9925326961677924,0.9461799786090953,0.09287182271707439,0.1550905258153351,0.007488697420568458,-0.03695646667839293,,,268.04998779296875,-0.04276476619615388,-0.0018256563291024763,-0.11636727281038828,0.12408784615016666,0.4560022775923676,0.715,18477459456,3.8,False,41.6874,42.55005,3.2363026,19.815,0.0771,0.20893,0.33975,0.031,-0.718,122.409,0.249,1043926720.0
EG,"Everest Group, Ltd.",Financial Services,Insurance - Reinsurance,262,4.7767912997347475,Débil,89.7,8.269230769230768,2.5230769230769234,0.38461538461538464,4.384615384615385,7.953846153846153,4.706153846153847,6.461538461538462,0.022178670433826254,0.036779825197299776,0.031634762496055555,-0.0012467097801704486,0.009754887521283624,,0.9925326961677924,0.9461799786090953,0.09287182271707439,0.1550905258153351,-0.029589861330896413,,,,362.29998779296875,-0.029205331538666113,0.039066634754640006,-0.09666644776979394,0.19792351472347813,0.6069146080601111,0.259,13891572736,2.18,False,7.6628594,6.0454736,0.908685,11.307500000000001,0.12572,0.11376,0.19132,-0.113,-0.115,23.26,0.388,2064625024.0
ES,Eversource Energy (D/B/A),Utilities,Utilities - Regulated Electric,267,4.735234244946493,Débil,89.7,8.362068965517242,2.793103448275862,2.1551724137931036,4.482758620689655,4.068965517241379,4.775862068965519,9.827586206896552,0.022178670433826254,0.036779825197299776,0.031634762496055555,-0.0012467097801704486,0.009754887521283624,,0.9925326961677924,0.9461799786090953,0.09287182271707439,0.1550905258153351,0.0046738034985875695,0.002545616983935104,,,65.23999786376953,-0.06226915544183542,-0.06953065259406088,-0.14796920642850286,0.040178537368774414,0.18194930424328762,0.679,24574259200,4.83,False,16.901554,13.269683,1.5036069,10.688,0.09016,0.10354,0.23923,0.023,-0.854,180.7,0.8,811961344.0
EVRG,"Evergy, Inc.",Utilities,Utilities - Regulated Electric,101,5.309931034482759,Neutral,89.7,4.827586206896552,5.137931034482758,6.206896551724138,3.1896551724137936,9.0,4.775862068965519,5.862068965517241,0.022178670433826254,0.036779825197299776,0.031634762496055555,-0.0012467097801704486,0.009754887521283624,,0.9925326961677924,0.9461799786090953,0.09287182271707439,0.1550905258153351,0.010462941125432192,0.018801532399247194,,,80.30000305175781,-0.013498933009358671,-0.010493902131839539,-0.0938839646608236,0.12449241075140471,0.5165603167784899,0.482,18514544640,3.46,False,20.43257,17.590246,1.811006,12.342,0.092539996,0.15192,0.25238,0.044,0.23,160.554,0.359,-1443362560.0
ERIE,Erie Indemnity Company,Financial Services,Insurance Brokers,441,3.827354164456233,Débil,89.7,2.0384615384615383,4.507692307692308,2.0,8.423076923076923,0.5,4.706153846153847,7.538461538461538,0.022178670433826254,0.036779825197299776,0.031634762496055555,-0.0012467097801704486,0.009754887521283624,,0.9925326961677924,0.9461799786090953,0.09287182271707439,0.1550905258153351,0.0072617951904847275,0.013050176681398695,,,217.77000427246094,-0.11216403225815808,-0.12304699354782578,-0.3411689832623558,0.06421347931613619,0.10436029125931967,0.331,11387164672,2.62,False,19.743427,15.543898,4.615629,13.689,0.24808,0.14007,0.19096,0.028,0.032,2.56,1.246,481207744.0
EXC,Exelon Corporation,Utilities,Utilities - Regulated Electric,162,5.088739595719382,Neutral,89.7,8.275862068965516,2.7241379310344827,5.862068965517242,6.206896551724139,2.862068965517241,4.775862068965519,8.275862068965518,0.022178670433826254,0.036779825197299776,0.031634762496055555,-0.0012467097801704486,0.009754887521283624,,0.9925326961677924,0.9461799786090953,0.09287182271707439,0.1550905258153351,0.02178650281564885,0.012850027012050154,,,41.4900016784668,-0.04926233212648101,-0.09045068225037711,-0.18084893033629224,0.044299060620860864,0.16117231487791206,0.402,42745237504,4.03,False,15.253677,13.6556635,1.4421272,11.237,0.09711,0.10989001,0.16590999,0.099,-0.002,177.362,1.088,-2685125120.0
XOM,ExxonMobil Holdings Corporation,Energy,Oil & Gas Integrated,164,5.085315599343185,Neutral,89.7,3.095238095238096,3.476190476190476,6.428571428571429,7.023809523809524,7.523809523809524,4.823809523809524,6.190476190476191,0.022178670433826254,0.036779825197299776,0.031634762496055555,-0.0012467097801704486,0.009754887521283624,,0.9925326961677924,0.9461799786090953,0.09287182271707439,0.1550905258153351,0.10751881475227347,0.2130091130460017,,,164.0500030517578,0.01973837418559432,0.09675368304492915,-0.07006403802642813,0.4860947826049262,0.8127840510717633,0.209,674559164416,2.5,False,21.113256,14.373834,2.6006658,10.522,0.12584,0.09072,0.15859,0.441,1.128,15.921,1.135,20671000576.0
EXE,Expand Energy Corporation,Energy,Oil & Gas E&P,269,4.728182594417078,Débil,89.7,8.392857142857142,5.761904761904762,0.7142857142857142,6.19047619047619,1.4285714285714284,4.823809523809524,7.142857142857143,0.022178670433826254,0.036779825197299776,0.031634762496055555,-0.0012467097801704486,0.009754887521283624,,0.9925326961677924,0.9461799786090953,0.09287182271707439,0.1550905258153351,-0.02300095539609103,-0.09469289655172414,,,88.12000274658203,-0.05122335607028572,-0.10264918333051731,-0.3040648648598413,0.0584985314904749,0.1122870753863649,0.395,20400115712,2.61,False,7.596552,10.61711,1.06393,3.495,0.14893,0.2197,0.26323998,-0.106,-0.455,19.207,0.959,1466249984.0
FFIV,"F5, Inc.",Technology,Software - Infrastructure,229,4.886656695029108,Débil,89.7,3.6688311688311686,4.571428571428571,3.2467532467532467,7.402597402597403,8.987012987012987,4.433116883116884,2.077922077922078,0.05725986152961707,0.1120369028548086,0.028563519379000844,6.216447174862654e-05,0.03581797408915421,,0.9966000446135956,0.9539245246136695,0.25752066717092936,0.520758749309372,0.026268814120078046,0.02240128312676539,,,466.6499938964844,0.12724904823723615,0.3442559778457288,-0.011858138916920336,1.0854933584934052,0.9774638572839325,1.028,26425075712,0.0,False,37.183266,25.814915,6.87757,27.347,0.1983,0.21952999,0.24649,0.109,0.114,6.546,1.665,717135488.0
EL,"Estee Lauder Companies, Inc. (T",Consumer Defensive,Household & Personal Products,427,3.9508323152709357,Débil,89.7,1.2499999999999996,2.5428571428571427,5.2857142857142865,4.571428571428572,6.999999999999999,5.0200000000000005,1.7142857142857144,0.010587669265972103,0.03240886543954835,0.03841852500854691,-0.006732534589445632,-0.1069229189439744,,0.9824247237971335,0.8758219755770231,0.043225815284394065,0.13804200371797326,0.014562090034125508,-0.30113485338499524,,,94.44999694824219,0.0024538303209358237,0.026648256363612566,-0.22352846967903495,0.42630620580250955,0.5093828391959976,1.265,34221385728,1.5,False,188.9,24.084925,8.978136,16.1,0.04745,0.01209,0.07003,0.063,-0.105,242.932,1.222,1812125056.0
EXPE,"Expedia Group, Inc.",Consumer Cyclical,Travel Services,97,5.340374169278996,Neutral,89.7,5.5,8.181818181818182,8.772727272727273,2.1818181818181817,4.727272727272727,4.744545454545455,3.4545454545454546,0.015090217807252039,0.022227884715523484,0.0210604997646084,0.01025979865807988,0.13397955798126945,,0.9828001462032281,0.9498877169910089,0.06231445736512886,0.09323714081180756,0.03486911955981028,0.1359261458218226,,,258.8599853515625,-0.1303524503341975,-0.003767965778959992,-0.243099458036367,0.3966762995120454,0.46929647230666727,1.362,31068913664,0.74,False,16.168644,10.5436325,25.693298,10.74,0.89489,0.12968001,0.1898,0.14,1.887,230.271,0.801,3434374912.0
EXR,Extra Space Storage Inc,Real Estate,REIT - Industrial,131,5.205799540229885,Neutral,89.7,5.166666666666668,5.966666666666667,4.666666666666667,5.166666666666666,5.8999999999999995,4.771666666666668,7.333333333333333,0.022178670433826254,0.036779825197299776,0.031634762496055555,-0.0012467097801704486,0.009754887521283624,,0.9925326961677924,0.9461799786090953,0.09287182271707439,0.1550905258153351,0.009154971558606052,0.011024927935953726,,,131.6999969482422,-0.07054541449128993,-0.07104399669580719,-0.17107252676081197,0.047649327406269926,0.18058477383907728,1.166,29066524672,4.84,False,29.072845,27.144115,2.098738,18.577,0.06953,0.2728,0.45882,0.038,0.06,101.674,0.886,1499437568.0
FDS,FactSet Research Systems Inc.,Financial Services,Financial Data & Stock Exchanges,409,4.080328700265253,Débil,89.7,2.6538461538461537,5.76923076923077,1.5769230769230769,1.8461538461538463,7.538461538461539,4.706153846153847,4.461538461538462,0.015417683646956932,-0.016386592166586948,-0.09464969879147006,-0.0036137881512215402,-0.028420526335312182,,0.9999905978484297,0.9960004613134472,0.06361548374179549,-0.06348671079813517,0.015500413113384138,-0.018163371606442543,,,272.7799987792969,-0.036697187220410266,0.09600378799649989,-0.1488392449472764,0.47448647988809123,0.6479185029472754,0.766,9701569536,1.71,False,18.722033,12.558678,4.8241224,12.383,0.25475,0.21544,0.24677,0.063,-0.152,77.049,0.599,641526656.0
FICO,Fair Isaac Corporation,Technology,Software - Application,365,4.330243976712943,Débil,89.7,7.5649350649350655,7.532467532467532,6.103896103896103,4.35064935064935,0.3246753246753247,2.6194805194805197,2.077922077922078,0.031224392380203848,0.06481782073341467,-0.011365429862756873,0.052453301888429636,0.04041929196366032,,0.9987556329197307,0.9349635911436769,0.13324644033747524,0.29799706906771684,0.06107486080764871,0.0862816377157561,,,681.77001953125,-0.32214162997879436,-0.43554898005122666,-0.633242050701083,0.16333080715169368,0.07520074441120786,1.341,14724620288,0.0,False,19.738564,13.561053,-3.5937674,16.124,0.293245015,0.3405,0.53787,0.257,0.412,59.460499999999996,1.183,774413504.0
EXPD,Expeditors International of Was,Industrials,Integrated Freight & Logistics,36,5.849849538610976,Neutral,89.7,3.204225352112676,5.028169014084507,9.295774647887324,7.746478873239436,9.598591549295776,4.701408450704226,3.380281690140845,0.02303777425026206,0.02626515950987282,0.01847233377013146,-0.0419765938210281,0.038569854654809686,,0.9960326938211398,0.6417291364676536,0.09644280938255756,0.11091857729405286,0.0760310603181741,0.11090274549023332,,,190.85000610351562,0.027933318738039503,0.16978208773773362,-0.022885489947185977,0.6896857556752158,0.9457327437600538,1.064,24808712192,0.84,False,27.780205,23.748522,11.712182,19.364,0.4267,0.07634,0.107080005,0.321,0.515,26.745,1.566,797562240.0
FAST,Fastenal Company,Industrials,Industrial Distribution,40,5.823510053423992,Neutral,89.7,0.8274647887323947,7.183098591549296,6.47887323943662,9.71830985915493,8.450704225352112,4.701408450704226,7.887323943661971,0.02303777425026206,0.02626515950987282,0.01847233377013146,-0.0419765938210281,0.038569854654809686,,0.9960326938211398,0.6417291364676536,0.09644280938255756,0.11091857729405286,0.036314958467769616,0.03505431036364201,,,49.83000183105469,-0.0038223427055991133,0.07584343663318416,-0.05838998807530826,0.2786759515282189,0.7784947549143144,0.69,57179807744,1.89,False,42.58975,35.522068,14.052454,29.949,0.34334,0.15454,0.21023001,0.147,0.146,10.851,4.18,916124992.0
FIS,Fidelity National Information S,Technology,Information Technology Services,320,4.547543931930139,Débil,89.7,9.285714285714286,5.025974025974026,4.577922077922079,0.9415584415584418,0.4155844155844156,4.5603896103896115,9.805194805194805,0.05683803857620076,0.10773810007810213,0.046320951095048836,-0.0012334314856649216,0.04041929196366032,,0.9966000446135956,0.9580285284744481,0.2547803986419861,0.4571519792485952,0.06643352167832167,0.06529625151148731,,,33.81999969482422,-0.14507013117626877,-0.2719750272616678,-0.5101390542464628,0.05358254501010018,0.046561984158749785,0.828,17441173504,5.27,False,5.2191358,5.0557446,1.0881246,10.712,0.22348,0.27648002,0.20669001,0.291,0.049,132.51,0.535,2653125120.0
FRT,Federal Realty Investment Trust,Real Estate,REIT - Retail,163,5.086293793103449,Neutral,89.7,5.583333333333334,7.733333333333334,3.833333333333333,3.0,5.666666666666666,4.771666666666668,6.0,0.022178670433826254,0.036779825197299776,0.031634762496055555,-0.0012467097801704486,0.009754887521283624,,0.9925326961677924,0.9461799786090953,0.09287182271707439,0.1550905258153351,0.017225671585909957,0.0019315907324061739,,,105.11000061035156,-0.09122976980860087,-0.06595373747042776,-0.18017314865960876,0.16749972909420818,0.3949712050904023,0.935,9188541440,4.37,False,21.234344,31.982353,2.849668,17.163,0.12550999,0.32663,0.35035,0.072,-0.456,134.114,0.564,456137632.0
FE,FirstEnergy Corp.,Utilities,Utilities - Regulated Electric,274,4.707167657550535,Débil,89.7,5.689655172413793,2.8103448275862073,5.862068965517241,2.586206896551724,5.862068965517241,4.775862068965519,8.620689655172413,0.022178670433826254,0.036779825197299776,0.031634762496055555,-0.0012467097801704486,0.009754887521283624,,0.9925326961677924,0.9461799786090953,0.09287182271707439,0.1550905258153351,0.019428827261659298,0.04874279733831297,,,44.58000183105469,-0.03350427679641399,-0.060025094860823636,-0.14826133299475197,0.044762170870744855,0.19751828656201503,0.418,25795770368,4.2,False,23.839573,15.122887,1.994274,10.332,0.09491,0.06939,0.19304001,0.088,0.083,200.908,0.541,-2014625024.0
FSLR,"First Solar, Inc.",Technology,Solar,195,4.985717689207344,Débil,89.7,9.383116883116884,6.337662337662337,2.0454545454545454,8.863636363636363,0.7272727272727273,4.5603896103896115,2.077922077922078,0.05683803857620076,0.10773810007810213,0.046320951095048836,-0.0012334314856649216,0.04041929196366032,,0.9966000446135956,0.9580285284744481,0.2547803986419861,0.4571519792485952,-0.007561641174602077,0.04881618429837218,,,180.1300048828125,-0.12753411358082267,-0.19386827539096696,-0.43875991623987376,0.06838674307717985,0.07568102975262557,1.794,19358533632,0.0,False,11.105426,7.7594414,1.8757485,7.456,0.18509,0.32465,0.42641997,-0.037,0.233,1.88,2.518,1598684800.0
FTNT,"Fortinet, Inc.",Technology,Software - Infrastructure,133,5.20100420958352,Neutral,89.7,0.7305194805194807,8.311688311688311,6.1688311688311686,5.811688311688312,9.246753246753247,4.433116883116884,2.077922077922078,0.05725986152961707,0.1120369028548086,0.028563519379000844,6.216447174862654e-05,0.03581797408915421,,0.9966000446135956,0.9539245246136695,0.25752066717092936,0.520758749309372,0.058780510252891056,0.09926314628913299,,,189.27999877929688,0.146741460806723,0.5820471645247727,-0.016267352116330347,1.5734874069244986,0.9736664881313889,1.037,138877321216,0.0,False,66.88339,50.10363,89.53642,52.712,1.17442,0.28173,0.33595002,0.256,0.439,36.194,1.282,2265587456.0
FITB,Fifth Third Bancorp,Financial Services,Banks - Regional,243,4.842680954907162,Débil,89.7,5.384615384615385,3.9846153846153847,5.4230769230769225,4.884615384615385,4.461538461538462,4.706153846153847,8.461538461538462,0.022178670433826254,0.036779825197299776,0.031634762496055555,-0.0012467097801704486,0.009754887521283624,,0.9925326961677924,0.9461799786090953,0.09287182271707439,0.1550905258153351,0.11922227878242297,,,,50.119998931884766,-0.08205130161383212,-0.030837450980914283,-0.15764707677504597,0.2514356786987457,0.5177377342871345,0.986,45453455360,3.29,False,16.87542,10.118199,1.4067192,11.307500000000001,0.08438,0.23239,0.39078,0.518,-0.057,47.594,1.0255,
FDX,FedEx Corporation,Industrials,Integrated Freight & Logistics,216,4.922235648372996,Débil,89.7,8.573943661971832,2.408450704225352,4.436619718309859,4.154929577464789,5.352112676056338,4.701408450704226,6.901408450704225,0.02303777425026206,0.02626515950987282,0.01847233377013146,-0.0419765938210281,0.038569854654809686,,0.9960326938211398,0.6417291364676536,0.09644280938255756,0.11091857729405286,0.03031555948028433,0.027422207442921297,,,289.0400085449219,-0.0747687928943056,-0.03542693954992404,-0.16310041826180077,0.5969843856155927,0.6573161048310033,1.328,68407222272,1.69,False,15.581673,13.863289,2.191972,8.255,0.14846,0.0468,0.11129,0.125,-0.043,135.697,1.475,5656625152.0
FTV,Fortive Corporation,Technology,Scientific & Technical Instruments,421,4.0144870577698155,Débil,89.7,5.876623376623377,2.480519480519481,2.207792207792208,4.6103896103896105,3.987012987012987,4.5603896103896115,5.584415584415584,0.05683803857620076,0.10773810007810213,0.046320951095048836,-0.0012334314856649216,0.04041929196366032,,0.9966000446135956,0.9580285284744481,0.2547803986419861,0.4571519792485952,0.01898288927017635,0.03730454512897758,,,56.52000045776367,-0.029056156392670895,-0.030708790628064198,-0.12453530889461473,0.1846573141430239,0.5228486918554107,0.986,17070004224,0.48,False,29.74737,17.374197,2.8220491,16.78,0.07318,0.12382,0.19137,0.079,0.04,59.283,1.241,939112512.0
FOXA,Fox Corporation,Communication Services,Entertainment,64,5.607634154351396,Neutral,89.7,6.190476190476191,5.238095238095238,6.785714285714286,7.142857142857142,5.619047619047619,4.823809523809524,5.7142857142857135,0.016471287956867288,0.05091917701449848,0.36932751540041064,-0.061522486012124775,-0.4830644665027026,,0.3470229363293961,0.7821098565563036,0.06720437263488721,0.22229825094314082,0.05709522150818432,0.10059169975707771,,,62.70000076293945,-0.02924946023577557,-0.00585387537911608,-0.17921192874801084,0.29706248992427486,0.5119429862010499,0.613,26438936576,0.93,False,16.328125,10.72244,2.2624762,7.625,0.14291,0.09839,0.25214002,0.281,0.031,64.06,3.169,555374976.0
GRMN,Garmin Ltd.,Technology,Scientific & Technical Instruments,96,5.345870846394984,Neutral,89.7,4.675324675324675,5.428571428571429,4.35064935064935,9.253246753246753,4.987012987012988,4.5603896103896115,7.922077922077922,0.05683803857620076,0.10773810007810213,0.046320951095048836,-0.0012334314856649216,0.04041929196366032,,0.9966000446135956,0.9580285284744481,0.2547803986419861,0.4571519792485952,0.027804326631177902,0.06691156296031786,,,276.1600036621094,-0.04599045969016324,0.1175811574188852,-0.12129310276788408,0.4794021731510656,0.7012773580605705,0.83,53258158080,1.5,False,28.499485,24.802547,5.9003506,22.24,0.21886998,0.24471001,0.30438998,0.114,0.353,2.513,3.028,1043656256.0
BEN,"Franklin Templeton, Inc.",Financial Services,Asset Management,56,5.682550450928383,Neutral,89.7,5.365384615384615,0.8153846153846154,7.961538461538462,8.73076923076923,8.461538461538462,4.706153846153847,9.307692307692308,0.022178670433826254,0.036779825197299776,0.031634762496055555,-0.0012467097801704486,0.009754887521283624,,0.9925326961677924,0.9461799786090953,0.09287182271707439,0.1550905258153351,0.03260352099882219,-0.11354858785245667,,,32.47999954223633,-0.03479264854813757,0.09652489858448776,-0.10474091669690389,0.5386072734361123,0.7495055729885516,1.576,16502337536,4.07,False,22.095238,10.229503,1.4042976,11.142,0.07887,0.08717,0.12979001,0.143,1.067,24.805,5.486,-2990862592.0
FOX,Fox Corporation,Communication Services,Entertainment,58,5.6773073891625625,Neutral,89.7,7.023809523809525,5.238095238095238,6.785714285714286,7.142857142857142,4.976190476190476,4.823809523809524,6.190476190476191,0.016471287956867288,0.05091917701449848,0.36932751540041064,-0.061522486012124775,-0.4830644665027026,,0.3470229363293961,0.7821098565563036,0.06720437263488721,0.22229825094314082,0.05709522150818432,0.10059169975707771,,,55.97999954223633,-0.02927774063028743,-0.011873239076436337,-0.17887789450331748,0.2699636919745083,0.49387837900960074,0.613,23605288960,1.04,False,14.578125,9.744125,2.0199907,6.923,0.14291,0.09839,0.25214002,0.281,0.031,64.06,3.169,555374976.0
F,Ford Motor Company,Consumer Cyclical,Auto Manufacturers,454,3.6311189968652036,Débil,89.7,5.409090909090908,0.36363636363636365,2.909090909090909,2.545454545454546,3.309090909090909,4.744545454545455,9.454545454545455,0.015090217807252039,0.022227884715523484,0.0210604997646084,0.01025979865807988,0.13397955798126945,,0.9828001462032281,0.9498877169910089,0.06231445736512886,0.09323714081180756,-0.009944170775157756,0.03021908100660364,,,12.119999885559082,-0.11500548480766104,-0.10096024526583003,-0.31833521453548475,0.09090908060837832,0.1514242706985131,1.939,48329658368,4.89,False,18.588233000000002,6.195654,1.3529805,24.883,-0.18252,-0.03935,0.018819999,-0.038,0.053500000000000006,456.708,1.089,-7940250112.0
GE,GE Aerospace,Industrials,Aerospace & Defense,371,4.316291015055851,Débil,89.7,1.1971830985915493,7.816901408450704,7.570422535211268,2.676056338028169,3.647887323943662,4.701408450704226,2.3943661971830985,0.02303777425026206,0.02626515950987282,0.01847233377013146,-0.0419765938210281,0.038569854654809686,,0.9960326938211398,0.6417291364676536,0.09644280938255756,0.11091857729405286,0.048144383894215645,0.04194985860505162,,,303.6199951171875,-0.10629714334983598,-0.06281302679052347,-0.21916470754760953,0.1290766245851307,0.2894187869356082,1.374,315024736256,0.61,False,35.804245,33.364723,17.85895,28.871,0.48231998,0.17716,0.20571,0.211,0.194,113.225,0.982,6594625024.0
IT,"Gartner, Inc.",Technology,Information Technology Services,322,4.545530497089118,Débil,89.7,8.62012987012987,5.896103896103895,2.662337662337662,1.9155844155844157,4.285714285714286,4.5603896103896115,2.077922077922078,0.05683803857620076,0.10773810007810213,0.046320951095048836,-0.0012334314856649216,0.04041929196366032,,0.9966000446135956,0.9580285284744481,0.2547803986419861,0.4571519792485952,-0.0016235133512205295,0.03510801268699935,,,185.77000427246094,0.009920369068945112,0.07719014561208071,-0.2885101330047456,0.49513081909425294,0.4495433267991299,0.978,11731185664,0.0,False,16.796564,11.358149,-71.505005,9.768,1.13581,0.11996,0.22623,-0.006,0.331,123.276,0.88,1052553024.0
FCX,"Freeport-McMoRan, Inc.",Basic Materials,Copper,83,5.4796529945553525,Neutral,89.7,2.7631578947368425,7.789473684210526,3.6842105263157894,7.631578947368421,9.526315789473683,5.050000000000001,1.0526315789473684,0.022178670433826254,0.036779825197299776,0.031634762496055555,-0.0012467097801704486,0.009754887521283624,,0.9925326961677924,0.9461799786090953,0.09287182271707439,0.1550905258153351,-0.02093035676096179,-0.10299283802381323,,,71.86000061035156,0.013077248342810321,0.12524673469954228,-0.10443668232363446,0.864556320974353,0.7990407820228194,1.389,103192223744,0.83,False,35.399017,16.743362,5.1317573,12.831,0.14755,0.113850005,0.33404,-0.073,0.281,32.149,2.066,2159249920.0
GEN,Gen Digital Inc.,Technology,Software - Infrastructure,283,4.681160501567398,Débil,89.7,8.522727272727273,6.766233766233767,4.415584415584416,0.2597402597402595,1.6428571428571428,4.433116883116884,8.831168831168831,0.05725986152961707,0.1120369028548086,0.028563519379000844,6.216447174862654e-05,0.03581797408915421,,0.9966000446135956,0.9539245246136695,0.25752066717092936,0.520758749309372,0.0158000128,-0.09063444108761329,,,22.389999389648438,-0.1959001540808899,-0.08795958387295644,-0.29257505877888035,0.25928005566076684,0.33237198195013967,1.257,13402362880,2.19,False,13.093567,6.76619,5.0496163,8.834,0.41944,0.20732,0.35554,0.063,0.64,307.831,0.466,1547124992.0
GNRC,Generac Holdlings Inc.,Industrials,Specialty Industrial Machinery,233,4.872422632345799,Débil,89.7,3.415492957746479,2.746478873239437,7.605633802816901,8.204225352112676,6.992957746478874,4.701408450704226,0.6338028169014085,0.02303777425026206,0.02626515950987282,0.01847233377013146,-0.0419765938210281,0.038569854654809686,,0.9960326938211398,0.6417291364676536,0.09644280938255756,0.11091857729405286,0.02596644584568346,0.20612420570527307,,,221.33999633789062,0.09798309390692617,0.03779457320681345,-0.2533396426329422,0.6419881033968147,0.5353872577201845,1.916,13073211392,0.0,False,50.88276,17.206598,4.5385385,22.53,0.09491,0.05817,0.17932,0.106,0.92,49.003,2.045,289056512.0
GD,General Dynamics Corporation,Industrials,Aerospace & Defense,207,4.9489845556095196,Débil,89.7,6.408450704225352,3.4366197183098595,4.647887323943662,7.323943661971831,3.408450704225352,4.701408450704226,8.169014084507042,0.02303777425026206,0.02626515950987282,0.01847233377013146,-0.0419765938210281,0.038569854654809686,,0.9960326938211398,0.6417291364676536,0.09644280938255756,0.11091857729405286,0.019569574411997394,0.02790198708405624,,,326.6300048828125,-0.1106111688839101,-0.08032754427604216,-0.18342498779296879,0.06473907123516809,0.21302161195765865,0.329,88372092928,1.92,False,19.928616,17.55895,3.2893252,14.27,0.17803,0.08179,0.1038,0.081,0.134,35.335,1.441,4400124928.0
GIS,"General Mills, Inc.",Consumer Defensive,Packaged Foods,480,2.603084334975369,Evitar,89.7,6.464285714285715,2.314285714285714,0.8571428571428572,2.4285714285714284,0.7857142857142857,0.7757142857142858,9.857142857142858,-0.0020310895829555534,0.014288791474738315,-0.117157859628998,0.7411598059855171,-0.2453039358036168,,0.33657912978513843,0.5060136618044581,-0.008104745078149955,0.05932175918302596,-0.006947233372686168,-0.010001187384044527,,,31.770000457763672,-0.14173176057737447,-0.17789927111304027,-0.37620262207414745,0.018922400826288488,0.029873440899426437,0.02,16987010048,7.58,False,26.278688,10.075095,2.2800345,8.903,-0.104949996,-0.04891,0.15243,-0.028,-0.667,182.422,0.704,1302612480.0
GPN,Global Payments Inc.,Industrials,Specialty Business Services,328,4.526461000485673,Débil,89.7,7.482394366197183,1.5985915492957745,5.105633802816902,2.6056338028169015,6.056338028169015,4.701408450704226,5.28169014084507,0.02303777425026206,0.02626515950987282,0.01847233377013146,-0.0419765938210281,0.038569854654809686,,0.9960326938211398,0.6417291364676536,0.09644280938255756,0.11091857729405286,0.1526219061560552,0.14334789878826404,,,81.08000183105469,-0.07874521839402293,0.060122903008885675,-0.15435959708954228,0.32570310384327494,0.5737327716317595,0.805,21455259648,1.22,False,38.065727,5.0624247,0.9325543,9.069,0.02428,-0.091529995,0.16108,0.686,-0.952,98.273,0.825,7867763200.0
GEHC,GE HealthCare Technologies Inc.,Healthcare,Medical Devices,333,4.488996249243798,Débil,89.7,7.4561403508771935,5.56140350877193,4.7368421052631575,3.070175438596491,1.5614035087719296,4.714035087719299,4.385964912280701,0.019451694792271483,0.025099829187149703,0.009330299824089037,0.0045345467666636635,0.009754887521283624,,0.9952439880283319,0.9466072456018746,0.08098825420660127,0.10571293560709794,0.013680374928785164,0.020159019471991623,,,64.66999816894531,-0.0613129691955433,-0.09052429273466689,-0.27960345138748677,0.10076592627992031,0.19084455734833375,0.848,29210548224,0.25,False,14.866667,11.953987,2.6615357,10.565,0.19376,0.093339995,0.14976,0.058,0.168,93.965,1.264,1573124992.0
GDDY,GoDaddy Inc.,Technology,Software - Infrastructure,393,4.180947783251232,Débil,89.7,6.607142857142857,6.922077922077921,3.1818181818181817,0.42207792207792183,3.779220779220779,4.433116883116884,2.077922077922078,0.05725986152961707,0.1120369028548086,0.028563519379000844,6.216447174862654e-05,0.03581797408915421,,0.9966000446135956,0.9539245246136695,0.25752066717092936,0.520758749309372,0.01600411499733895,0.05130753803601526,,,97.20999908447266,0.003920246993430299,0.043506067540452165,-0.2952068914391478,0.35787119827451663,0.38620979369692116,0.94,12311422976,0.0,False,14.465775,8.815234,1834.151,10.931,4.42861,0.17834999,0.27056998,0.066,0.298,57334.33,0.632,1204950016.0
GM,General Motors Company,Consumer Cyclical,Auto Manufacturers,395,4.173034984326018,Débil,89.7,6.2272727272727275,1.0363636363636364,1.727272727272727,3.909090909090909,7.781818181818182,4.744545454545455,4.0,0.015090217807252039,0.022227884715523484,0.0210604997646084,0.01025979865807988,0.13397955798126945,,0.9828001462032281,0.9498877169910089,0.06231445736512886,0.09323714081180756,0.004901808529161039,-0.09994531201711317,,,80.98999786376953,-0.05021134980732711,0.003905773217810493,-0.11823627802101755,0.4907049119044642,0.7105543140663523,1.4,71064797184,0.88,False,36.318386,5.3814917,1.1456094,10.792,0.03164,0.01051,0.03202,0.019,-0.262,202.341,1.136,21933750272.0
GEV,GE Vernova Inc.,Industrials,Specialty Industrial Machinery,117,5.2489544439048075,Neutral,89.7,1.320422535211267,7.21830985915493,8.62676056338028,5.352112676056338,8.169014084507042,4.701408450704226,1.6901408450704225,0.02303777425026206,0.02626515950987282,0.01847233377013146,-0.0419765938210281,0.038569854654809686,,0.9960326938211398,0.6417291364676536,0.09644280938255756,0.11091857729405286,0.05059046376290864,0.14992679074807772,,,997.0900268554688,0.033040454496209515,0.08250419788651375,-0.16627086069914154,0.8807341686575163,0.7013278062655363,0.967,265558556672,0.19,False,28.586296,39.60673,22.209377,67.805,0.82577,0.23035,0.07466,0.219,0.328,28.364,0.85,15722125312.0
GS,"Goldman Sachs Group, Inc. (The)",Financial Services,Capital Markets,165,5.084176976127321,Neutral,89.7,4.576923076923077,6.907692307692307,9.576923076923077,3.9615384615384617,1.8461538461538463,4.706153846153847,6.615384615384615,0.022178670433826254,0.036779825197299776,0.031634762496055555,-0.0012467097801704486,0.009754887521283624,,0.9925326961677924,0.9461799786090953,0.09287182271707439,0.1550905258153351,0.09810996088920071,,,,887.2100219726562,-0.11048149961514497,-0.07573157413244813,-0.23118049378880556,0.1989162605541226,0.3555727860588827,1.284,258330181632,2.23,False,13.7020855,12.209349,2.4505246,11.307500000000001,0.16902,0.31039,0.42176998,0.425,0.923,725.381,1.563,
GPC,Genuine Parts Company,Consumer Cyclical,Auto Parts,372,4.306576050156741,Débil,89.7,3.7272727272727275,1.0545454545454547,3.6363636363636362,4.454545454545455,7.472727272727273,4.744545454545455,8.727272727272727,0.015090217807252039,0.022227884715523484,0.0210604997646084,0.01025979865807988,0.13397955798126945,,0.9828001462032281,0.9498877169910089,0.06231445736512886,0.09323714081180756,0.015082672861437552,0.008892136974242399,,,125.41000366210938,-0.05014872498235745,0.04596066335730242,-0.17259349698416981,0.3814717301400019,0.5696661237392561,0.677,17288992768,3.34,False,501.64,15.084305,3.8198652,11.533,0.0070700003,0.00131,0.06562,0.06,-0.098,146.415,1.159,917241984.0
HAL,Halliburton Company,Energy,Oil & Gas Equipment & Services,439,3.8445783251231527,Débil,89.7,5.238095238095237,3.238095238095238,2.3809523809523805,5.9523809523809526,1.4047619047619047,4.823809523809524,4.285714285714286,0.022178670433826254,0.036779825197299776,0.031634762496055555,-0.0012467097801704486,0.009754887521283624,,0.9925326961677924,0.9461799786090953,0.09287182271707439,0.1550905258153351,0.009202004266720567,0.00388066935523579,,,31.75,-0.06554983930400393,-0.10519900515039005,-0.27162193163569637,0.47949673811742777,0.4649796656122909,0.839,26451890176,2.08,False,16.710527,10.945559,2.4051208,8.082,0.14917,0.0716,0.12793,0.037,0.161,74.186,2.018,2052249984.0
GILD,"Gilead Sciences, Inc.",Healthcare,Drug Manufacturers - General,298,4.615811736237145,Débil,89.7,3.6403508771929824,2.87719298245614,7.719298245614035,2.192982456140351,6.578947368421052,4.714035087719299,7.982456140350878,0.019451694792271483,0.025099829187149703,0.009330299824089037,0.0045345467666636635,0.009754887521283624,,0.9952439880283319,0.9466072456018746,0.08098825420660127,0.10571293560709794,0.024246719814848015,0.03406158368570245,,,146.85000610351562,0.0213819439955516,0.07235889081886748,-0.0663741744324774,0.2879319952948223,0.7587244304024875,0.332,182087434240,2.27,False,38.2205165,14.849669,15.406002,13.706,-0.2068,-0.10637999,0.33679,0.102,0.4555,223.465,1.265,9768875008.0
HIG,"The Hartford Insurance Group, I",Financial Services,Insurance - Diversified,98,5.337300583554375,Neutral,89.7,8.057692307692307,4.323076923076923,5.0,8.307692307692307,3.676923076923077,4.706153846153847,4.769230769230769,0.022178670433826254,0.036779825197299776,0.031634762496055555,-0.0012467097801704486,0.009754887521283624,,0.9925326961677924,0.9461799786090953,0.09287182271707439,0.1550905258153351,0.01830438739787475,0.012316655821095087,,,126.91999816894531,-0.0650873761090095,-0.0652590991861941,-0.13110153920075773,0.05476604478471958,0.2560216848852104,0.493,34379075584,1.89,False,8.9823065,9.256004,1.7863224,6.278,0.22061001,0.1489,0.17615,0.081,0.361,22.33,1.772,5507500032.0
GL,Globe Life Inc.,Financial Services,Insurance - Life,264,4.744591830238726,Débil,89.7,6.923076923076923,5.261538461538461,4.153846153846154,3.0,6.323076923076924,4.706153846153847,1.2307692307692308,0.022178670433826254,0.036779825197299776,0.031634762496055555,-0.0012467097801704486,0.009754887521283624,,0.9925326961677924,0.9461799786090953,0.09287182271707439,0.1550905258153351,0.019501558462272264,0.028940553655701935,,,163.41000366210938,-0.06225895871145182,0.036512985825311706,-0.14690679372430504,0.2781384721322595,0.5582418157317013,0.439,12557968384,0.79,False,10.843398,9.904694,2.0454376,9.374,0.20944999,0.19577,0.24642,0.08,0.197,55.675,0.795,1163503360.0
HSY,The Hershey Company,Consumer Defensive,Confectioners,116,5.249246108374384,Neutral,89.7,3.7857142857142856,8.17142857142857,8.642857142857142,5.2857142857142865,1.9142857142857141,5.0200000000000005,6.0,0.010587669265972103,0.03240886543954835,0.03841852500854691,-0.006732534589445632,-0.1069229189439744,,0.9824247237971335,0.8758219755770231,0.043225815284394065,0.13804200371797326,0.01439274237492418,0.2038493967567793,,,160.33999633789062,-0.08671691790653102,-0.15906030027699714,-0.3304660249795781,0.026767394581779236,0.05016798293195666,0.089,32216420352,3.61,False,21.904371,16.263857,7.0606365,13.757,0.32808998,0.12242,0.23119,0.066,6.31,129.821,1.18,1743636352.0
HCA,"HCA Healthcare, Inc.",Healthcare,Medical Care Facilities,201,4.967359225650332,Débil,89.7,8.157894736842104,4.684210526315789,5.131578947368421,3.333333333333333,4.12280701754386,4.714035087719299,5.7894736842105265,0.019451694792271483,0.025099829187149703,0.009330299824089037,0.0045345467666636635,0.009754887521283624,,0.9952439880283319,0.9466072456018746,0.08098825420660127,0.10571293560709794,0.021272947235768374,0.01162791921570258,,,439.1700134277344,0.04951058550471088,-0.014392128989388131,-0.21086391607177746,0.24062830426773174,0.42057973350977323,1.11,95080972288,0.72,False,14.722427,13.721361,-14.411775,9.362,0.126215,0.08768,0.15161,0.087,0.116,68.8965,0.993,3738125056.0
DOC,"Healthpeak Properties, Inc.",Real Estate,REIT - Healthcare Facilities,156,5.111486896551724,Neutral,89.7,4.375000000000001,1.8666666666666667,7.666666666666666,6.666666666666667,5.866666666666667,4.771666666666668,9.833333333333332,0.022178670433826254,0.036779825197299776,0.031634762496055555,-0.0012467097801704486,0.009754887521283624,,0.9925326961677924,0.9461799786090953,0.09287182271707439,0.1550905258153351,0.026885670398599196,0.017476539900306755,,,18.65999984741211,-0.10187423123070616,-0.013202261944979976,-0.1869281112238732,0.18853502212815987,0.40827584102236003,0.988,13228955648,6.42,False,53.314285,133.2857,1.640007,14.919,0.03039,0.08248,0.1599,0.111,0.682,108.653,2.286,1645113088.0
HPE,Hewlett Packard Enterprise Comp,Technology,Communication Equipment,17,6.184214778325123,Neutral,89.7,5.941558441558442,1.6233766233766236,8.733766233766234,3.3766233766233764,9.805194805194805,8.11883116883117,6.623376623376624,0.078963660736425,0.16877371644655995,0.24111610704184502,-0.033657398664764054,0.24416586399773296,,0.9999939988813596,0.985594804348825,0.3722861830922133,0.9611454642227284,0.0793164238795311,0.20903954802259886,,,72.08999633789062,0.2740079797878354,0.9298336214535892,-0.01623913294363233,2.633568363804971,0.9777319674006479,1.404,95696936960,0.81,False,37.15979,15.309698,3.6109996,15.635,0.10936,0.06666,0.12560001,0.337,4.102,76.464,1.113,4738625024.0
HD,"Home Depot, Inc. (The)",Consumer Cyclical,Home Improvement Retail,428,3.935409404388715,Débil,89.7,2.909090909090909,6.4,4.590909090909091,2.545454545454546,3.090909090909091,3.3000000000000003,8.181818181818182,0.013466854559286846,0.00641521248646216,0.17413402323074625,-0.02615937933969528,0.1286498216996654,,0.9925326961677924,0.6035688454817705,0.055309791349987814,0.025914492399164768,0.015510963890625552,0.01551352208713745,,,285.7699890136719,-0.10852385303613543,-0.15539375548276801,-0.28131682968168426,0.03110225153769397,0.0715470535663338,0.999,285109747712,3.25,False,19.9979,17.832983,17.163363,14.084,1.0429599,0.0841,0.12858,0.057,0.046,380.261,1.078,10762625024.0
HAS,"Hasbro, Inc.",Consumer Cyclical,Leisure,6,6.613348213166144,Buena,89.7,4.727272727272727,9.054545454545455,6.727272727272727,4.272727272727273,7.672727272727273,7.320000000000001,7.818181818181818,0.02814909822675887,0.03784460975671774,0.031634762496055555,0.01969429606562707,0.2530715736784287,,0.9906712120297234,0.929835655156274,0.11901486451932075,0.1645865763263321,0.03298435360584912,0.019603185911979296,,,90.75,-0.014390442573988582,0.003026210207767388,-0.15171060011217052,0.30575539568345333,0.5669690501600854,0.441,12799784960,3.08,False,16.234346,13.956063,18.179087,11.817,1.5956,0.15968001,0.22157,0.162,0.053500000000000006,531.042,1.661,688150016.0
HLT,Hilton Worldwide Holdings Inc.,Consumer Cyclical,Lodging,186,5.01832526645768,Neutral,89.7,2.5,8.0,4.909090909090909,3.0909090909090913,8.6,4.744545454545455,3.2727272727272725,0.015090217807252039,0.022227884715523484,0.0210604997646084,0.01025979865807988,0.13397955798126945,,0.9828001462032281,0.9498877169910089,0.06231445736512886,0.09323714081180756,0.0065075794879737555,0.028305006389770095,,,320.5299987792969,0.010280250977711347,0.013066093007694235,-0.10466480787905896,0.2642186589070634,0.6412980928517794,1.105,72140054528,0.19,False,46.99853,30.657942,-11.477424,27.738,0.30898002,0.31034002,0.62987,0.025,0.141,128.294,0.649,1393874944.0
HRL,Hormel Foods Corporation,Consumer Defensive,Packaged Foods,451,3.6512835467980294,Débil,89.7,5.714285714285714,2.942857142857143,0.7857142857142857,9.5,1.7428571428571427,1.555714285714286,8.857142857142858,0.005413121163601747,0.003932823223837749,-0.030452527058710814,0.00073739145237014,-0.17287940675002822,,0.7887032902721003,0.7091110814892707,0.021990056534323843,0.017020546156120198,0.00018507552641339734,0.04400655121365744,,,19.549999237060547,-0.12893541926676644,-0.15459645548612666,-0.2650376226668968,0.006694090476855985,0.018105743323195707,0.289,10759357440,5.89,False,31.532257,12.463899,1.3717372,10.233,0.042930003,0.028210001,0.08615,-0.024,-0.672,36.326,1.882,621551616.0
HSIC,"Henry Schein, Inc.",Healthcare,Medical Distribution,413,4.063671385359951,Débil,89.7,5.614035087719298,2.6842105263157894,5.131578947368421,3.508771929824561,4.157894736842104,4.714035087719299,1.9298245614035086,0.019451694792271483,0.025099829187149703,0.009330299824089037,0.0045345467666636635,0.009754887521283624,,0.9952439880283319,0.9466072456018746,0.08098825420660127,0.10571293560709794,0.016288134514309986,0.030534351145038167,,,83.66000366210938,-0.045983418607434934,0.04132182471675927,-0.09242781880983542,0.3504439654900624,0.7181608885911138,0.843,9323618304,0.0,False,24.39067,13.982789,2.9657204,13.59,0.088549994,0.02963,0.057550002,0.067,0.171,80.733,1.319,446000000.0
HON,Honeywell International Inc.,Industrials,Conglomerates,94,5.367686838271005,Neutral,89.7,7.059859154929578,8.056338028169014,5.950704225352113,2.816901408450704,4.183098591549295,4.701408450704226,5.915492957746479,0.02303777425026206,0.02626515950987282,0.01847233377013146,-0.0419765938210281,0.038569854654809686,,0.9960326938211398,0.6417291364676536,0.09644280938255756,0.11091857729405286,0.010541707416392005,-0.013957314357666404,,,208.11000061035156,-0.05531133458278836,-0.09709243194449058,-0.20044772541247446,0.06250203892742556,0.1900501699107178,0.888,65958383616,1.32,False,7.6821704,21.146017,3.5582266,10.99,0.46577,0.21581,0.20249,0.043,2.639,185.369,1.211,2610374912.0
HWM,Howmet Aerospace Inc.,Industrials,Aerospace & Defense,266,4.739906362311801,Débil,89.7,0.6161971830985916,8.464788732394366,8.943661971830986,6.338028169014084,2.619718309859155,4.701408450704226,1.8309859154929577,0.02303777425026206,0.02626515950987282,0.01847233377013146,-0.0419765938210281,0.038569854654809686,,0.9960326938211398,0.6417291364676536,0.09644280938255756,0.11091857729405286,0.057288664463101206,0.07887549123312435,,,222.75,-0.12941827553296026,-0.10489663133322302,-0.28145161290322585,0.2117173475493661,0.3084726955694697,1.204,88833015808,0.24,False,48.006466,34.46062,15.5443125,34.525,0.34732,0.20522,0.28504,0.241,0.33,81.368,1.818,1189874944.0
HST,"Host Hotels & Resorts, Inc.",Real Estate,REIT - Hotel & Motel,25,6.032973103448276,Neutral,89.7,7.75,5.699999999999999,4.666666666666666,6.833333333333334,9.35,4.771666666666668,4.0,0.022178670433826254,0.036779825197299776,0.031634762496055555,-0.0012467097801704486,0.009754887521283624,,0.9925326961677924,0.9461799786090953,0.09287182271707439,0.1550905258153351,0.00922777021055161,0.013780745884941723,,,22.239999771118164,-0.026261185688221222,0.03870627689266937,-0.13496694783671093,0.42472772396657055,0.6564356209027885,1.117,15450716160,3.56,False,15.027027,21.068785,2.3847308,11.4,0.15558,0.16474001,0.18215,0.036,0.084,85.298,1.671,1692375040.0
HUBB,Hubbell Inc,Industrials,Electrical Equipment & Parts,224,4.8990350655658075,Débil,89.7,3.873239436619718,6.422535211267606,4.929577464788732,4.366197183098591,6.267605633802817,4.701408450704226,4.788732394366197,0.02303777425026206,0.02626515950987282,0.01847233377013146,-0.0419765938210281,0.038569854654809686,,0.9960326938211398,0.6417291364676536,0.09644280938255756,0.11091857729405286,0.03794133325955738,0.018476786942621407,,,475.4100036621094,0.007918168396619851,-0.02939231077634763,-0.15931018968861121,0.17728196637637894,0.4427885201692317,0.846,25117132800,1.17,False,28.147427,20.709032,6.4207287,20.336,0.24444,0.14491999,0.21666999,0.153,-0.009,141.642,1.609,495812512.0
HUM,Humana Inc.,Healthcare,Healthcare Plans,157,5.106414277071989,Neutral,89.7,4.4298245614035086,1.9473684210526314,8.07017543859649,5.175438596491228,8.175438596491228,4.714035087719299,6.4035087719298245,0.019451694792271483,0.025099829187149703,0.009330299824089037,0.0045345467666636635,0.009754887521283624,,0.9952439880283319,0.9466072456018746,0.08098825420660127,0.10571293560709794,0.06180034006353099,0.049077988781077504,,,396.510009765625,0.026900247811125988,0.3454780380284084,-0.07547563475651697,1.4309362379107657,0.8782029941890545,0.744,47613042688,0.88,False,37.477318,23.897171,2.478172,10.979,0.06893,0.00878,0.034649998,0.262,0.271,76.485,1.742,1940999936.0
HPQ,HP Inc.,Technology,Computer Hardware,280,4.693366950291088,Débil,89.7,9.318181818181818,3.7337662337662336,2.4675324675324677,2.564935064935065,7.0389610389610375,2.407142857142858,9.805194805194805,0.02545891031106756,0.03136455227261666,-0.012654624501837377,-0.08613789015650314,0.1652877934342566,,0.9881210301446604,0.8411913731950685,0.1070443198198161,0.13484411980177113,0.030391739886552988,0.007640122241086587,,,32.2400016784668,0.046760098392417904,0.3604667818027787,-0.110129680417698,0.8359909839673576,0.7862882527298768,1.19,29073741824,3.78,False,12.305345,10.2741585,-316.07846,7.503,0.811645,0.04143,0.05396,0.125,-0.113,63.951,0.788,3389874944.0
IBM,International Business Machines,Technology,Information Technology Services,446,3.713226869682042,Débil,89.7,6.071428571428572,4.324675324675324,1.1688311688311688,1.103896103896104,1.6623376623376624,4.5603896103896115,9.48051948051948,0.05683803857620076,0.10773810007810213,0.046320951095048836,-0.0012334314856649216,0.04041929196366032,,0.9966000446135956,0.9580285284744481,0.2547803986419861,0.4571519792485952,0.002670118249112843,-0.008127148359479412,,,220.50999450683594,-0.04999188110816355,-0.1341748490692274,-0.33673225498755954,0.1070334580392387,0.1599759473762733,0.724,207750053888,3.05,False,19.60089,16.771717,6.030135,16.13,0.34460998,0.15522,0.16548,0.011,-0.018,188.97,0.791,12049750016.0
HII,"Huntington Ingalls Industries, ",Industrials,Aerospace & Defense,236,4.861641185041282,Débil,89.7,8.345070422535212,1.76056338028169,7.429577464788732,5.774647887323944,1.1690140845070423,4.701408450704226,8.732394366197182,0.02303777425026206,0.02626515950987282,0.01847233377013146,-0.0419765938210281,0.038569854654809686,,0.9960326938211398,0.6417291364676536,0.09644280938255756,0.11091857729405286,0.026149894021701883,0.031746031746031744,,,260.6700134277344,-0.11153537181857842,-0.2411277102266839,-0.4333260577657948,0.015109674939578488,0.01909361462395726,0.21,10271597568,2.09,False,15.534565,12.485907,1.933639,11.381,0.12968001,0.05013,0.0708,0.109,0.365,55.252,1.23,-300249984.0
IEX,IDEX Corporation,Industrials,Specialty Industrial Machinery,82,5.482870908207868,Neutral,89.7,3.6971830985915495,5.0,3.838028169014084,8.873239436619718,9.169014084507042,4.701408450704226,5.492957746478874,0.02303777425026206,0.02626515950987282,0.01847233377013146,-0.0419765938210281,0.038569854654809686,,0.9960326938211398,0.6417291364676536,0.09644280938255756,0.11091857729405286,0.015636950936342434,0.021437578814627996,,,232.91000366210938,0.011292660745247485,0.10128036032927001,-0.04466774543843577,0.46235953828159326,0.8711700421401793,0.96,17170101248,1.24,False,33.51223,24.19633,4.3002477,19.305,0.12955,0.1449,0.2217,0.064,0.109,47.06,3.049,555612480.0
IDXX,"IDEXX Laboratories, Inc.",Healthcare,Diagnostics & Research,400,4.161927888687235,Débil,89.7,1.1403508771929827,9.140350877192983,6.315789473684211,4.2105263157894735,1.0,4.714035087719299,1.9298245614035086,0.019451694792271483,0.025099829187149703,0.009330299824089037,0.0045345467666636635,0.009754887521283624,,0.9952439880283319,0.9466072456018746,0.08098825420660127,0.10571293560709794,0.024094924571433703,0.04903275037976411,,,506.6700134277344,-0.06627944530780061,-0.1356997375426281,-0.3419699038575881,0.01210525844017174,0.02249698714680314,1.548,39916032000,0.0,False,36.39871,30.27205,24.782099,25.593,0.74211,0.25030002,0.3498,0.097,0.176,67.971,1.172,909368384.0
HBAN,Huntington Bancshares Incorpora,Financial Services,Banks - Regional,209,4.947329230769231,Débil,89.7,7.461538461538462,4.753846153846154,5.653846153846153,4.884615384615385,1.5846153846153845,4.706153846153847,8.923076923076923,0.022178670433826254,0.036779825197299776,0.031634762496055555,-0.0012467097801704486,0.009754887521283624,,0.9925326961677924,0.9461799786090953,0.09287182271707439,0.1550905258153351,0.10532657091851061,,,,15.170000076293945,-0.0898946463791398,-0.1022420232225223,-0.22045220574029056,0.023616739291089317,0.07543105092541917,0.972,30649694208,4.04,False,11.669231,8.577794,1.0305007,11.307500000000001,0.09002,0.26131,0.41932,0.476,-0.029,47.594,1.0255,
IR,Ingersoll Rand Inc.,Industrials,Specialty Industrial Machinery,296,4.62526818844099,Débil,89.7,5.105633802816902,3.450704225352112,4.894366197183098,7.535211267605634,5.0,4.701408450704226,1.4084507042253522,0.02303777425026206,0.02626515950987282,0.01847233377013146,-0.0419765938210281,0.038569854654809686,,0.9960326938211398,0.6417291364676536,0.09644280938255756,0.11091857729405286,0.020677724720572353,0.0239885733184631,,,77.23999786376953,-0.021991295370671682,-0.0530037417170679,-0.2349445536472906,0.1347142333446385,0.2788080834226068,1.152,29969074176,0.1,False,31.786007,19.746546,2.9446073,17.136,0.0947,0.12076,0.16882999,0.085,0.141,47.903,1.616,1107425024.0
ITW,Illinois Tool Works Inc.,Industrials,Specialty Industrial Machinery,208,4.9473468674113645,Débil,89.7,3.714788732394366,8.985915492957748,3.626760563380282,1.7957746478873238,5.32394366197183,4.701408450704226,9.154929577464788,0.02303777425026206,0.02626515950987282,0.01847233377013146,-0.0419765938210281,0.038569854654809686,,0.9960326938211398,0.6417291364676536,0.09644280938255756,0.11091857729405286,0.015288854996142876,0.01670898138747885,,,261.1499938964844,-0.06072032701074048,-0.028583222739178904,-0.13857371059346768,0.09350135623684941,0.3470623857084919,0.975,74375520256,2.58,False,23.676338,21.086483,25.69868,17.673,1.04618,0.19393998,0.26900998,0.061,0.101,334.853,1.109,2432999936.0
PODD,Insulet Corporation,Healthcare,Medical Devices,234,4.865362855414397,Débil,89.7,3.8596491228070176,6.578947368421051,9.561403508771928,7.192982456140351,0.6666666666666666,4.714035087719299,1.9298245614035086,0.019451694792271483,0.025099829187149703,0.009330299824089037,0.0045345467666636635,0.009754887521283624,,0.9952439880283319,0.9466072456018746,0.08098825420660127,0.10571293560709794,0.05260619966905681,0.02142851827242525,,,134.36000061035156,-0.06744309910428758,-0.2996089851349276,-0.621393145259379,0.06297468837303444,0.034838938245586294,1.101,9318430720,0.0,False,25.161049,17.379314,6.551909,15.869,0.26016,0.12291,0.16178,0.235,3.286,66.685,2.485,236900000.0
ICE,Intercontinental Exchange Inc.,Financial Services,Financial Data & Stock Exchanges,342,4.4506225994694955,Débil,89.7,2.1153846153846154,7.323076923076924,3.1153846153846154,3.115384615384616,7.030769230769231,4.706153846153847,3.6923076923076925,0.022178670433826254,0.036779825197299776,0.031634762496055555,-0.0012467097801704486,0.009754887521283624,,0.9925326961677924,0.9461799786090953,0.09287182271707439,0.1550905258153351,0.011787235671114957,0.01283215458937198,,,152.58999633789062,-0.018947283682399618,-0.01509503672890311,-0.133257618075032,0.25289429623031956,0.5676372343879583,0.944,85663186944,1.36,False,21.52186,17.270378,2.8967652,15.748,0.14094,0.38246,0.52626,0.048,0.142,69.226,1.012,3633625088.0
INTC,Intel Corporation,Technology,Semiconductors,227,4.889022480967308,Débil,89.7,2.5487012987012987,0.7337662337662337,6.948051948051948,5.7142857142857135,7.402597402597403,7.666233766233767,2.077922077922078,0.15157463111841535,0.18686876297458943,0.08644022771707216,-0.014252269139233852,0.046344533934074575,,0.993489689607621,0.9967601092747992,0.8356987558501576,1.1192808609591967,0.06080392316405668,0.1880908237564819,,,113.12000274658203,0.11153912345023254,0.3802604307649944,-0.2053389339895888,2.439343348938341,0.7329618376263661,2.23,597964226560,0.0,False,45.176505,54.314896,6.516505,35.859,-0.10715,-0.19794,0.12189999,0.254,0.858,48.997,1.604,4866375168.0
IFF,International Flavors & Fragran,Basic Materials,Specialty Chemicals,338,4.466829038112523,Débil,89.7,3.1578947368421053,1.789473684210526,1.0526315789473684,6.842105263157895,9.368421052631579,5.050000000000001,5.7894736842105265,0.022178670433826254,0.036779825197299776,0.031634762496055555,-0.0012467097801704486,0.009754887521283624,,0.9925326961677924,0.9461799786090953,0.09287182271707439,0.1550905258153351,-0.0006488750617456448,0.0170303347046613,,,84.11000061035156,-0.001462598947308602,0.0989527952068825,-0.05832959459973608,0.42221847498058107,0.8273691388453137,0.928,21460664320,1.91,False,83.27723,21.213274,1.5364522,14.21,-0.05548,0.02569,0.08495,0.018,-0.916,44.821,2.061,-1720999936.0
INCY,Incyte Corporation,Healthcare,Biotechnology,12,6.277672595281306,Neutral,89.7,7.105263157894737,9.175438596491226,8.508771929824562,9.736842105263158,3.1228070175438596,4.714035087719299,1.9298245614035086,0.019451694792271483,0.025099829187149703,0.009330299824089037,0.0045345467666636635,0.009754887521283624,,0.9952439880283319,0.9466072456018746,0.08098825420660127,0.10571293560709794,0.08552669906296995,0.25040238227162837,,,113.44000244140625,-0.08094845694776498,0.060022981879029436,-0.14449470255349728,0.3697174890292956,0.6151065175051478,0.739,22994032640,0.0,False,14.450956,12.967743,3.5935123,9.449,0.30667,0.27706,0.41899,0.377,0.377,0.603,4.593,1180664576.0
INVH,Invitation Homes Inc.,Real Estate,REIT - Residential,106,5.278794942528736,Neutral,89.7,6.416666666666666,4.733333333333333,7.333333333333334,4.333333333333333,5.133333333333333,4.771666666666668,6.666666666666666,0.022178670433826254,0.036779825197299776,0.031634762496055555,-0.0012467097801704486,0.009754887521283624,,0.9925326961677924,0.9461799786090953,0.09287182271707439,0.1550905258153351,0.02466279201926529,0.005253613928586253,,,25.860000610351562,-0.09666960288564241,-0.07115569957485213,-0.1629171459440144,0.06639177774645622,0.24236047122558518,0.833,15273517056,4.55,False,23.72477,36.376938,1.6867784,16.061,0.070539996,0.23197001,0.25115,0.101,0.605,94.425,0.43,1168785536.0
IP,International Paper Company,Consumer Cyclical,Packaging & Containers,374,4.300938432601881,Débil,89.7,7.386363636363637,0.36363636363636365,3.590909090909091,5.909090909090909,2.3636363636363638,4.744545454545455,9.818181818181818,0.015090217807252039,0.022227884715523484,0.0210604997646084,0.01025979865807988,0.13397955798126945,,0.9828001462032281,0.9498877169910089,0.06231445736512886,0.09323714081180756,-0.00566946234384221,-0.04567009260721589,,,31.81999969482422,-0.1595972908811758,-0.1614951923047231,-0.36676617522737875,0.08749144548271426,0.12196282490825237,0.889,16850913280,5.76,False,18.288061,10.53067,1.1656104,6.659,-0.16479,-0.14205,0.02298,-0.022,0.092,68.509,1.098,1646499968.0
ISRG,"Intuitive Surgical, Inc.",Healthcare,Medical Instruments & Supplies,169,5.078195281306715,Neutral,89.7,0.8333333333333337,8.263157894736842,7.807017543859649,8.903508771929824,3.807017543859649,4.714035087719299,1.9298245614035086,0.019451694792271483,0.025099829187149703,0.009330299824089037,0.0045345467666636635,0.009754887521283624,,0.9952439880283319,0.9466072456018746,0.08098825420660127,0.10571293560709794,0.04274196779162387,0.07031085855466337,,,414.5199890136719,0.08406155659462566,-0.06998785991378376,-0.31357225108685194,0.26158806042448157,0.31219348739120223,1.463,146440814592,0.0,False,47.536694,34.22569,8.07433,32.986,0.17423001,0.28445998,0.33603,0.185,0.265,33.634,4.963,2615200000.0
IVZ,Invesco Ltd,Financial Services,Asset Management,103,5.297051246684351,Neutral,89.7,5.596153846153846,1.0538461538461539,7.346153846153847,5.8076923076923075,8.676923076923078,4.706153846153847,8.0,0.022178670433826254,0.036779825197299776,0.031634762496055555,-0.0012467097801704486,0.009754887521283624,,0.9925326961677924,0.9461799786090953,0.09287182271707439,0.1550905258153351,0.047039010682148136,0.07615247966254896,,,30.5,-0.02908912643487893,0.09458664101864755,-0.09387997623291733,0.47556845670053205,0.7567359507313319,1.631,13465743360,2.83,False,15.488605,9.312408,1.3517706,12.202,-0.0057300003,-0.00934,0.19950001,0.205,0.42,12.056,0.708,1140787456.0
IRM,Iron Mountain Incorporated (Del,Real Estate,REIT - Specialty,149,5.129897241379311,Neutral,89.7,4.041666666666667,3.7666666666666666,7.5,4.166666666666667,9.283333333333333,4.771666666666668,3.333333333333333,0.022178670433826254,0.036779825197299776,0.031634762496055555,-0.0012467097801704486,0.009754887521283624,,0.9925326961677924,0.9461799786090953,0.09287182271707439,0.1550905258153351,0.043767871417377945,0.04133740272562618,,,115.75,-0.023119367639636956,0.027856007807265604,-0.14055539055539057,0.48836312202648835,0.6673695308381654,1.189,34459099136,2.97,False,82.67857,42.448402,-26.899837,21.487,0.078545,0.055359997,0.19059,0.185,0.0915,115.0805,0.726,-436093504.0
INTU,Intuit Inc.,Technology,Software - Application,419,4.03273381101657,Débil,89.7,7.792207792207792,4.402597402597403,3.116883116883117,5.7142857142857135,0.7207792207792207,2.2649350649350657,8.441558441558442,0.03185104740516751,0.057471868949147874,-0.013446449388481965,0.09817392990112667,0.1005111191215441,,0.9852732696330417,0.9889258013533202,0.13625147985805164,0.25776212193854575,0.02499401749094794,0.0684867508215763,,,297.239990234375,-0.07934817751454049,-0.2377237260437478,-0.5686985936207685,0.17560508714750434,0.10175782145251301,1.009,79433228288,1.9,False,18.058323,10.978223,4.200441,11.486,0.23596,0.21289,0.17638999,0.137,-0.014,44.34,1.507,6353625088.0
JBL,Jabil Inc.,Technology,Electronic Components,449,3.66284066278549,Débil,89.7,5.292207792207792,3.6623376623376624,7.337662337662338,1.6883116883116884,3.0909090909090913,2.3935064935064942,4.285714285714286,0.013866197032585488,0.004183517055255233,0.11220925916250017,-0.050651897179920295,0.003257474264631393,,0.7499999999999997,0.7500000000000001,0.05730788391984043,0.01689872967175443,0.0,0.0,,,299.4700012207031,-0.05403919537989077,-0.010220533980175861,-0.30182080707643877,0.5794831288011768,0.4590732512459914,1.295,31380588544,0.1,False,30.714872,13.509057,19.457476,13.782,0.66369003,0.02898,0.0585,0.286,0.89,248.609,0.993,1275500032.0
JBHT,"J.B. Hunt Transport Services, I",Industrials,Integrated Freight & Logistics,279,4.693778144730452,Débil,89.7,4.612676056338028,2.929577464788732,8.732394366197184,6.830985915492958,3.2535211267605635,4.701408450704226,3.0985915492957745,0.02303777425026206,0.02626515950987282,0.01847233377013146,-0.0419765938210281,0.038569854654809686,,0.9960326938211398,0.6417291364676536,0.09644280938255756,0.11091857729405286,0.046736906952016065,0.040175206083485314,,,222.63999938964844,-0.1385407839277013,-0.08660157079730801,-0.25727248669052427,0.6315403736600353,0.5277403514369163,1.311,20909221888,0.8,False,31.669985,22.358578,5.717367,13.511,0.18448,0.05311,0.07423,0.194,0.458,38.373,1.255,903028352.0
JKHY,"Jack Henry & Associates, Inc.",Technology,Information Technology Services,359,4.3630629646215855,Débil,89.7,6.0064935064935066,4.571428571428572,1.103896103896104,6.331168831168831,2.376623376623377,4.5603896103896115,8.181818181818182,0.05683803857620076,0.10773810007810213,0.046320951095048836,-0.0012334314856649216,0.04041929196366032,,0.9966000446135956,0.9580285284744481,0.2547803986419861,0.4571519792485952,0.011388935642612232,0.1948115928441637,,,145.69000244140625,-0.07262534139909993,-0.07339564687778244,-0.24665183080093978,0.20365170556350165,0.3407049404479095,0.563,10214617088,1.69,False,20.872494,18.432789,4.975072,14.514,0.24040002,0.19760999,0.22503,0.047,-0.104,3.793,1.167,352223744.0
J,Jacobs Solutions Inc.,Industrials,Engineering & Construction,431,3.9319801845556097,Débil,89.7,3.97887323943662,0.8098591549295775,5.105633802816902,3.943661971830986,5.915492957746479,4.701408450704226,4.154929577464789,0.02303777425026206,0.02626515950987282,0.01847233377013146,-0.0419765938210281,0.038569854654809686,,0.9960326938211398,0.6417291364676536,0.09644280938255756,0.11091857729405286,0.07929226293439309,0.030687822428958317,,,136.35000610351562,-0.049026526101269674,0.023884218588387185,-0.1905129060584444,0.29021580340192665,0.48868715907450005,0.698,15958214656,1.03,False,45.299004,16.493326,4.8923573,18.133,0.07998,0.0238,0.07387,0.345,-0.254,124.734,1.287,645677888.0
IQV,"IQVIA Holdings, Inc.",Healthcare,Diagnostics & Research,404,4.105829885057471,Débil,89.7,3.070175438596491,5.298245614035087,4.166666666666666,0.5263157894736842,7.771929824561402,4.714035087719299,1.9298245614035086,0.019451694792271483,0.025099829187149703,0.009330299824089037,0.0045345467666636635,0.009754887521283624,,0.9952439880283319,0.9466072456018746,0.08098825420660127,0.10571293560709794,0.02110386851820703,0.015661467844829705,,,258.1099853515625,0.008670027017564808,0.2514572796919785,-0.06953862526473498,0.6706147919194985,0.8430430053015665,1.174,42484903936,0.0,False,32.06335,17.866104,6.884585,18.733,0.22818,0.08096,0.13027,0.087,-0.006,257.975,0.706,2149750016.0
JNJ,Johnson & Johnson,Healthcare,Drug Manufacturers - General,246,4.8330640048396845,Débil,89.7,2.982456140350877,8.140350877192983,3.1578947368421053,4.2105263157894735,5.210526315789474,4.714035087719299,7.719298245614034,0.019451694792271483,0.025099829187149703,0.009330299824089037,0.0045345467666636635,0.009754887521283624,,0.9952439880283319,0.9466072456018746,0.08098825420660127,0.10571293560709794,0.016261667258497217,0.013517814228829706,,,258.45001220703125,-0.026803615014782456,0.06732493861501032,-0.08047812926661946,0.3995993296167619,0.7653771621930427,0.206,622838284288,2.1,False,29.947857,21.356558,7.32485,18.418,0.25742,0.21482,0.2919,0.066,-0.009,57.709,1.089,16885125120.0
KEY,KeyCorp,Financial Services,Banks - Regional,179,5.043033209549072,Neutral,89.7,7.153846153846154,4.553846153846154,5.076923076923077,4.884615384615385,3.2,4.706153846153847,9.307692307692308,0.022178670433826254,0.036779825197299776,0.031634762496055555,-0.0012467097801704486,0.009754887521283624,,0.9925326961677924,0.9461799786090953,0.09287182271707439,0.1550905258153351,0.02360781468003057,,,,19.829999923706055,-0.08701657809824792,-0.08206556432572298,-0.1761528905813854,0.20400728134220136,0.4421052531192178,1.087,21161158656,4.07,False,11.52907,9.246135,1.2289292,11.307500000000001,0.1033,0.2754,0.3471,0.101,0.253,47.594,1.0255,
KEYS,Keysight Technologies Inc.,Technology,Scientific & Technical Instruments,42,5.810923958799821,Neutral,89.7,2.4675324675324672,4.311688311688311,7.922077922077922,6.753246753246753,8.64935064935065,7.565584415584418,2.077922077922078,0.07399029161841755,0.16383812010443866,0.1998768841341266,-0.004711875353577387,0.30896445723264687,,0.9972040768683221,0.9988109582091447,0.3442435304226936,0.9330945291922343,0.08114325361366623,0.1747700394218134,,,381.4200134277344,0.132135995903077,0.253126124198634,-0.021824395589633117,1.4020405153204507,0.9631825448980461,1.177,64934756352,0.0,False,51.612995,27.496529,9.885189,38.999,0.20897,0.19143,0.25677,0.365,1.091,42.094,2.024,1867124992.0
KDP,Keurig Dr Pepper Inc.,Consumer Defensive,Beverages - Non-Alcoholic,241,4.8433879802955655,Débil,89.7,4.642857142857143,4.199999999999999,5.142857142857143,3.071428571428571,8.114285714285714,5.0200000000000005,4.285714285714286,0.010587669265972103,0.03240886543954835,0.03841852500854691,-0.006732534589445632,-0.1069229189439744,,0.9824247237971335,0.8758219755770231,0.043225815284394065,0.13804200371797326,0.1856704060434372,-0.01688424362025736,,,30.540000915527344,-0.02402543428222903,0.036890446298391,-0.0969840060459094,0.22749199821251387,0.6331097220947812,0.41,41559625728,2.96,False,30.848486,12.068905,1.6602337,17.262,0.051,0.07103,0.12888,0.756,-0.9,99.649,0.479,4607249920.0
KVUE,Kenvue Inc.,Consumer Defensive,Household & Personal Products,89,5.431965320197045,Neutral,89.7,5.214285714285715,6.114285714285715,5.0,5.857142857142857,6.0,5.0200000000000005,7.428571428571429,0.010587669265972103,0.03240886543954835,0.03841852500854691,-0.006732534589445632,-0.1069229189439744,,0.9824247237971335,0.8758219755770231,0.043225815284394065,0.13804200371797326,0.007585648839790341,-0.005475522564591675,,,17.530000686645508,-0.05570933912339293,-0.02808190687519707,-0.12916042291875263,0.25035668235702624,0.57446819748699,0.447,33671161856,4.78,False,20.383722,14.139264,3.1895926,11.861,0.15581,0.107609995,0.19418,0.03,0.085,81.617,1.005,1907500032.0
KMB,Kimberly-Clark Corporation,Consumer Defensive,Household & Personal Products,244,4.833975172413792,Débil,89.7,4.928571428571429,8.142857142857142,2.8571428571428568,2.428571428571429,3.8857142857142852,5.0200000000000005,8.571428571428571,0.010587669265972103,0.03240886543954835,0.03841852500854691,-0.006732534589445632,-0.1069229189439744,,0.9824247237971335,0.8758219755770231,0.043225815284394065,0.13804200371797326,0.0015703889585636885,0.038794350795930035,,,96.4800033569336,-0.0778934974965727,-0.059144274223805304,-0.21618325325425636,0.04392992162879894,0.13237702500598603,0.275,32087226368,5.29,False,19.029585,12.922426,18.335234,10.885,1.04913,0.1179,0.19002001,0.006,-0.323,348.933,0.909,941124992.0
JCI,Johnson Controls International ,Industrials,Building Products & Equipment,282,4.686135599805731,Débil,89.7,2.0774647887323945,4.23943661971831,5.211267605633803,3.873239436619718,9.788732394366198,4.701408450704226,3.9436619718309855,0.02303777425026206,0.02626515950987282,0.01847233377013146,-0.0419765938210281,0.038569854654809686,,0.9960326938211398,0.6417291364676536,0.09644280938255756,0.11091857729405286,0.023001672397791953,0.04861108148148148,,,155.92999267578125,0.06389941824820755,0.12964670864981565,-0.027928479048804578,0.49229584338961874,0.9198854198101083,1.28,94453260288,1.01,False,44.04802,25.552158,7.0058856,24.285,0.14332,0.14319,0.15875,0.093,0.153,70.107,1.0,2984124928.0
JPM,JP Morgan Chase & Co.,Financial Services,Banks - Diversified,57,5.678078302387267,Neutral,89.7,4.038461538461538,7.6,8.076923076923077,4.884615384615385,6.938461538461539,4.706153846153847,5.692307692307692,0.022178670433826254,0.036779825197299776,0.031634762496055555,-0.0012467097801704486,0.009754887521283624,,0.9925326961677924,0.9461799786090953,0.09287182271707439,0.1550905258153351,0.07357152951218428,,,,329.5799865722656,-0.061885750977407006,0.023754174776587256,-0.10073673513706516,0.1808670246229509,0.5775742170739773,1.015,876084985856,1.99,False,14.120822,13.167646,2.4779146,11.307500000000001,0.17789,0.34921002,0.50394,0.304,0.469,47.594,1.0255,
KIM,Kimco Realty Corporation (HC),Real Estate,REIT - Retail,79,5.506178850574713,Neutral,89.7,6.5,5.433333333333334,4.666666666666666,6.166666666666666,6.2,4.771666666666668,7.666666666666667,0.022178670433826254,0.036779825197299776,0.031634762496055555,-0.0012467097801704486,0.009754887521283624,,0.9925326961677924,0.9461799786090953,0.09287182271707439,0.1550905258153351,0.011855544768683578,0.015805008074344273,,,21.850000381469727,-0.07753749455516079,-0.06180089648595166,-0.18011255604241172,0.10576925007437876,0.30333822662840726,0.965,14656748544,5.06,False,25.705883,24.277779,1.4266127,17.39,0.05806,0.27759,0.36565,0.049,-0.058,84.993,0.971,871483392.0
KMI,"Kinder Morgan, Inc.",Energy,Oil & Gas Midstream,398,4.163414121510674,Débil,89.7,2.857142857142857,4.428571428571429,3.8095238095238093,1.3095238095238093,5.523809523809524,4.823809523809524,9.761904761904761,0.022178670433826254,0.036779825197299776,0.031634762496055555,-0.0012467097801704486,0.009754887521283624,,0.9925326961677924,0.9461799786090953,0.09287182271707439,0.1550905258153351,0.0248230584875537,0.028371628687998827,,,31.81999969482422,0.011674626577736102,0.009750012132366148,-0.08589486656638279,0.24296873807907104,0.6753528441720105,0.583,70856843264,3.67,False,20.529032,20.601603,2.2381656,13.778,0.109910004,0.19305,0.30065,0.108,0.212,98.619,0.458,1075000064.0
KR,Kroger Company (The),Consumer Defensive,Grocery Stores,458,3.5681739901477836,Débil,89.7,5.607142857142858,2.2714285714285714,5.285714285714286,1.4285714285714288,5.8428571428571425,2.5400000000000005,3.142857142857143,0.003854506623614832,-0.002244476488601496,-0.051363388939732156,-0.006732534589445632,-0.1069229189439744,,0.8643328893944904,0.8774866308495723,0.015236764355886168,-0.007902192274916842,0.0,0.0,,,59.25,0.017698507031996158,-0.06644177235832571,-0.2262992948550535,0.09418282548476453,0.2273740526081142,0.353,34992377856,2.67,False,32.916668,10.7527275,6.0465355,7.085,0.14442,0.0072600003,0.029779999,0.02,0.153,413.24,0.702,2535500032.0
LH,Labcorp Holdings Inc.,Healthcare,Diagnostics & Research,220,4.9065013914095585,Débil,89.7,5.307017543859649,3.8771929824561404,5.526315789473684,5.175438596491228,5.56140350877193,4.714035087719299,6.666666666666666,0.019451694792271483,0.025099829187149703,0.009330299824089037,0.0045345467666636635,0.009754887521283624,,0.9952439880283319,0.9466072456018746,0.08098825420660127,0.10571293560709794,0.014408773957580327,0.029649414069046826,,,311.9700012207031,-0.024484658794137415,0.11068784256872366,-0.08727325564451982,0.2758465615111365,0.6933593875483461,0.846,25300766720,0.92,False,25.55037,15.727188,2.9323795,13.784,0.11728,0.069860004,0.1224,0.058,0.282,79.124,1.796,892049984.0
KLAC,KLA Corporation,Technology,Semiconductor Equipment & Materials,285,4.669356739811912,Débil,89.7,1.4610389610389614,8.623376623376624,3.961038961038961,5.584415584415584,4.558441558441558,4.5603896103896115,5.454545454545454,0.05683803857620076,0.10773810007810213,0.046320951095048836,-0.0012334314856649216,0.04041929196366032,,0.9966000446135956,0.9580285284744481,0.2547803986419861,0.4571519792485952,0.03686550154233388,0.03493776541516022,,,196.8300018310547,0.052412650932722515,0.10185895707846937,-0.35963170826347823,1.0064833973623526,0.4717904451651894,1.447,256864419840,0.47,False,53.778687,29.353998,40.516674,42.816,0.87496,0.35574,0.42486,0.152,0.138,96.88,2.876,2624587520.0
LHX,"L3Harris Technologies, Inc.",Industrials,Aerospace & Defense,317,4.554574647887323,Débil,89.7,6.760563380281691,2.4225352112676055,6.056338028169014,5.633802816901408,1.1971830985915493,4.701408450704226,8.873239436619718,0.02303777425026206,0.02626515950987282,0.01847233377013146,-0.0419765938210281,0.038569854654809686,,0.9960326938211398,0.6417291364676536,0.09644280938255756,0.11091857729405286,0.7837585450152166,0.9301025759552656,,,233.6300048828125,-0.11019990934492874,-0.2467652144273249,-0.38393585717687817,0.0026608509626733223,0.004240219414666318,0.505,43505324032,2.1,False,23.55141,17.237055,2.1874855,13.451,0.0934,0.08172,0.12566,0.084,0.283,52.753,1.184,1608999936.0
KKR,KKR & Co. Inc.,Financial Services,Asset Management,478,2.909818355437666,Evitar,89.7,3.673076923076923,1.5846153846153848,5.0,2.4615384615384617,0.38461538461538464,4.706153846153847,1.3846153846153846,0.022178670433826254,0.036779825197299776,0.031634762496055555,-0.0012467097801704486,0.009754887521283624,,0.9925326961677924,0.9461799786090953,0.09287182271707439,0.1550905258153351,0.0051899423421412055,,,,89.66999816894531,-0.12872724246640732,-0.12558023394951334,-0.3809030780934458,0.08467398293147821,0.11259446950209603,1.827,82818359296,0.86,False,28.648561,12.133094,2.824252,11.142,0.0728,0.12201,0.2065,0.078,0.4,69.812,0.856,
KHC,The Kraft Heinz Company,Consumer Defensive,Packaged Foods,424,3.9674431527093597,Débil,89.7,7.464285714285714,2.4285714285714284,1.7142857142857144,7.142857142857142,3.4571428571428573,1.555714285714286,9.857142857142858,0.005413121163601747,0.003932823223837749,-0.030452527058710814,0.00073739145237014,-0.17287940675002822,,0.7887032902721003,0.7091110814892707,0.021990056534323843,0.017020546156120198,-0.003601415095112762,-0.04668512425819089,,,21.979999542236328,-0.11484469340779457,-0.08095577497898576,-0.21751514623580182,0.04492510303001329,0.13394749004058512,0.111,26064404480,7.26,False,26.278688,10.559338,0.7240028,7.749,-0.0876,-0.13639,0.1549,-0.014,-0.571,52.591,1.061,3250500096.0
LVS,Las Vegas Sands Corp.,Consumer Cyclical,Resorts & Casinos,376,4.2900155485893405,Débil,89.7,6.409090909090908,8.345454545454546,1.5454545454545454,1.4545454545454546,0.4727272727272728,4.744545454545455,8.363636363636363,0.015090217807252039,0.022227884715523484,0.0210604997646084,0.01025979865807988,0.13397955798126945,,0.9828001462032281,0.9498877169910089,0.06231445736512886,0.09323714081180756,-0.0015283982247984028,-0.030848900217668895,,,35.810001373291016,-0.17580011661493422,-0.3035092672884512,-0.49169621897386784,0.0032217782123831196,0.0033089159341394138,0.768,23194179584,3.3,False,13.933853,10.199955,39.921963,7.704,1.22869,0.12588,0.19658001,-0.007,-0.198,1703.902,0.997,2212875008.0
LRCX,Lam Research Corporation,Technology,Semiconductor Equipment & Materials,112,5.259293148231079,Neutral,89.7,1.3636363636363638,8.12987012987013,6.103896103896104,7.727272727272728,6.103896103896103,4.5603896103896115,5.0,0.05683803857620076,0.10773810007810213,0.046320951095048836,-0.0012334314856649216,0.04041929196366032,,0.9966000446135956,0.9580285284744481,0.2547803986419861,0.4571519792485952,0.0715274003437098,0.10111963556617165,,,329.510009765625,0.07085570232228888,0.19010963255090796,-0.2485518591433865,1.514959622695962,0.6455379529258,1.854,412356870144,0.4,False,59.26439,28.009676,33.0601,48.181,0.65066004,0.31272,0.37390998,0.3,0.348,33.049,2.629,3090484480.0
LW,"Lamb Weston Holdings, Inc.",Consumer Defensive,Packaged Foods,425,3.959137733990148,Débil,89.7,4.821428571428571,3.9142857142857146,2.571428571428571,5.7142857142857135,5.857142857142857,2.4271428571428575,4.857142857142857,0.007996008423780983,-0.055666622370060266,-0.15598632839973842,-0.008084803684288778,-0.31585820668077497,,0.8274065805442006,0.985761915663031,0.03257150658008645,-0.1991146788972451,0.0016636148348758712,-0.04442214064570709,,,48.09000015258789,-0.03978627003015234,0.05159921480128382,-0.2829879207903997,0.27830941394438846,0.35551783200638015,0.474,6611565056,3.17,False,26.278688,14.276554,3.622326,9.96,0.14169,0.03847,0.07921,0.007,-0.543,219.001,1.455,315649984.0
LDOS,"Leidos Holdings, Inc.",Technology,Information Technology Services,410,4.078665293327362,Débil,89.7,8.977272727272727,2.8181818181818183,1.7532467532467533,3.9285714285714284,0.5584415584415585,4.5603896103896115,7.792207792207792,0.05683803857620076,0.10773810007810213,0.046320951095048836,-0.0012334314856649216,0.04041929196366032,,0.9966000446135956,0.9580285284744481,0.2547803986419861,0.4571519792485952,0.017600579382245973,-0.009151361064891847,,,113.55000305175781,-0.1309545260640329,-0.22543829037517704,-0.4481702723829625,0.14859400214199692,0.13740532271777955,0.59,14249640960,1.47,False,10.6022415,8.905673,2.6967654,8.617,0.27781,0.07803,0.11715999,0.072,-0.067,123.276,1.629,1146625024.0
LEN,Lennar Corporation,Consumer Cyclical,Residential Construction,447,3.688904576802507,Débil,89.7,6.8181818181818175,2.1454545454545455,0.36363636363636365,9.454545454545453,2.4727272727272727,1.830909090909091,6.8181818181818175,-0.01841630603820272,-0.10602460800386579,0.21402636113537335,0.04927264773820843,0.13397955798126945,,0.9759838648641262,0.9143737772331598,-0.07113945817804646,-0.3520152550359841,-0.02334216537551694,-0.15636301919531034,,,76.12999725341797,-0.08675638054876234,-0.1890461331526222,-0.4308463123996862,0.03227114919888763,0.03966001088848474,1.376,18111344640,2.58,False,13.867031,14.444029,0.8395734,11.841,0.05962,0.04092,0.056929998,-0.087,-0.482,28.201,10.135,1227246208.0
LIN,Linde plc,Basic Materials,Specialty Chemicals,255,4.812596733212342,Débil,89.7,1.5789473684210527,8.526315789473685,3.9473684210526314,2.368421052631579,8.052631578947368,5.050000000000001,4.2105263157894735,0.022178670433826254,0.036779825197299776,0.031634762496055555,-0.0012467097801704486,0.009754887521283624,,0.9925326961677924,0.9461799786090953,0.09287182271707439,0.1550905258153351,0.022911598376161385,0.0170714141689053,,,483.9800109863281,0.00910485988777654,-0.005913802211546693,-0.11714700659188604,0.24807883590264623,0.5996759193761881,0.713,223105187840,1.31,False,31.244675,24.716753,5.7087927,18.125,0.18400998,0.20435,0.28119,0.093,0.113,68.947,0.879,4160750080.0
LMT,Lockheed Martin Corporation,Industrials,Aerospace & Defense,199,4.972458086449733,Débil,89.7,5.492957746478874,5.816901408450704,7.640845070422536,2.3943661971830985,2.8732394366197185,4.701408450704226,9.788732394366198,0.02303777425026206,0.02626515950987282,0.01847233377013146,-0.0419765938210281,0.038569854654809686,,0.9960326938211398,0.6417291364676536,0.09644280938255756,0.11091857729405286,0.025404078199317576,0.21075675202817967,,,499.2200012207031,-0.09763449222517606,-0.11361831963059121,-0.2785838132648799,0.14172670376375796,0.24325810096448724,0.095,115215360000,2.71,False,18.401033,15.272,13.095325,13.892,0.89165,0.08163,0.119569995,0.105,4.438,234.238,1.193,5562625024.0
LYV,"Live Nation Entertainment, Inc.",Communication Services,Entertainment,435,3.8999477832512315,Débil,89.7,1.1904761904761907,3.333333333333333,6.904761904761905,1.5476190476190474,7.452380952380952,4.823809523809524,1.4285714285714284,0.016471287956867288,0.05091917701449848,0.36932751540041064,-0.061522486012124775,-0.4830644665027026,,0.3470229363293961,0.7821098565563036,0.06720437263488721,0.22229825094314082,0.025777275974800926,0.03818435025104675,,,170.83999633789062,-0.03455792009564773,0.04084707271740551,-0.09727875118683948,0.36301257649505847,0.7119386064448541,1.171,39798800384,0.0,False,21.918238,87.56086,478.54343,28.353,0.17677,0.00513,0.06696,0.094,1.562,620.214,0.852,1695030656.0
L,Loews Corporation,Financial Services,Insurance - Property & Casualty,445,3.7231531034482757,Débil,89.7,5.788461538461538,1.3384615384615386,3.153846153846154,3.6923076923076925,5.199999999999999,4.706153846153847,0.38461538461538464,0.022178670433826254,0.036779825197299776,0.031634762496055555,-0.0012467097801704486,0.009754887521283624,,0.9925326961677924,0.9461799786090953,0.09287182271707439,0.1550905258153351,0.009667909846406078,0.03048395100504534,,,105.66999816894531,-0.04195212417953209,-0.030555811904289465,-0.12676639807499124,0.08513039812020251,0.35082514468664044,0.503,21601875968,0.23,False,12.949755,36.43793,1.1299429,7.791,0.09313,0.09024,0.14533,0.039,0.156,44.609,0.507,1262000000.0
LOW,"Lowe's Companies, Inc.",Consumer Cyclical,Home Improvement Retail,154,5.124664827586207,Neutral,89.7,7.090909090909092,4.836363636363636,5.090909090909091,4.636363636363637,1.9272727272727272,6.233636363636365,7.454545454545455,0.023454447864128567,0.016227580329124205,0.23057516143565096,-0.03080319442365914,-0.05085481083595333,,0.9995638502895533,0.9995518801504913,0.0984076721680458,0.06705566701644128,0.022593075456181035,0.016829383247500072,,,181.5399932861328,-0.10984498883931315,-0.21393988815234166,-0.3805364318360308,0.017315737103574147,0.02696093958758244,0.878,101853741056,2.72,False,15.345731,13.964615,-13.693897,11.148,0.30898002,0.073460005,0.13365,0.083,0.0,128.294,1.105,4615374848.0
LII,"Lennox International, Inc.",Industrials,Building Products & Equipment,299,4.610392520641087,Débil,89.7,6.443661971830986,7.971830985915492,2.0774647887323945,4.014084507042254,1.5140845070422535,4.701408450704226,6.338028169014085,0.02303777425026206,0.02626515950987282,0.01847233377013146,-0.0419765938210281,0.038569854654809686,,0.9960326938211398,0.6417291364676536,0.09644280938255756,0.11091857729405286,0.00844452325661903,0.012653895657695721,,,358.42999267578125,-0.09222746137786197,-0.2613747372148747,-0.3896674567476949,0.02344238671629606,0.03463401255339053,1.163,12387582976,1.49,False,15.803791,13.755411,9.548966,12.478,0.71757007,0.14871,0.22856002,0.03,0.001,156.082,1.569,277737504.0
LULU,lululemon athletica inc.,Consumer Cyclical,Apparel Retail,436,3.8689559874608155,Débil,89.7,8.136363636363637,5.709090909090909,1.5909090909090908,8.454545454545453,0.5272727272727273,1.6672727272727275,1.6363636363636362,-0.00038827574939335086,-0.0632613058431377,-0.2920839753466873,0.0846058259191841,0.15696255550479205,,0.005033726860065028,0.9946107035765118,-0.0015568003277128817,-0.22436133361293908,-0.009781591377721882,-0.07094545519847716,,,91.87999725341797,-0.17245655348663513,-0.3611261282008936,-0.5934153586449333,0.014575941402583448,0.009747432088450499,0.922,10172037120,0.0,False,7.56214,10.626621,2.1417248,4.662,0.30898002,0.12782,0.13212,-0.043,-0.059,44.689,2.19,1148515840.0
LLY,Eli Lilly and Company,Healthcare,Drug Manufacturers - General,107,5.277088203266787,Neutral,89.7,1.1403508771929827,9.82456140350877,8.07017543859649,2.807017543859649,6.596491228070175,4.714035087719299,5.526315789473685,0.019451694792271483,0.025099829187149703,0.009330299824089037,0.0045345467666636635,0.009754887521283624,,0.9952439880283319,0.9466072456018746,0.08098825420660127,0.10571293560709794,0.10265891622818545,0.1516498289384229,,,1188.719970703125,0.011736500054067012,0.10595340402042708,-0.08040074985253165,0.5165146019048605,0.7957350053127455,0.453,1060030775296,0.6,False,39.90332,24.97707,31.280458,25.84,1.02286,0.33528998,0.54222,0.477,0.262,162.071,1.355,11065900032.0
LKQ,LKQ Corporation,Consumer Cyclical,Auto Parts,312,4.574715235109718,Débil,89.7,8.636363636363637,2.2727272727272725,0.9999999999999999,6.727272727272727,2.290909090909091,4.744545454545455,9.818181818181818,0.015090217807252039,0.022227884715523484,0.0210604997646084,0.01025979865807988,0.13397955798126945,,0.9828001462032281,0.9498877169910089,0.06231445736512886,0.09323714081180756,-0.007612552206885856,-0.050340136054421766,,,22.030000686645508,-0.09365431793085333,-0.216840569056298,-0.4066792166268379,0.04062355628934844,0.053884754802350006,0.857,5573636096,5.36,False,12.23889,7.128481,0.8658911,7.627,0.07131,0.03368,0.07013,-0.03,-0.29,82.105,1.578,724124992.0
MPC,Marathon Petroleum Corporation,Energy,Oil & Gas Refining & Marketing,66,5.593791789819376,Neutral,89.7,5.416666666666668,5.333333333333333,9.047619047619047,3.3333333333333335,9.761904761904761,4.823809523809524,0.7142857142857142,0.022178670433826254,0.036779825197299776,0.031634762496055555,-0.0012467097801704486,0.009754887521283624,,0.9925326961677924,0.9461799786090953,0.09287182271707439,0.1550905258153351,0.13374431326213224,0.4962956115739753,,,442.260009765625,0.19421736388019095,0.673366640107657,-0.00613494737943554,1.7311801998741738,0.9903554361818165,0.541,124197568512,0.93,False,15.313713,8.725339,6.5607476,10.04,0.42099,0.05549,0.13561,0.537,3.48,133.328,1.25,9249375232.0
MTB,M&T Bank Corporation,Financial Services,Banks - Regional,161,5.089543554376658,Neutral,89.7,6.461538461538462,5.907692307692308,4.230769230769231,4.884615384615385,4.138461538461538,4.706153846153847,7.846153846153846,0.022178670433826254,0.036779825197299776,0.031634762496055555,-0.0012467097801704486,0.009754887521283624,,0.9925326961677924,0.9461799786090953,0.09287182271707439,0.1550905258153351,0.015144970790702872,,,,216.6300048828125,-0.08756862343531902,-0.03309618064826381,-0.15362373556236564,0.2395857454956083,0.5157039645622923,0.615,31284893696,2.74,False,11.449789,10.30386,1.2306426,11.307500000000001,0.10742,0.32092,0.45108002,0.062,0.255,47.594,1.0255,
MKTX,"MarketAxess Holdings, Inc.",Financial Services,Capital Markets,119,5.241149389920425,Neutral,89.7,1.923076923076923,8.076923076923077,1.1153846153846154,9.5,7.930769230769231,4.706153846153847,4.923076923076923,0.022178670433826254,0.036779825197299776,0.031634762496055555,-0.0012467097801704486,0.009754887521283624,,0.9925326961677924,0.9461799786090953,0.09287182271707439,0.1550905258153351,-0.0012019396789243598,-0.00850686293286638,,,164.1699981689453,0.016881321325986187,0.04879679789528524,-0.1622697445070913,0.5096091785650143,0.6354047026937092,0.793,5778323456,1.9,False,19.405437,18.762028,4.6632576,12.92,0.2314,0.35217,0.41862,-0.005,0.01,14.275,7.465,-457790016.0
MLM,"Martin Marietta Materials, Inc.",Basic Materials,Building Materials,402,4.1292210526315785,Débil,89.7,3.4210526315789473,6.947368421052631,4.7368421052631575,3.947368421052632,2.263157894736842,5.050000000000001,0.5263157894736842,0.022178670433826254,0.036779825197299776,0.031634762496055555,-0.0012467097801704486,0.009754887521283624,,0.9925326961677924,0.9461799786090953,0.09287182271707439,0.1550905258153351,0.05322832522626368,0.005213239810426541,,,479.010009765625,-0.07638607688698673,-0.18548462283960687,-0.32625847818385445,0.01875839504375887,0.03663098997269292,1.085,34018996224,0.69,False,31.144995,21.740038,2.4913404,16.749,0.08894,0.36737,0.20185,0.21,-0.232,54.945,1.407,593374976.0
MAS,Masco Corporation,Industrials,Building Products & Equipment,28,5.990554249635745,Neutral,89.7,8.257042253521128,7.76056338028169,3.9788732394366195,6.373239436619719,5.661971830985917,4.701408450704226,7.605633802816901,0.02303777425026206,0.02626515950987282,0.01847233377013146,-0.0419765938210281,0.038569854654809686,,0.9960326938211398,0.6417291364676536,0.09644280938255756,0.11091857729405286,-0.007683333703381513,0.04212702762430939,,,68.87000274658203,-0.04006173674552049,-0.018452958977520306,-0.17659011541628367,0.18414722741716028,0.4203297781233137,1.291,13580298240,1.83,False,15.868664,14.794432,-37.206917,11.261,58.625,0.11614,0.23645,-0.029,0.245,91.998,1.865,897124992.0
LYB,LyondellBasell Industries NV,Basic Materials,Specialty Chemicals,166,5.083907078039927,Neutral,89.7,6.381578947368421,2.894736842105263,8.947368421052632,2.631578947368421,4.684210526315789,5.050000000000001,8.421052631578947,0.022178670433826254,0.036779825197299776,0.031634762496055555,-0.0012467097801704486,0.009754887521283624,,0.9925326961677924,0.9461799786090953,0.09287182271707439,0.1550905258153351,0.051191301953167866,0.6064836122534675,,,58.4900016784668,-0.06118882353324928,-0.05952531389138804,-0.3031927367349678,0.4066859470530735,0.39919739562008494,0.346,18894489600,4.68,False,32.915214500000005,9.405563,1.7704393,8.644,-0.02269,-0.01132,0.17924999,0.198,3.96,132.759,1.641,1228000000.0
MKC,"McCormick & Company, Incorporat",Consumer Defensive,Packaged Foods,76,5.551784827586206,Neutral,89.7,6.464285714285714,6.9714285714285715,5.357142857142857,4.285714285714286,1.342857142857143,7.597142857142859,6.857142857142858,0.039021284141642756,0.06050762669474092,0.10201335491703764,0.009559586589029058,0.315649793289049,,0.9994798051402201,0.9971705143489247,0.1689245366682277,0.27363539494419764,0.04060493056999287,0.06633715979007503,,,45.25,-0.12117833961941682,-0.18139625757886868,-0.37508631404502135,0.046242774566473965,0.06858710562414266,0.641,12175167488,4.23,False,8.18264,14.077146,1.7385124,11.626,0.22623,0.19393,0.1776,0.174,-0.571,66.141,0.657,742000000.0
MAR,Marriott International,Consumer Cyclical,Lodging,128,5.21669893416928,Neutral,89.7,3.045454545454546,8.0,5.818181818181818,2.9090909090909096,8.581818181818182,4.744545454545455,3.8181818181818183,0.015090217807252039,0.022227884715523484,0.0210604997646084,0.01025979865807988,0.13397955798126945,,0.9828001462032281,0.9498877169910089,0.06231445736512886,0.09323714081180756,0.027978832962138083,0.016684279394341313,,,356.5,0.015412046518119338,0.018910871450317446,-0.13256119519198017,0.3884561458171054,0.6467384256257295,1.167,92963184640,0.81,False,36.904762,27.094442,-20.626013,23.166,0.30898002,0.35029998,0.65276,0.111,0.043,128.294,0.535,2060375040.0
MDT,Medtronic plc.,Healthcare,Medical Devices,54,5.695953297035693,Neutral,89.7,7.06140350877193,5.245614035087719,7.982456140350877,7.36842105263158,2.473684210526316,4.714035087719299,9.82456140350877,0.028220106960305573,0.048801876805715814,-0.012264983596729333,0.0045345467666636635,0.009754887521283624,,0.9930595805060416,0.9741485658254339,0.11935960634967158,0.21466544582591296,0.03239460099370011,0.06315137295625105,,,85.51000213623047,-0.05066521004788893,-0.034251792086529176,-0.1958054910539785,0.16641661623558135,0.36947311133344846,0.567,109379084288,3.31,False,21.009829,13.330818,2.1790428,12.62,0.106479995,0.13934,0.19332,0.137,0.407,55.365,2.067,5412499968.0
MA,Mastercard Incorporated,Financial Services,Credit Services,194,4.986684137931035,Débil,89.7,0.2692307692307694,9.769230769230768,5.576923076923077,3.1923076923076925,9.307692307692308,4.706153846153847,0.9230769230769231,0.022178670433826254,0.036779825197299776,0.031634762496055555,-0.0012467097801704486,0.009754887521283624,,0.9925326961677924,0.9461799786090953,0.09287182271707439,0.1550905258153351,0.033707610233953786,0.038546125939213575,,,570.0599975585938,-0.0025161985543367127,0.07120744215876029,-0.051843724433920935,0.22720226805862787,0.7719991043712511,0.76,499378225152,0.61,False,31.25329,24.758509,89.12758,22.943,2.41202,0.46339,0.61108,0.141,0.221,439.583,1.061,16961250304.0
META,"Meta Platforms, Inc.",Communication Services,Internet Content & Information,29,5.989683415435141,Neutral,89.7,2.6190476190476195,8.80952380952381,5.9523809523809526,7.142857142857142,9.761904761904761,4.823809523809524,4.285714285714286,0.016471287956867288,0.05091917701449848,0.36932751540041064,-0.061522486012124775,-0.4830644665027026,,0.3470229363293961,0.7821098565563036,0.06720437263488721,0.22229825094314082,0.061796681478319855,0.0031744861189115527,,,721.3099975585938,0.1433503323303762,0.1462953188932432,-0.07503013829012628,0.386441389994606,0.7745800491546991,1.185,1837541621760,0.28,False,27.17822,20.664398,7.035798,17.367,0.29848,0.29834998,0.34827,0.28,-0.134,42.997,2.226,21553625088.0
MRK,"Merck & Company, Inc.",Healthcare,Drug Manufacturers - General,380,4.277523774954628,Débil,89.7,3.2017543859649127,2.2280701754385963,5.482456140350878,2.8947368421052633,6.456140350877193,4.714035087719299,8.421052631578947,0.019451694792271483,0.025099829187149703,0.009330299824089037,0.0045345467666636635,0.009754887521283624,,0.9952439880283319,0.9466072456018746,0.08098825420660127,0.10571293560709794,0.012179135100548116,-0.5030321736580733,,,142.7899932861328,0.0007568809389608688,0.1582881061200332,-0.0900459260378994,0.7411290487273845,0.8113735587522737,0.222,352287424512,2.4,False,113.32539,15.07916,8.406334,13.751,0.06961,0.047659997,-0.00241,0.051,0.4555,128.408,1.323,15171500032.0
MTD,"Mettler-Toledo International, I",Healthcare,Diagnostics & Research,361,4.349941197822142,Débil,89.7,1.2719298245614041,7.052631578947368,4.12280701754386,1.3157894736842106,8.982456140350877,4.714035087719299,1.9298245614035086,0.019451694792271483,0.025099829187149703,0.009330299824089037,0.0045345467666636635,0.009754887521283624,,0.9952439880283319,0.9466072456018746,0.08098825420660127,0.10571293560709794,0.010781241598574236,0.04560864226602974,,,1533.47998046875,0.0824315226729837,0.16162007207876594,-0.03294403774389554,0.4989296519903721,0.9071569134106137,1.187,30725662720,0.0,False,34.56119,29.619665,2396.0625,25.714,0.126215,0.21907,0.312,0.045,0.183,16668.447,1.122,693589632.0
MTCH,"Match Group, Inc.",Communication Services,Internet Content & Information,4,6.828069293924467,Buena,89.7,7.55952380952381,8.428571428571429,4.642857142857142,8.333333333333332,9.404761904761905,4.823809523809524,7.619047619047619,0.016471287956867288,0.05091917701449848,0.36932751540041064,-0.061522486012124775,-0.4830644665027026,,0.3470229363293961,0.7821098565563036,0.06720437263488721,0.22229825094314082,-0.0030207676960913514,0.07399740950675408,,,40.86000061035156,0.009277662762732453,0.14890980412442212,-0.09068653365190693,0.418257570647399,0.747286859556686,1.432,9531270144,1.97,False,14.489363,8.926192,-39.631424,10.437,0.48676,0.20169,0.28771,-0.012,0.504,18.859,1.724,930664000.0
MET,"MetLife, Inc.",Financial Services,Insurance - Life,253,4.813910132625995,Débil,89.7,4.653846153846154,1.9538461538461542,3.8461538461538463,4.615384615384616,9.515384615384615,4.706153846153847,7.230769230769231,0.022178670433826254,0.036779825197299776,0.031634762496055555,-0.0012467097801704486,0.009754887521283624,,0.9925326961677924,0.9461799786090953,0.09287182271707439,0.1550905258153351,0.02338115766062984,0.016321712090763996,,,95.77999877929688,-0.007605126931876427,0.14170939072431876,-0.05102547528686352,0.42254565244759945,0.8467261541457402,0.775,60865978368,2.44,False,18.278627,8.614603,2.2259924,14.115,0.13094,0.04567,0.055180002,0.105,0.058,179.933,2.027,-20953999360.0
MCD,McDonald's Corporation,Consumer Cyclical,Restaurants,200,4.971462570532915,Débil,89.7,5.227272727272727,8.0,4.454545454545454,4.272727272727273,2.2545454545454544,4.744545454545455,8.545454545454545,0.015090217807252039,0.022227884715523484,0.0210604997646084,0.01025979865807988,0.13397955798126945,,0.9828001462032281,0.9498877169910089,0.06231445736512886,0.09323714081180756,0.009327406674259424,0.013719836799098214,,,230.8800048828125,-0.10458873102443111,-0.20103857756212506,-0.32441842024049017,0.007329864235656736,0.014926742628276422,0.447,163380281344,3.32,False,18.755484,16.746452,-159.66806,14.62,0.30898002,0.3172,0.46485,0.037,0.057,128.294,1.081,6262374912.0
MCK,McKesson Corporation,Healthcare,Medical Distribution,381,4.271064004839685,Débil,89.7,5.701754385964913,2.7894736842105265,3.333333333333333,3.157894736842105,6.105263157894737,4.714035087719299,4.7368421052631575,0.019451694792271483,0.025099829187149703,0.009330299824089037,0.0045345467666636635,0.009754887521283624,,0.9952439880283319,0.9466072456018746,0.08098825420660127,0.10571293560709794,0.018721936771237326,0.02597211279035681,,,910.3300170898438,0.03328422709510814,0.0728391919639344,-0.08875874165180808,0.25791788786458625,0.6779384610266009,0.298,106135707648,0.41,False,24.236687,18.040144,-24.90507,16.551,0.126215,0.01117,0.01348,0.077,-0.176,68.8965,0.893,6801249792.0
MGM,MGM Resorts International,Consumer Cyclical,Resorts & Casinos,463,3.4574099059561125,Débil,89.7,4.2272727272727275,2.6545454545454548,6.0,3.0,1.0727272727272728,4.744545454545455,1.6363636363636362,0.015090217807252039,0.022227884715523484,0.0210604997646084,0.01025979865807988,0.13397955798126945,,0.9828001462032281,0.9498877169910089,0.06231445736512886,0.09323714081180756,0.002603566357589741,-0.015993956472642568,,,30.0,-0.25673030706948585,-0.24409163121246447,-0.41849195580538867,0.027749229188078095,0.03616071428571423,1.351,7675536896,0.0,False,18.518518,15.188951,3.002402,16.065,0.18924999,0.02398,0.067880005,0.01,5.194,893.311,1.335,878991104.0
MAA,Mid-America Apartment Communiti,Real Estate,REIT - Residential,412,4.067588045977012,Débil,89.7,4.833333333333334,4.2,4.166666666666666,2.416666666666667,2.2666666666666666,4.771666666666668,8.333333333333334,0.022178670433826254,0.036779825197299776,0.031634762496055555,-0.0012467097801704486,0.009754887521283624,,0.9925326961677924,0.9461799786090953,0.09287182271707439,0.1550905258153351,0.0023604372672450993,-0.001277792371285264,,,114.20999908447266,-0.1014487352584198,-0.12731491290171304,-0.2091267981132009,0.00017513866776996956,0.0006617830732183496,0.732,13586854912,5.23,False,33.394737,34.824684,2.4383526,15.658,0.0705,0.18173,0.25356,0.01,0.137,102.377,0.048,921182272.0
MU,"Micron Technology, Inc.",Technology,Semiconductors,1,8.044527899686521,Excelente,89.7,7.516233766233767,9.415584415584416,9.805194805194805,9.155844155844155,8.142857142857142,8.035064935064938,4.155844155844156,0.39989737634805644,0.5052649423571711,0.08562922177002634,-0.3770635039651083,0.9757219230895287,,0.9931995374362859,0.9945907160607153,4.25162780729028,7.746506093763681,0.4753750416864228,0.5954237338405772,,,1088.0,0.13119678540489987,0.5771046842516836,-0.13306772908366538,5.057569177662713,0.8447075014645851,2.226,1228779814912,0.06,False,14.637427,5.273044,12.195259,10.503,0.8826,0.63796,0.80678004,3.793,10.601,3.743,3.314,29214251008.0
MSFT,Microsoft Corporation,Technology,Software - Infrastructure,75,5.553355306762204,Neutral,89.7,4.383116883116884,7.675324675324675,5.0,5.64935064935065,7.701298701298701,4.433116883116884,6.363636363636363,0.05725986152961707,0.1120369028548086,0.028563519379000844,6.216447174862654e-05,0.03581797408915421,,0.9966000446135956,0.9539245246136695,0.25752066717092936,0.520758749309372,0.04262384096401072,0.053020501561417195,,,529.760009765625,0.07369755148001267,0.22250203480868858,-0.04327094963948386,0.517067611012672,0.8828476910112701,1.099,3933757243392,0.74,False,29.513092,22.374153,8.893814,20.502,0.34039003,0.40305,0.45111,0.177,0.317,29.118,1.23,16545500160.0
MHK,"Mohawk Industries, Inc.",Consumer Cyclical,"Furnishings, Fixtures & Appliances",72,5.555660689655172,Neutral,89.7,8.0,2.509090909090909,6.7272727272727275,8.545454545454547,7.018181818181818,4.744545454545455,1.6363636363636362,0.015090217807252039,0.022227884715523484,0.0210604997646084,0.01025979865807988,0.13397955798126945,,0.9828001462032281,0.9498877169910089,0.06231445736512886,0.09323714081180756,0.017227387952505144,0.055259467040673214,,,119.18000030517578,-0.07534559865766233,0.03311149468881869,-0.15053456660601727,0.2816431907213226,0.5535827585114305,1.168,8073032192,0.0,False,15.78543,11.90927,0.8442363,6.071,0.055120002,0.04152,0.097849995,0.068,0.376,27.604,1.916,966899968.0
MOH,Molina Healthcare Inc,Healthcare,Healthcare Plans,471,3.1086453720508165,Débil,89.7,3.815789473684211,1.1228070175438596,0.3508771929824561,4.473684210526316,4.228070175438597,4.714035087719299,1.9298245614035086,0.019451694792271483,0.025099829187149703,0.009330299824089037,0.0045345467666636635,0.009754887521283624,,0.9952439880283319,0.9466072456018746,0.08098825420660127,0.10571293560709794,-0.01014010951306869,-0.3867924528301887,,,194.82000732421875,-0.016434125401772914,0.07027106239324477,-0.20445911501401137,0.6092847127392924,0.5956553930729125,0.784,10169604096,0.0,False,2164.6667,19.99175,2.4288137,13.4,-0.0016,-0.00016000001,0.01398,-0.057,-0.753,94.773,1.679,700249984.0
TAP,Molson Coors Beverage Company,Consumer Defensive,Beverages - Brewers,366,4.320700295566502,Débil,89.7,8.392857142857142,1.5857142857142856,1.6428571428571428,5.142857142857143,2.657142857142857,5.0200000000000005,7.857142857142857,0.010587669265972103,0.03240886543954835,0.03841852500854691,-0.006732534589445632,-0.1069229189439744,,0.9824247237971335,0.8758219755770231,0.043225815284394065,0.13804200371797326,-0.009322703606012528,-0.09391745777235487,,,36.95000076293945,-0.07658241125846066,-0.14355777536090053,-0.32597590727947,0.04025903048816026,0.07409330377924613,0.43,6889473024,5.2,False,22.28493,7.6095977,0.68243945,5.724,-0.19466,-0.20808001,0.11297,-0.033,-0.423,76.03,0.879,935137472.0
MCHP,Microchip Technology Incorporat,Technology,Semiconductors,123,5.229292969099864,Neutral,89.7,3.246753246753247,2.3506493506493507,7.792207792207792,4.9350649350649345,4.259740259740259,7.666233766233767,8.96103896103896,0.15157463111841535,0.18686876297458943,0.08644022771707216,-0.014252269139233852,0.046344533934074575,,0.993489689607621,0.9967601092747992,0.8356987558501576,1.1192808609591967,0.08682186829222772,0.21541375735617066,,,78.0199966430664,0.027731043789437804,-0.013077212694817875,-0.2633368270884109,0.6079966332041715,0.5140267754498415,1.759,42365538304,2.24,False,114.73529,17.02174,6.56734,32.701,0.0719,0.0934,0.23958,0.38,0.858,83.688,1.921,1364762496.0
MDLZ,"Mondelez International, Inc.",Consumer Defensive,Confectioners,151,5.12687960591133,Neutral,89.7,4.142857142857142,5.771428571428571,6.714285714285714,3.571428571428571,6.714285714285714,5.0200000000000005,5.428571428571428,0.010587669265972103,0.03240886543954835,0.03841852500854691,-0.006732534589445632,-0.1069229189439744,,0.9824247237971335,0.8758219755770231,0.043225815284394065,0.13804200371797326,0.009439225036456422,0.1656441717791411,,,59.380001068115234,-0.0401153370084959,-0.0045514183530132035,-0.10907725329159446,0.15976564586162567,0.5294499073213741,0.391,75787173888,3.49,False,21.830883,17.657906,2.854396,15.87,0.13340001,0.08862001,0.21978001,0.041,1.449,82.643,0.599,2252375040.0
MRNA,"Moderna, Inc.",Healthcare,Biotechnology,254,4.8136846944948575,Débil,89.7,6.842105263157895,0.3508771929824561,2.1052631578947367,8.421052631578947,9.333333333333332,4.714035087719299,1.9298245614035086,0.019451694792271483,0.025099829187149703,0.009330299824089037,0.0045345467666636635,0.009754887521283624,,0.9952439880283319,0.9466072456018746,0.08098825420660127,0.10571293560709794,0.0013483434095703272,0.04523705833180873,,,196.47999572753906,0.5201170704287328,1.8053692342102714,-0.07416833603082151,7.818671262456869,0.9171317033144102,1.095,78441865216,0.0,False,23.900088500000003,-44.14547,11.5951605,-32.342,-0.38998002,-1.41427,-5.5793104,0.021,0.08,19.036,2.295,299249984.0
MPWR,"Monolithic Power Systems, Inc.",Technology,Semiconductors,24,6.045237438423645,Neutral,89.7,1.038961038961039,5.558441558441558,8.051948051948052,9.740259740259742,6.181818181818182,7.666233766233767,5.7142857142857135,0.15157463111841535,0.18686876297458943,0.08644022771707216,-0.014252269139233852,0.046344533934074575,,0.993489689607621,0.9967601092747992,0.8356987558501576,1.1192808609591967,0.10688475320992322,0.16463161057252593,,,1425.97998046875,0.08841220143140438,0.10647442539243146,-0.16808336757769426,0.7114908908864233,0.6729404598298919,1.681,70076932096,0.54,False,86.73844,40.77099,17.989126,71.007,0.21979,0.24500999,0.30989,0.476,0.858,0.486,4.975,444316128.0
MNST,Monster Beverage Corporation,Consumer Defensive,Beverages - Non-Alcoholic,68,5.585338719211823,Neutral,89.7,0.8928571428571428,8.142857142857142,8.285714285714286,9.714285714285715,6.628571428571428,5.0200000000000005,0.4285714285714286,0.010587669265972103,0.03240886543954835,0.03841852500854691,-0.006732534589445632,-0.1069229189439744,,0.9824247237971335,0.8758219755770231,0.043225815284394065,0.13804200371797326,0.04843374650110143,0.03210824847376132,,,42.880001068115234,-0.05407310929083653,0.009973751237800421,-0.1453059384469756,0.30176080959669815,0.5769008164895667,0.492,84004143104,0.0,False,39.703705,32.77761,8.970711,27.751,0.25704,0.23079,0.2918,0.202,0.18,0.992,3.729,1681231104.0
MSCI,MSCI Inc.,Financial Services,Financial Data & Stock Exchanges,281,4.692714907161804,Débil,89.7,2.7115384615384617,7.923076923076923,5.115384615384615,2.807692307692308,5.8,4.706153846153847,4.153846153846154,0.022178670433826254,0.036779825197299776,0.031634762496055555,-0.0012467097801704486,0.009754887521283624,,0.9925326961677924,0.9461799786090953,0.09287182271707439,0.1550905258153351,0.029116248701906735,0.05727015428085735,,,555.3800048828125,-0.008716248673726557,-0.030353498837477844,-0.1386385767284264,0.10836593933665783,0.37789689528020404,1.237,40376127488,1.48,False,30.348635,24.708792,-15.012705,23.714,0.16521999,0.40735,0.56298,0.122,0.196,69.226,0.894,1194705920.0
MOS,Mosaic Company (The),Basic Materials,Agricultural Inputs,474,3.027048275862069,Débil,89.7,7.105263157894736,0.9473684210526316,3.4210526315789473,3.947368421052632,1.526315789473684,1.1000000000000003,7.894736842105264,0.00798398146407759,-0.13557558706527842,-1.1792376317923763,0.07005392221831999,-0.31981045862465207,,0.2686478070719791,0.9999031096047296,0.032704791924803356,-0.42078881745920127,-0.014610422778234372,-0.1376749764660081,,,19.969999313354492,-0.15043693521902768,-0.18377859785851236,-0.4452777968512641,0.008585823906792411,0.010493784774968611,0.918,6348376064,4.2,False,29.032257,12.645884,0.5537685,7.339,-0.05073,-0.05213,-0.00117,-0.06,0.21200000000000002,52.249,1.337,-746275008.0
MCO,Moody's Corporation,Financial Services,Financial Data & Stock Exchanges,343,4.443765305039788,Débil,89.7,0.6730769230769231,9.03076923076923,7.423076923076923,3.653846153846154,3.4461538461538463,4.706153846153847,1.5384615384615385,0.022178670433826254,0.036779825197299776,0.031634762496055555,-0.0012467097801704486,0.009754887521283624,,0.9925326961677924,0.9461799786090953,0.09287182271707439,0.1550905258153351,0.0364537109530087,0.062401642373515934,,,449.6300048828125,-0.06294480604124253,-0.044948883784551086,-0.17782693665372207,0.11770409884362265,0.3274550821771267,1.346,77867368448,0.91,False,28.529821,23.753626,25.741686,20.873,0.76932,0.34252,0.49473998,0.151,0.567,240.682,1.19,2579124992.0
MSI,"Motorola Solutions, Inc.",Technology,Communication Equipment,389,4.2266527541424095,Débil,89.7,3.0844155844155847,6.545454545454545,3.5064935064935066,1.7207792207792205,4.792207792207793,4.5603896103896115,7.142857142857143,0.05683803857620076,0.10773810007810213,0.046320951095048836,-0.0012334314856649216,0.04041929196366032,,0.9966000446135956,0.9580285284744481,0.2547803986419861,0.4571519792485952,0.031091962928922943,0.07555809683130041,,,448.3299865722656,-0.03091486806956889,0.03815908375856436,-0.09400831247395047,0.24757899201988431,0.6566535284690058,0.886,74195828736,1.06,False,35.301575,23.073305,27.768967,22.468,0.91567004,0.17438999,0.27354,0.133,0.095,357.85,1.099,1979000064.0
MS,Morgan Stanley,Financial Services,Capital Markets,158,5.105643289124669,Neutral,89.7,3.730769230769231,6.36923076923077,8.461538461538462,4.346153846153847,4.015384615384615,4.706153846153847,7.0769230769230775,0.022178670433826254,0.036779825197299776,0.031634762496055555,-0.0012467097801704486,0.009754887521283624,,0.9925326961677924,0.9461799786090953,0.09287182271707439,0.1550905258153351,0.06360179988005427,,,,189.7100067138672,-0.09004829773724554,-0.022250453988578944,-0.18316466431058265,0.2494073150281031,0.47096140671393094,1.214,297952149504,2.41,False,15.32391,13.981701,2.7980413,11.307500000000001,0.17969999,0.25897,0.41567,0.28,0.624,517.282,1.999,
NDAQ,"Nasdaq, Inc.",Financial Services,Financial Data & Stock Exchanges,325,4.53261198938992,Débil,89.7,1.2307692307692306,7.23076923076923,5.230769230769231,2.6923076923076925,7.630769230769231,4.706153846153847,2.9230769230769234,0.022178670433826254,0.036779825197299776,0.031634762496055555,-0.0012467097801704486,0.009754887521283624,,0.9925326961677924,0.9461799786090953,0.09287182271707439,0.1550905258153351,0.035984559311503114,0.04228855721393035,,,91.93000030517578,-0.031202178660357127,0.014163878039714639,-0.09686609386800493,0.20091443899641792,0.609350249808866,0.998,51386785792,1.26,False,26.801748,19.65631,4.3096905,17.997,0.16521999,0.35037,0.49333,0.149,0.141,77.687,1.006,1691500032.0
NWS,News Corporation,Communication Services,Entertainment,341,4.455026600985222,Débil,89.7,3.4523809523809526,2.619047619047619,3.2142857142857144,7.142857142857143,6.714285714285714,4.823809523809524,4.761904761904762,0.016471287956867288,0.05091917701449848,0.36932751540041064,-0.061522486012124775,-0.4830644665027026,,0.3470229363293961,0.7821098565563036,0.06720437263488721,0.22229825094314082,0.025909061818181818,0.2995208178913738,,,31.520000457763672,-0.04579111369484479,0.043741457355899405,-0.11856821986119481,0.23656337613823752,0.587147074757904,0.976,16991874048,0.63,False,30.601944,20.850424,2.0090508,13.885,0.07979,0.06347,0.12537,0.108,-0.749,31.561,1.623,1045124992.0
NEE,"NextEra Energy, Inc.",Utilities,Utilities - Regulated Electric,251,4.814756242568371,Débil,89.7,2.974137931034483,8.775862068965516,8.96551724137931,3.706896551724138,1.2413793103448276,4.775862068965519,4.137931034482759,0.022178670433826254,0.036779825197299776,0.031634762496055555,-0.0012467097801704486,0.009754887521283624,,0.9925326961677924,0.9461799786090953,0.09287182271707439,0.1550905258153351,0.029928978509816486,0.025354903267109024,,,77.05999755859375,-0.06679457904521724,-0.1180230994336422,-0.2196455943433544,0.03561345999991605,0.10887418071461598,0.639,160745472000,3.2,False,17.316854,17.553612,2.8136408,19.243,0.11677,0.32401,0.31524,0.124,0.531,161.676,0.534,-17766875136.0
NWSA,News Corporation,Communication Services,Entertainment,232,4.874911658456486,Débil,89.7,4.523809523809525,2.619047619047619,3.2142857142857144,7.142857142857143,8.38095238095238,4.823809523809524,5.238095238095238,0.016471287956867288,0.05091917701449848,0.36932751540041064,-0.061522486012124775,-0.4830644665027026,,0.3470229363293961,0.7821098565563036,0.06720437263488721,0.22229825094314082,0.025909061818181818,0.2995208178913738,,,28.610000610351562,-0.027214842016716423,0.07607769914024987,-0.09633605147341873,0.2887387662320524,0.6775899165276493,0.976,15423144960,0.7,False,27.776701,18.925463,1.8235707,12.684,0.07979,0.06347,0.12537,0.108,-0.749,31.561,1.623,1045124992.0
NFLX,"Netflix, Inc.",Communication Services,Entertainment,307,4.590681773399015,Débil,89.7,2.857142857142857,8.857142857142858,6.190476190476191,5.476190476190476,1.5714285714285712,4.823809523809524,1.4285714285714284,0.016471287956867288,0.05091917701449848,0.36932751540041064,-0.061522486012124775,-0.4830644665027026,,0.3470229363293961,0.7821098565563036,0.06720437263488721,0.22229825094314082,0.031579737227011906,0.030684387002045562,,,69.69999694824219,-0.07655948907051557,-0.16830344696780142,-0.4417748122037307,0.07098950442904406,0.07728332131552675,1.613,290226569216,0.0,False,21.918238,18.307945,9.625742,19.933,0.49541,0.28219,0.33381,0.134,0.111,55.236,1.142,25387552768.0
NTRS,Northern Trust Corporation,Financial Services,Asset Management,32,5.951773793103448,Neutral,89.7,4.51923076923077,6.430769230769231,9.5,7.6923076923076925,6.215384615384615,4.706153846153847,5.461538461538461,0.022178670433826254,0.036779825197299776,0.031634762496055555,-0.0012467097801704486,0.009754887521283624,,0.9925326961677924,0.9461799786090953,0.09287182271707439,0.1550905258153351,0.08632754005350854,,,,168.17999267578125,-0.07563749754986626,0.031037128960455185,-0.1409746006957746,0.3885402301501093,0.6303240379826044,1.253,30769479680,1.94,False,14.448453,13.110158,2.4582686,11.142,0.17066,0.2467,0.42496,0.364,0.986,41.450500000000005,2.0285,
NSC,Norfolk Southern Corporation,Industrials,Railroads,213,4.931242933462845,Débil,89.7,4.964788732394366,6.943661971830986,4.154929577464789,2.4295774647887325,5.929577464788732,4.701408450704226,7.253521126760564,0.02303777425026206,0.02626515950987282,0.01847233377013146,-0.0419765938210281,0.038569854654809686,,0.9960326938211398,0.6417291364676536,0.09644280938255756,0.11091857729405286,0.02913420778535817,-0.03454446798506137,,,313.20001220703125,-0.050972897559524055,0.005007427514905016,-0.12660342385100043,0.12742984955734782,0.4381189629583073,1.283,70347341824,1.71,False,26.72355,21.93517,4.328239,15.385,0.16985,0.21021,0.35296002,0.114,-0.044,105.519,0.831,1382249984.0
NKE,"Nike, Inc.",Consumer Cyclical,Footwear & Accessories,331,4.494590595611285,Débil,89.7,5.0,3.5272727272727273,1.9545454545454546,7.818181818181818,1.4363636363636363,5.600000000000002,9.272727272727273,-0.006829386366007697,0.11546569131530585,0.05466243836884674,-0.004777230852726201,0.13397955798126945,,0.8914389244930714,0.9682878627122,-0.02698483601309687,0.5994329723130458,-0.010927256938053364,0.07740505291732759,,,34.36000061035156,-0.11081665613366831,-0.29000561816412807,-0.5122089635100573,0.07475760432754353,0.062126348072564695,1.099,51035209728,4.74,False,16.519232,20.199646,3.4277732,11.07,0.21563,0.0674,0.07919,-0.043,-0.021,73.095,2.075,1766875008.0
NDSN,Nordson Corporation,Industrials,Specialty Industrial Machinery,48,5.7686474987858185,Neutral,89.7,3.098591549295775,6.661971830985916,6.19718309859155,7.253521126760563,9.788732394366198,4.701408450704226,4.647887323943662,0.02303777425026206,0.02626515950987282,0.04349865017300607,-0.09303731747902745,0.10159833600882966,,0.9938618487785373,0.9958983178168976,0.09644280938255756,0.11091857729405286,0.026228468713488547,0.023300270543564514,,,327.69000244140625,0.03394028281482098,0.13729815748747742,-0.03370487602793626,0.46755341681851514,0.9013209223983963,0.992,18252126208,1.13,False,33.167004,25.240202,5.583309,21.213,0.17763,0.18631001,0.27403998,0.103,0.23,55.619,1.823,613806656.0
NI,NiSource Inc,Utilities,Utilities - Regulated Gas,455,3.5992057074910826,Débil,89.7,3.4482758620689657,2.2758620689655173,2.844827586206897,4.137931034482759,4.413793103448276,4.775862068965519,3.275862068965517,0.022178670433826254,0.036779825197299776,0.031634762496055555,-0.0012467097801704486,0.009754887521283624,,0.9925326961677924,0.9461799786090953,0.09287182271707439,0.1550905258153351,0.008707024564082143,0.014516994513513319,,,40.540000915527344,-0.021685073445354308,-0.09576038062091541,-0.17618368389499406,0.05517961779092517,0.1964783054242208,0.548,19441367040,2.95,False,21.56383,18.009134,2.0302484,12.953,0.085489996,0.13153,0.17156,0.046,-0.584,146.649,0.498,-1772999936.0
NCLH,Norwegian Cruise Line Holdings ,Consumer Cyclical,Travel Services,321,4.547231849529781,Débil,89.7,7.909090909090908,5.709090909090909,7.0,0.5454545454545456,2.6545454545454548,4.744545454545455,1.6363636363636362,0.015090217807252039,0.022227884715523484,0.0210604997646084,0.01025979865807988,0.13397955798126945,,0.9828001462032281,0.9498877169910089,0.06231445736512886,0.09323714081180756,0.012266347030956646,-0.008430398449042769,,,15.050000190734863,-0.09340625093461297,-0.22330396730471702,-0.40111419853820673,0.10418196557115644,0.12347827745520545,1.956,6910776832,0.0,False,9.290124,9.069161,2.686061,8.821,0.3673,0.07492,0.14042,0.049,6.163,621.051,0.2,-1680301312.0
NOC,Northrop Grumman Corporation,Industrials,Aerospace & Defense,358,4.368424089363768,Débil,89.7,7.32394366197183,4.690140845070422,2.2535211267605635,4.154929577464788,1.267605633802817,4.701408450704226,8.52112676056338,0.02303777425026206,0.02626515950987282,0.01847233377013146,-0.0419765938210281,0.038569854654809686,,0.9960326938211398,0.6417291364676536,0.09644280938255756,0.11091857729405286,0.012391736418966645,-0.007116428817073263,,,473.4599914550781,-0.11587152844262572,-0.20754131016110255,-0.38829458468336164,0.00723310099791119,0.01118639025820268,-0.112,67261157376,2.05,False,15.049587,15.549789,3.760962,11.492,0.26958,0.104820006,0.11604,0.051,-0.058,95.348,1.168,2478000128.0
NUE,Nucor Corporation,Basic Materials,Steel,11,6.279304537205081,Neutral,89.7,6.052631578947369,5.684210526315789,8.68421052631579,8.68421052631579,8.31578947368421,5.050000000000001,2.3684210526315788,0.022178670433826254,0.036779825197299776,0.031634762496055555,-0.0012467097801704486,0.009754887521283624,,0.9925326961677924,0.9461799786090953,0.09287182271707439,0.1550905258153351,0.05682084700864908,0.14675011763908258,,,246.44000244140625,-0.03714138970843772,0.14326773063030718,-0.12020276876439173,0.8766372406442755,0.7737079268862574,1.852,55911243776,0.89,False,19.652313,12.240631,2.5288868,11.006,0.14548999,0.07989,0.15668,0.23,0.938,30.512,2.508,683374976.0
NRG,"NRG Energy, Inc.",Utilities,Utilities - Independent Power Producers,440,3.8427835909631387,Débil,89.7,2.8448275862068964,4.241379310344827,6.724137931034483,3.8793103448275863,2.3620689655172415,4.775862068965519,1.3793103448275863,0.022178670433826254,0.036779825197299776,0.031634762496055555,-0.0012467097801704486,0.009754887521283624,,0.9925326961677924,0.9461799786090953,0.09287182271707439,0.1550905258153351,0.022881644268774703,0.4406555006217467,,,108.61000061035156,-0.03605838667050465,-0.22593712415543998,-0.42824804900846725,0.16334619334138356,0.1578675011423557,1.161,22830960640,1.83,False,28.431938,9.706698,5.43213,14.059,0.23772,0.02563,0.12765999,0.11,0.086,483.357,0.968,772374976.0
NTAP,"NetApp, Inc.",Technology,Software - Infrastructure,137,5.168537572772055,Neutral,89.7,3.506493506493507,6.7272727272727275,7.077922077922078,2.9220779220779223,9.57142857142857,3.131168831168832,6.753246753246753,0.04865635130568155,0.08987980887355457,0.028563519379000844,-0.03868471793950874,0.02253610897088035,,0.957129321916897,0.9912437455325233,0.21364257562319477,0.43151451917905836,0.0672923984230844,0.10554089353318355,,,235.77000427246094,0.21142026665149682,0.6852673970597056,-0.009681805009089772,1.516490599556633,0.9840357673751494,1.45,46309711872,0.91,False,33.25388,21.134525,30.908497,20.921,1.14818,0.19184999,0.26667,0.299,0.635,169.498,1.242,1171374976.0
NVDA,NVIDIA Corporation,Technology,Semiconductors,3,6.858665114196148,Buena,89.7,3.993506493506494,9.623376623376624,9.058441558441558,8.863636363636363,7.779220779220779,5.6175324675324685,5.194805194805195,0.16901627679492157,0.20410391979681364,0.009242727094937805,0.652632938404192,-0.1409455650178188,,0.9937798417789561,0.9991346661290489,0.968525793053358,1.2821110719082611,0.19519039174532504,0.21600590288841817,,,237.47000122070312,0.08051908424428333,0.17931884477062776,-0.024242917283547216,0.44560784818106236,0.9254108877459307,2.216,5734188187648,0.42,False,30.021492,14.921518,25.041655,28.53,1.17211,0.63663,0.66236997,1.059,1.278,16.971,4.589,41809874944.0
OXY,Occidental Petroleum Corporatio,Energy,Oil & Gas E&P,63,5.611325451559933,Neutral,89.7,6.071428571428571,5.785714285714285,8.928571428571427,6.19047619047619,4.952380952380952,4.823809523809524,3.8095238095238093,0.022178670433826254,0.036779825197299776,0.031634762496055555,-0.0012467097801704486,0.009754887521283624,,0.9925326961677924,0.9461799786090953,0.09287182271707439,0.1550905258153351,0.13291344114029346,0.267017628084177,,,58.209999084472656,-0.00447398250650477,0.07385544891664675,-0.13699037680544623,0.5002577083626973,0.6774868790391851,0.245,58188890112,1.92,False,16.536932,14.245578,1.7392212,5.665,0.10629,0.30318,0.45443,0.534,9.649,34.511,1.411,3788124928.0
NVR,"NVR, Inc.",Consumer Cyclical,Residential Construction,247,4.8322838871473355,Débil,89.7,5.863636363636364,6.127272727272726,0.7272727272727273,9.0,4.745454545454545,4.744545454545455,1.6363636363636362,0.015090217807252039,0.022227884715523484,0.0210604997646084,0.01025979865807988,0.13397955798126945,,0.9828001462032281,0.9498877169910089,0.06231445736512886,0.09323714081180756,-0.02883449309897026,-0.07656237021906254,,,5931.6201171875,-0.05391557343413955,-0.11139911003176006,-0.2766316930259146,0.07827837382362501,0.15954491020252012,0.902,15885786112,0.0,False,15.409608,15.132052,4.684421,10.484,0.31544,0.1185,0.13889,-0.109,-0.226,32.15,5.67,918313280.0
ON,ON Semiconductor Corporation,Technology,Semiconductors,252,4.814022033139274,Débil,89.7,4.87012987012987,2.25974025974026,4.025974025974026,6.558441558441558,4.233766233766233,7.666233766233767,2.077922077922078,0.15157463111841535,0.18686876297458943,0.08644022771707216,-0.014252269139233852,0.046344533934074575,,0.993489689607621,0.9967601092747992,0.8356987558501576,1.1192808609591967,0.022233196532587072,-0.1043559377484227,,,82.51000213623047,0.07753388447926124,0.021458579134322475,-0.3884524004133525,0.8516607301667518,0.4199867434288454,2.052,32122681344,0.0,False,53.23226,18.218954,4.449658,16.492,0.08312,0.10168,0.19532,0.092,0.366,65.055,3.464,1656649984.0
ORLY,"O'Reilly Automotive, Inc.",Consumer Cyclical,Auto Parts,297,4.623692037617555,Débil,89.7,4.0,5.581818181818182,6.318181818181818,4.0,5.454545454545454,4.744545454545455,1.6363636363636362,0.015090217807252039,0.022227884715523484,0.0210604997646084,0.01025979865807988,0.13397955798126945,,0.9828001462032281,0.9498877169910089,0.06231445736512886,0.09323714081180756,0.020156124271707484,0.020714893757820773,,,84.61000061035156,-0.0407138171862953,-0.06887424563680966,-0.18691139140542412,0.024458174238425556,0.09408479787384999,0.542,68446171136,0.0,False,26.860317,23.175615,-37.621162,18.754,0.05158,0.1427,0.2015,0.081,0.103,82.105,0.752,1570733824.0
NXPI,NXP Semiconductors N.V.,Technology,Semiconductors,30,5.982820958351994,Neutral,89.7,7.045454545454546,5.753246753246753,6.363636363636363,5.0,3.142857142857143,7.666233766233767,8.051948051948052,0.15157463111841535,0.18686876297458943,0.08644022771707216,-0.014252269139233852,0.046344533934074575,,0.993489689607621,0.9967601092747992,0.8356987558501576,1.1192808609591967,0.04518433461024198,0.058479642224475444,,,235.22000122070312,0.01548921618282395,-0.04331595740717098,-0.3080747132792966,0.28535519792733943,0.33271743370948154,1.811,59314057216,1.66,False,20.087105,12.970563,5.2054796,13.761,0.27921,0.22564,0.30406,0.195,0.726,93.325,2.04,3555000064.0
OMC,Omnicom Group Inc.,Communication Services,Advertising Agencies,323,4.542694909688013,Débil,89.7,5.17857142857143,1.9999999999999998,8.80952380952381,2.9761904761904763,3.2380952380952377,4.823809523809524,8.571428571428571,0.016471287956867288,0.05091917701449848,0.36932751540041064,-0.061522486012124775,-0.4830644665027026,,0.3470229363293961,0.7821098565563036,0.06720437263488721,0.22229825094314082,0.12847293712124414,0.1651617281991017,,,74.87000274658203,-0.08249344686155635,-0.04310008024332079,-0.16411741937499125,0.12875022985952111,0.3674699977014645,0.703,20540282880,4.26,False,197.02632,6.4228554,2.1259017,8.053,0.060510002,0.017439999,0.15384,0.634,0.588,107.744,0.924,4260624896.0
ODFL,"Old Dominion Freight Line, Inc.",Industrials,Trucking,176,5.058709664885867,Neutral,89.7,2.570422535211268,7.704225352112676,6.76056338028169,8.908450704225352,2.9718309859154934,4.701408450704226,2.535211267605634,0.02303777425026206,0.02626515950987282,0.01847233377013146,-0.0419765938210281,0.038569854654809686,,0.9960326938211398,0.6417291364676536,0.09644280938255756,0.11091857729405286,0.0268097241799121,0.06383878396492901,,,175.61000061035156,-0.09726191582214616,-0.12205420911362042,-0.30321786846664456,0.39361955884732613,0.39358832415768574,1.203,36521312256,0.65,False,33.771156,26.190042,8.012136,20.438,0.24818,0.19443001,0.28835,0.104,0.323,0.44,1.889,970776000.0
ORCL,Oracle Corporation,Technology,Software - Infrastructure,288,4.659289565606807,Débil,89.7,6.0064935064935066,7.337662337662337,6.818181818181818,2.207792207792208,1.7272727272727273,3.768181818181819,7.402597402597403,0.05683803857620076,0.1120369028548086,0.042403435118153955,0.021470885620321394,-0.37869573607239393,,0.9927717333665073,0.982802446816894,0.2547803986419861,0.5745259721983127,0.06560568892607777,0.08491398696656852,,,143.55999755859375,-0.00746134133351295,-0.11649514208578948,-0.5549079259670313,0.2537991053152293,0.1396846642885683,1.77,435202293760,1.38,False,22.501566,13.054243,7.022796,16.705,0.41192,0.2636,0.35632,0.296,0.545,251.716,1.171,-45853626368.0
OKE,"ONEOK, Inc.",Energy,Oil & Gas Midstream,360,4.355361576354679,Débil,89.7,4.2857142857142865,4.285714285714286,4.761904761904762,1.9047619047619047,4.142857142857142,4.823809523809524,9.761904761904761,0.022178670433826254,0.036779825197299776,0.031634762496055555,-0.0012467097801704486,0.009754887521283624,,0.9925326961677924,0.9461799786090953,0.09287182271707439,0.1550905258153351,0.11822516294002125,0.021713110985602413,,,88.05000305175781,-0.04397806033678664,0.013102481574684743,-0.11817723533542501,0.37535150033985976,0.670667123967564,0.798,55507533824,4.8,False,15.207254,14.113993,2.4198203,11.637,0.16277,0.09287,0.13254,0.528,0.142,143.07,0.737,899875008.0
OTIS,Otis Worldwide Corporation,Industrials,Specialty Industrial Machinery,225,4.898762117532782,Débil,89.7,8.045774647887324,3.957746478873239,4.154929577464788,4.647887323943662,2.7746478873239435,4.701408450704226,9.366197183098592,0.02303777425026206,0.02626515950987282,0.01847233377013146,-0.0419765938210281,0.038569854654809686,,0.9960326938211398,0.6417291364676536,0.09644280938255756,0.11091857729405286,0.018024133737042085,0.08383481643218141,,,65.73999786376953,-0.06294546633545917,-0.1555789035528301,-0.30481681527235727,0.03405423301249755,0.06986117663018808,0.859,25025202176,2.65,False,16.899742,14.498315,-4.3539305,12.736,0.17763,0.10167,0.15133001,0.073,0.13,49.003,0.831,1436249984.0
PCAR,PACCAR Inc.,Industrials,Farm & Heavy Construction Machinery,375,4.294455172413793,Débil,89.7,6.126760563380281,2.901408450704225,1.9014084507042255,7.5,2.7464788732394365,4.701408450704226,5.774647887323944,0.02303777425026206,0.02626515950987282,0.01847233377013146,-0.0419765938210281,0.038569854654809686,,0.9960326938211398,0.6417291364676536,0.09644280938255756,0.11091857729405286,0.0013031306246165475,0.010521345330002421,,,106.86000061035156,-0.13638435009527128,-0.11484888931302584,-0.23254811397334418,0.15837399035611455,0.31091722941799443,0.988,56247361536,1.28,False,22.496841,14.887073,2.767892,19.468,0.12755999,0.09003,0.12024,0.005,0.042,72.91,5.519,1943650048.0
PAYX,"Paychex, Inc.",Technology,Software - Application,167,5.08377196596507,Neutral,89.7,5.974025974025975,7.662337662337663,2.337662337662338,3.1818181818181817,2.6233766233766236,6.02857142857143,9.805194805194805,0.27181278109199525,0.3503336744768494,-0.07505815633766454,-0.04133727961506929,0.04041929196366032,,0.7499999999999999,0.7500000000000001,1.7686847297076214,2.664081948763651,0.6639365161290323,0.914179184079602,,,101.55000305175781,-0.12821540374435714,-0.020287873742482754,-0.21425252977593778,0.18841431306913758,0.36766391988485514,0.848,36149817344,4.71,False,20.14881,15.895602,9.667747,12.881,0.47055,0.27353,0.38504001,0.059,0.139,124.704,1.277,1887112448.0
PH,Parker-Hannifin Corporation,Industrials,Specialty Industrial Machinery,181,5.034417289946576,Neutral,89.7,2.78169014084507,7.08450704225352,5.563380281690141,5.915492957746478,6.549295774647887,4.701408450704226,3.23943661971831,0.02303777425026206,0.02626515950987282,0.01847233377013146,-0.0419765938210281,0.038569854654809686,,0.9960326938211398,0.6417291364676536,0.09644280938255756,0.11091857729405286,0.024396053733381773,0.016791338369292634,,,952.7899780273438,-0.03556719627958271,0.007156273680623881,-0.13378004434119706,0.3318841690696335,0.6173647919165398,1.119,120158642176,0.81,False,33.454704,24.16173,7.799717,23.373,0.25076,0.16968,0.23458,0.098,0.193,56.66,1.262,2961750016.0
PAYC,"Paycom Software, Inc.",Technology,Software - Application,302,4.603316077026422,Débil,89.7,5.162337662337662,6.779220779220779,4.577922077922078,2.207792207792208,7.363636363636363,2.6194805194805197,6.103896103896104,0.031224392380203848,0.06481782073341467,-0.011365429862756873,0.052453301888429636,0.04041929196366032,,0.9987556329197307,0.9349635911436769,0.13324644033747524,0.29799706906771684,0.022741388023637468,0.09585574239713775,,,223.5800018310547,0.03379079044469324,0.4382889381509687,-0.08735406224567432,1.1313632205057642,0.8472301672690941,0.826,10077113344,0.67,False,23.65926,16.009647,17.01781,14.468,0.41089,0.22778,0.31721002,0.098,0.481,171.969,1.074,423724992.0
PANW,"Palo Alto Networks, Inc.",Technology,Software - Infrastructure,453,3.6407432154052843,Débil,89.7,0.9577922077922074,0.3246753246753247,6.525974025974026,5.129870129870131,8.532467532467532,3.475974025974027,2.077922077922078,0.07441372398217906,0.10773810007810213,-0.5886360533536672,0.6086481035877777,0.03581797408915421,,0.9966000446135956,0.1910086553969297,0.34643039504430995,0.4669915264204314,0.0823552241716717,0.6610138664762585,,,405.57000732421875,0.10941211942987628,0.605449778182235,-0.06189714494895393,1.905853745964167,0.9085940952459993,0.933,331756273664,0.0,False,1013.925,83.12445,12.022944,219.861,0.01739,0.02674,0.05396,0.345,0.378,9.337,0.871,4240624896.0
PLTR,Palantir Technologies Inc.,Technology,Software - Infrastructure,43,5.7934574115539625,Neutral,89.7,0.27597402597402565,8.246753246753245,9.285714285714285,9.740259740259742,8.168831168831169,4.433116883116884,2.077922077922078,0.05725986152961707,0.1120369028548086,0.028563519379000844,6.216447174862654e-05,0.03581797408915421,,0.9966000446135956,0.9539245246136695,0.25752066717092936,0.520758749309372,0.17835676409925452,0.31927454789891324,,,194.1199951171875,0.12653232726071062,0.27553866814879924,-0.06457211296652132,0.8249505980745275,0.8675234317072417,1.602,466481676288,0.0,False,167.34483,82.81004,47.71878,169.933,0.38097,0.49005002,0.47120997,0.928,2.154,2.139,7.228,2159104512.0
PNR,Pentair plc.,Industrials,Specialty Industrial Machinery,223,4.902992812044681,Débil,89.7,8.961267605633802,5.985915492957746,1.0211267605633803,7.04225352112676,0.5281690140845071,4.701408450704226,8.309859154929578,0.02303777425026206,0.02626515950987282,0.01847233377013146,-0.0419765938210281,0.038569854654809686,,0.9960326938211398,0.6417291364676536,0.09644280938255756,0.11091857729405286,-0.04533228097753587,-0.046160837325894405,,,52.189998626708984,-0.1389181514093598,-0.35184249701835146,-0.5350971082602086,0.01065063181078596,0.009072890575865782,1.031,8329523712,2.04,False,13.45103,9.998084,2.222175,9.784,0.17126,0.16237,0.2344,-0.17,-0.111,47.067,1.451,558312512.0
PCG,Pacific Gas & Electric Co.,Utilities,Utilities - Regulated Electric,272,4.719196195005945,Débil,89.7,9.353448275862068,4.241379310344827,5.775862068965517,5.689655172413793,0.7931034482758621,4.775862068965519,1.0344827586206897,0.022178670433826254,0.036779825197299776,0.031634762496055555,-0.0012467097801704486,0.009754887521283624,,0.9925326961677924,0.9461799786090953,0.09287182271707439,0.1550905258153351,0.00015483079206295977,0.01357512429640337,,,12.789999961853027,-0.16189403025745863,-0.22478271114803516,-0.3324634675442053,0.0866609993078189,0.13802435207754096,0.279,38400274432,1.6,False,9.268116,7.0991664,0.8714909,8.906,0.09318,0.11828,0.24788,0.001,0.398,189.45,1.216,-6150125056.0
PEP,"Pepsico, Inc.",Consumer Defensive,Beverages - Non-Alcoholic,172,5.072063842364533,Neutral,89.7,5.285714285714286,7.485714285714286,7.857142857142858,2.8571428571428568,1.9428571428571426,5.0200000000000005,7.142857142857143,0.010587669265972103,0.03240886543954835,0.03841852500854691,-0.006732534589445632,-0.1069229189439744,,0.9824247237971335,0.8758219755770231,0.043225815284394065,0.13804200371797326,0.015243802744868059,0.004974309079313556,,,123.7300033569336,-0.09345612529300862,-0.15837429890986865,-0.2784581096516585,0.002105801870361912,0.0054156083510434275,0.364,169015181312,4.71,False,16.216251,13.8863325,7.6485133,11.347,0.51508,0.10785,0.16836001,0.064,1.37,238.949,0.934,7831875072.0
PSX,Phillips 66,Energy,Oil & Gas Refining & Marketing,126,5.222816420361249,Neutral,89.7,4.166666666666667,3.4761904761904763,8.095238095238095,4.761904761904763,9.047619047619047,4.823809523809524,3.333333333333333,0.022178670433826254,0.036779825197299776,0.031634762496055555,-0.0012467097801704486,0.009754887521283624,,0.9925326961677924,0.9461799786090953,0.09287182271707439,0.1550905258153351,0.13147098316913922,0.40980116363636365,,,271.6199951171875,0.1171203576380464,0.4650828922749133,-0.019847015310380023,1.1431276244057718,0.963425955028511,0.701,108901965824,1.88,False,15.521143,10.181328,3.4400566,12.626,0.23452999,0.046609998,0.08529,0.531,3.449,62.884,1.32,4545375232.0
PM,Philip Morris International Inc,Consumer Defensive,Tobacco,35,5.866615566502463,Neutral,89.7,3.9642857142857144,7.842857142857143,6.428571428571429,4.571428571428571,9.514285714285714,5.0200000000000005,5.142857142857142,0.010587669265972103,0.03240886543954835,0.03841852500854691,-0.006732534589445632,-0.1069229189439744,,0.9824247237971335,0.8758219755770231,0.043225815284394065,0.13804200371797326,0.02535368016610256,0.07190490865726588,,,192.69000244140625,0.015183777508884111,0.0811932551216894,-0.07253560626970423,0.35592148646405053,0.7704493898157845,0.36,300329205760,3.36,False,27.685345,20.965578,-34.990013,18.974,0.17041,0.25559,0.40002,0.104,-0.075,115.519,0.98,9714374656.0
PNW,Pinnacle West Capital Corporati,Utilities,Utilities - Regulated Electric,221,4.905638525564803,Débil,89.7,5.344827586206896,3.2413793103448274,4.827586206896552,2.2413793103448274,8.999999999999998,4.775862068965519,7.241379310344827,0.022178670433826254,0.036779825197299776,0.031634762496055555,-0.0012467097801704486,0.009754887521283624,,0.9925326961677924,0.9461799786090953,0.09287182271707439,0.1550905258153351,0.017774113792269095,0.007160829378505994,,,97.54000091552734,-0.0003238553479973927,-0.016180463249213295,-0.1225260802849285,0.13181713756703806,0.45476384769925304,0.424,11821578240,3.71,False,18.72169,17.47252,1.6803625,13.223,0.09365,0.11525,0.21341999,0.071,-0.095,233.288,0.594,-929501376.0
PYPL,"PayPal Holdings, Inc.",Financial Services,Credit Services,310,4.583892625994695,Débil,89.7,7.230769230769231,4.307692307692308,1.7307692307692308,4.846153846153847,6.107692307692307,4.706153846153847,1.8461538461538463,0.022178670433826254,0.036779825197299776,0.031634762496055555,-0.0012467097801704486,0.009754887521283624,,0.9925326961677924,0.9461799786090953,0.09287182271707439,0.1550905258153351,0.011679561526207406,-0.005629974217700335,,,54.95000076293945,-0.02645662526926218,0.09478781912470668,-0.30631823817535253,0.42875717012323067,0.40461294964886396,1.28,47007576064,1.03,False,10.348399,9.4981785,2.3898578,7.695,0.24497,0.14364,0.16966,0.048,-0.031,71.751,1.288,4423124992.0
PNC,"PNC Financial Services Group, I",Financial Services,Banks - Regional,114,5.254118620689655,Neutral,89.7,5.961538461538462,5.953846153846154,6.692307692307692,4.884615384615385,3.430769230769231,4.706153846153847,8.615384615384617,0.022178670433826254,0.036779825197299776,0.031634762496055555,-0.0012467097801704486,0.009754887521283624,,0.9925326961677924,0.9461799786090953,0.09287182271707439,0.1550905258153351,0.055420520369031064,,,,217.72000122070312,-0.09603036751396266,-0.045876539699839736,-0.15925238947828568,0.2308910064490226,0.49756336769862497,0.931,86858014720,3.63,False,11.988987,10.145396,1.4962133,11.307500000000001,0.12623,0.31366,0.38689,0.236,0.249,47.594,1.0255,
PKG,Packaging Corporation of Americ,Consumer Cyclical,Packaging & Containers,177,5.054969780564264,Neutral,89.7,3.454545454545454,3.872727272727272,4.909090909090909,7.636363636363637,6.963636363636364,4.744545454545455,7.090909090909091,0.015090217807252039,0.022227884715523484,0.0210604997646084,0.01025979865807988,0.13397955798126945,,0.9828001462032281,0.9498877169910089,0.06231445736512886,0.09323714081180756,0.03455906813459143,-0.029745836577123604,,,227.25,-0.06096360629644049,0.0022530295275429157,-0.12589429956150477,0.1866840731070496,0.5220502336448597,0.771,20247586816,2.61,False,29.551365,17.292416,4.3168955,12.077,0.14887,0.07256,0.13121,0.147,-0.195,94.474,2.941,432950016.0
PFE,"Pfizer, Inc.",Healthcare,Drug Manufacturers - General,104,5.2930676346037515,Neutral,89.7,7.017543859649123,4.140350877192982,4.912280701754386,3.8596491228070176,6.4561403508771935,4.714035087719299,9.82456140350877,0.019451694792271483,0.025099829187149703,0.009330299824089037,0.0045345467666636635,0.009754887521283624,,0.9952439880283319,0.9466072456018746,0.08098825420660127,0.10571293560709794,0.0060174938626311025,-0.0030243794845748843,,,28.0,0.020318922543217877,0.0597570506961278,-0.04142416980486141,0.18543607112616423,0.7835420393559926,0.276,159590858752,6.25,False,36.842106,9.665705,1.8731602,8.227,0.05014,0.06804,0.27877,0.026,0.4555,74.253,1.267,12485624832.0
PPG,"PPG Industries, Inc.",Basic Materials,Specialty Chemicals,202,4.964571324863884,Débil,89.7,6.447368421052632,6.368421052631579,2.6315789473684212,3.4210526315789473,4.947368421052632,5.050000000000001,7.368421052631579,0.022178670433826254,0.036779825197299776,0.031634762496055555,-0.0012467097801704486,0.009754887521283624,,0.9925326961677924,0.9461799786090953,0.09287182271707439,0.1550905258153351,0.018609283368959378,-0.008112141592920353,,,105.08000183105469,-0.050460746736029405,-0.061779415209881505,-0.21247094483208662,0.12517402110562892,0.2919580876886784,1.05,23359285248,2.78,False,15.097701,12.156297,2.7667193,11.003,0.19297001,0.09573,0.14016,0.072,-0.015,86.938,1.58,1104625024.0
POOL,Pool Corporation,Industrials,Industrial Distribution,330,4.499166197183099,Débil,89.7,7.5,4.943661971830986,1.7605633802816902,5.633802816901409,0.35211267605633806,4.701408450704226,9.788732394366198,0.02303777425026206,0.02626515950987282,0.01847233377013146,-0.0419765938210281,0.038569854654809686,,0.9960326938211398,0.6417291364676536,0.09644280938255756,0.11091857729405286,0.007171214270234595,-0.005437399761519843,,,154.13999938964844,-0.15172154525115722,-0.2585951335401845,-0.4956646945991937,0.0038423926385440232,0.003879533072385759,1.043,5601562624,3.29,False,14.154269,13.047033,4.445662,11.532,0.31254998,0.07414,0.15137,0.022,0.0,134.537,2.671,212930256.0
PFG,Principal Financial Group Inc,Financial Services,Asset Management,188,5.009641167108753,Neutral,89.7,5.519230769230768,2.1461538461538465,2.5384615384615388,7.461538461538462,7.969230769230769,4.706153846153847,8.307692307692308,0.022178670433826254,0.036779825197299776,0.031634762496055555,-0.0012467097801704486,0.009754887521283624,,0.9925326961677924,0.9461799786090953,0.09287182271707439,0.1550905258153351,0.015169457433755508,0.003566395840324631,,,108.7300033569336,-0.044034351134413785,0.06784549050064981,-0.10273969832535412,0.3957638428361179,0.7123383400400551,0.871,23279597568,3.06,False,15.488605,10.52966,1.9219077,10.419,0.12949,0.09932999,0.12336001,0.064,0.028,35.307,1.586,1056374976.0
PG,Procter & Gamble Company (The),Consumer Defensive,Household & Personal Products,159,5.100855960591132,Neutral,89.7,3.357142857142857,8.057142857142857,3.428571428571429,4.714285714285714,7.257142857142857,5.0200000000000005,4.0,0.010587669265972103,0.03240886543954835,0.03841852500854691,-0.006732534589445632,-0.1069229189439744,,0.9824247237971335,0.8758219755770231,0.043225815284394065,0.13804200371797326,0.003632491813620635,-0.085216820817337,,,147.82000732421875,0.014547711085341808,0.0011361650379100308,-0.11617334933202539,0.07411718735807837,0.34424594411808124,0.377,343337435136,2.93,False,22.329308,19.985075,6.441801,14.99,0.30290002,0.18437,0.22084999,0.015,-0.155,64.49,0.677,13280874496.0
PPL,PPL Corporation,Utilities,Utilities - Regulated Electric,93,5.394799048751487,Neutral,89.7,6.120689655172415,3.5517241379310347,5.689655172413794,7.413793103448276,6.931034482758621,4.775862068965519,5.517241379310345,0.022178670433826254,0.036779825197299776,0.031634762496055555,-0.0012467097801704486,0.009754887521283624,,0.9925326961677924,0.9461799786090953,0.09287182271707439,0.1550905258153351,0.009235353951890034,0.03066812705366922,,,33.95000076293945,-0.011120862787868613,-0.05949033067600473,-0.15357764240988647,0.07572879476994476,0.27953225297537476,0.577,25548898304,3.38,False,20.088757,16.020575,1.6977547,12.079,0.086330004,0.13471,0.23591,0.042,0.212,135.434,0.905,-1938375040.0
PGR,Progressive Corporation (The),Financial Services,Insurance - Property & Casualty,324,4.539022068965517,Débil,89.7,5.538461538461538,4.7384615384615385,2.8461538461538463,4.115384615384615,7.515384615384615,4.706153846153847,0.38461538461538464,0.022178670433826254,0.036779825197299776,0.031634762496055555,-0.0012467097801704486,0.009754887521283624,,0.9925326961677924,0.9461799786090953,0.09287182271707439,0.1550905258153351,0.017938844610545367,0.015974643680235392,,,214.1199951171875,-0.0006627627988747831,0.0245017509266785,-0.12831788341806094,0.1317124477652616,0.441530742685817,0.235,124275245056,0.19,False,10.7382145,13.084021,3.623441,8.411,0.34943,0.12849,0.18208,0.073,0.05,24.428,0.293,15114500096.0
PRU,"Prudential Financial, Inc.",Financial Services,Insurance - Life,182,5.0325981962864725,Neutral,89.7,7.480769230769231,1.4000000000000001,7.653846153846154,1.5384615384615388,6.815384615384615,4.706153846153847,9.769230769230768,0.022178670433826254,0.036779825197299776,0.031634762496055555,-0.0012467097801704486,0.009754887521283624,,0.9925326961677924,0.9461799786090953,0.09287182271707439,0.1550905258153351,0.0022594692939469107,0.026012800878072614,,,112.36000061035156,-0.06215516832669021,0.03387610243021211,-0.12026307069878195,0.22276635771413167,0.5713089760075792,0.84,38764199936,4.93,False,10.177536,7.5613704,1.2283674,11.473,0.12011,0.06007,0.075219996,0.141,0.892,163.891,0.777,7527750144.0
PLD,"Prologis, Inc.",Real Estate,REIT - Industrial,67,5.593385747126438,Neutral,89.7,3.8333333333333335,7.249999999999999,8.166666666666668,6.666666666666667,6.1,4.771666666666668,3.6666666666666665,0.022178670433826254,0.036779825197299776,0.031634762496055555,-0.0012467097801704486,0.009754887521283624,,0.9925326961677924,0.9461799786090953,0.09287182271707439,0.1550905258153351,0.023057088187882522,0.023380272698829987,,,127.30000305175781,-0.07705065815959844,-0.07703158682223143,-0.16987282000810033,0.1465369994754373,0.3844518679526894,1.324,123747237888,3.33,False,28.288889,38.19004,2.2133358,23.727,0.07749,0.43575,0.43030998,0.123,0.853,63.823,0.649,5406941184.0
PEG,Public Service Enterprise Group,Utilities,Utilities - Regulated Electric,191,4.999862068965517,Débil,89.7,5.258620689655172,6.275862068965518,1.4655172413793103,6.896551724137931,5.068965517241379,4.775862068965519,7.586206896551724,0.022178670433826254,0.036779825197299776,0.031634762496055555,-0.0012467097801704486,0.009754887521283624,,0.9925326961677924,0.9461799786090953,0.09287182271707439,0.1550905258153351,-0.019618635646900414,-0.06923873979016434,,,71.73999786376953,-0.014037692186110506,-0.08933044251674926,-0.181330618923091,0.0845048807826081,0.2602419862090097,0.518,35756650496,3.74,False,17.84577,15.353928,2.061672,13.497,0.11835,0.16041,0.18872,-0.089,-0.427,142.409,0.877,107750000.0
PTC,PTC Inc.,Technology,Software - Application,353,4.391779579041647,Débil,89.7,5.454545454545454,6.948051948051948,0.487012987012987,4.415584415584416,8.616883116883116,2.6194805194805197,2.077922077922078,0.031224392380203848,0.06481782073341467,-0.011365429862756873,0.052453301888429636,0.04041929196366032,,0.9987556329197307,0.9349635911436769,0.13324644033747524,0.29799706906771684,-0.014639818602128657,-0.032874087251322556,,,193.60000610351562,0.3342522818987983,0.332506065301162,-0.06392028767278002,0.7843318534886232,0.865541152395399,0.995,21031198720,0.0,False,18.777885,21.70956,6.177606,17.397,0.35053003,0.41429,0.28232,-0.068,-0.12,46.335,1.025,1031425152.0
PHM,"PulteGroup, Inc.",Consumer Cyclical,Residential Construction,142,5.15221868338558,Neutral,89.7,7.863636363636363,5.090909090909091,1.0,9.727272727272727,4.054545454545454,4.744545454545455,4.181818181818182,0.015090217807252039,0.022227884715523484,0.0210604997646084,0.01025979865807988,0.13397955798126945,,0.9828001462032281,0.9498877169910089,0.06231445736512886,0.09323714081180756,-0.02500609731163323,-0.060933846028475264,,,112.33000183105469,-0.09706054886101911,-0.09843494769586691,-0.2226297451138084,0.03539498415572573,0.10663709611370986,1.164,21397331968,0.9,False,11.462245,10.273647,1.6199183,8.318,0.14901,0.1162,0.15685001,-0.096,-0.182,19.065,7.272,1078512896.0
QCOM,QUALCOMM Incorporated,Technology,Semiconductors,125,5.225266099417823,Neutral,89.7,5.681818181818182,4.87012987012987,0.3246753246753247,6.168831168831169,4.077922077922078,7.666233766233767,8.571428571428571,0.15157463111841535,0.18686876297458943,0.08644022771707216,-0.014252269139233852,0.046344533934074575,,0.993489689607621,0.9967601092747992,0.8356987558501576,1.1192808609591967,-0.009373768511459518,-0.07692903354692991,,,177.1199951171875,0.030111183134298836,0.046031376909633215,-0.318559575572532,0.4519222486858554,0.39969546231557673,1.651,189135732736,2.03,False,20.499998,17.357882,6.768831,16.426,0.33754003,0.21013,0.18528,-0.04,-0.23,55.21,2.016,10241000448.0
PSA,Public Storage,Real Estate,REIT - Industrial,108,5.274919080459771,Neutral,89.7,4.041666666666667,9.233333333333334,5.5,2.666666666666667,6.533333333333333,4.771666666666668,4.666666666666667,0.022178670433826254,0.036779825197299776,0.031634762496055555,-0.0012467097801704486,0.009754887521283624,,0.9925326961677924,0.9461799786090953,0.09287182271707439,0.1550905258153351,0.007997801277298136,0.00046117654423900097,,,281.989990234375,-0.08429407856784021,-0.05946697689890523,-0.1596185658340784,0.09920476430332492,0.3221110015741676,0.929,52690472960,4.2,False,26.93314,28.616978,10.231486,18.788,0.21929,0.41632998,0.45703998,0.033,0.451,109.632,0.22,2334240256.0
DGX,Quest Diagnostics Incorporated,Healthcare,Diagnostics & Research,198,4.973818995765274,Débil,89.7,4.86842105263158,5.175438596491228,5.964912280701754,4.473684210526316,5.0,4.714035087719299,7.368421052631579,0.019451694792271483,0.025099829187149703,0.009330299824089037,0.0045345467666636635,0.009754887521283624,,0.9952439880283319,0.9466072456018746,0.08098825420660127,0.10571293560709794,0.025004376378740895,0.01796945296499999,,,227.05999755859375,-0.045188907780395304,0.09906997051734234,-0.0875261310135278,0.3264399904112265,0.719546710772518,0.54,25061373952,1.51,False,24.104034,18.829153,3.323137,13.843,0.14602,0.09187,0.15248,0.102,0.15,81.074,1.591,909625024.0
PWR,"Quanta Services, Inc.",Industrials,Engineering & Construction,335,4.487429431762992,Débil,89.7,0.7394366197183097,2.0140845070422535,9.788732394366198,4.366197183098591,9.19718309859155,4.701408450704226,1.267605633802817,0.02303777425026206,0.02626515950987282,0.01847233377013146,-0.0419765938210281,0.038569854654809686,,0.9960326938211398,0.6417291364676536,0.09644280938255756,0.11091857729405286,0.09242640859044712,0.1451163668343571,,,701.0700073242188,0.08495243449881396,0.15231074787233134,-0.11116322367769416,0.733133933213564,0.7718093049245751,1.267,105401245696,0.06,False,80.30585,35.454243,10.93099,37.564,0.15337,0.04032,0.07217,0.411,0.947,67.78,1.098,1955491328.0
RJF,"Raymond James Financial, Inc.",Financial Services,Asset Management,184,5.0239520424403175,Neutral,89.7,5.365384615384615,4.046153846153846,7.0,7.038461538461538,4.661538461538462,4.706153846153847,3.5384615384615388,0.022178670433826254,0.036779825197299776,0.031634762496055555,-0.0012467097801704486,0.009754887521283624,,0.9925326961677924,0.9461799786090953,0.09287182271707439,0.1550905258153351,0.03606597055348023,,,,157.25,-0.08599069308933394,-0.022551857586582624,-0.13944070486510152,0.13276184987753936,0.4197221589615124,0.946,30207725568,1.35,False,13.709677,11.029299,2.3790433,11.142,0.18416001,0.15131,0.19301,0.151,0.42,47.594,2.109,
RL,Ralph Lauren Corporation,Consumer Cyclical,Apparel Manufacturing,20,6.128724514106583,Neutral,89.7,3.2272727272727275,6.872727272727272,7.59090909090909,7.0,7.527272727272727,6.798181818181819,4.545454545454545,0.03222469592494532,0.07697527538037194,-0.04073405584517515,0.021215054086993156,0.24281432205887027,,0.9979784251074366,0.9461799786090953,0.13774879252397287,0.3659221343200816,0.029662936860232678,0.04423966972772043,,,361.1400146484375,-0.004098944124207415,-0.011223452132617107,-0.14340603736139113,0.1780786646499346,0.47448947977781386,1.355,21517531136,1.09,False,22.756145,17.223848,7.908637,14.454,0.37537,0.117639996,0.18395,0.14,0.216,110.373,2.045,880087488.0
O,Realty Income Corporation,Real Estate,REIT - Retail,113,5.257800689655172,Neutral,89.7,5.833333333333334,5.300000000000001,7.5,7.5,1.2833333333333332,4.771666666666668,8.666666666666668,0.022178670433826254,0.036779825197299776,0.031634762496055555,-0.0012467097801704486,0.009754887521283624,,0.9925326961677924,0.9461799786090953,0.09287182271707439,0.1550905258153351,0.023446643160009082,0.021346765316725195,,,53.349998474121094,-0.11308022220173741,-0.13651414758695601,-0.21474832978920966,0.0005626120427812964,0.0020518792148490747,0.696,50480730112,6.01,False,38.65942,34.35242,1.2763768,15.768,0.03225,0.20898001,0.46965998,0.096,0.692,74.722,1.528,1582081920.0
REG,Regency Centers Corporation,Real Estate,REIT - Retail,34,5.89182712643678,Neutral,89.7,6.333333333333333,7.5,6.0,6.833333333333334,6.3,4.771666666666668,5.0,0.022178670433826254,0.036779825197299776,0.031634762496055555,-0.0012467097801704486,0.009754887521283624,,0.9925326961677924,0.9461799786090953,0.09287182271707439,0.1550905258153351,0.021244288847566548,0.017110189152785976,,,70.80000305175781,-0.06235841941503606,-0.07270365742743623,-0.15371739120538108,0.058929151237777644,0.23452399117606035,0.823,13236678656,4.23,False,23.838385,28.158598,1.9452153,17.267,0.081870005,0.32996,0.39643002,0.089,0.089,71.972,0.964,743363968.0
RSG,"Republic Services, Inc.",Industrials,Waste Management,357,4.36896998542982,Débil,89.7,3.908450704225352,5.309859154929578,2.852112676056338,1.830985915492958,7.183098591549297,4.701408450704226,5.633802816901409,0.02303777425026206,0.02626515950987282,0.01847233377013146,-0.0419765938210281,0.038569854654809686,,0.9960326938211398,0.6417291364676536,0.09644280938255756,0.11091857729405286,0.011740026549783665,0.011934577534444444,,,216.17999267578125,-0.0022643003906333004,0.004708403921705573,-0.0738583125876906,0.10065675207871938,0.5341797534661242,0.397,66197123072,1.25,False,30.663828,26.819675,5.4979653,15.207,0.18152,0.12942,0.20429,0.046,0.051,118.798,0.644,1942625024.0
REGN,"Regeneron Pharmaceuticals, Inc.",Healthcare,Biotechnology,47,5.770750635208711,Neutral,89.7,6.7105263157894735,7.614035087719297,5.2631578947368425,9.298245614035087,3.3508771929824563,4.714035087719299,5.263157894736842,0.019451694792271483,0.025099829187149703,0.009330299824089037,0.0045345467666636635,0.009754887521283624,,0.9952439880283319,0.9466072456018746,0.08098825420660127,0.10571293560709794,0.04122760574833551,0.0729214514314926,,,742.1199951171875,-0.057869938117411146,0.008467302972578139,-0.13640701571300362,0.37175599836818396,0.6317773296387117,0.153,76404957184,0.51,False,18.351137,12.072268,2.3476565,14.562,0.14043,0.27865,0.33106,0.167,-0.045,8.535,3.335,3065299968.0
RTX,RTX Corporation,Industrials,Aerospace & Defense,334,4.4877023797960165,Débil,89.7,4.471830985915493,2.8873239436619715,7.535211267605634,4.54225352112676,3.422535211267606,4.701408450704226,6.619718309859155,0.02303777425026206,0.02626515950987282,0.01847233377013146,-0.0419765938210281,0.038569854654809686,,0.9960326938211398,0.6417291364676536,0.09644280938255756,0.11091857729405286,0.034601055488376393,0.043831535323103445,,,180.25999450683594,-0.12177965805220825,-0.07542410672540023,-0.20548309896493322,0.1581855211181955,0.34559228673267756,0.308,242946867200,1.59,False,31.735916,22.941547,3.6601014,17.575,0.12274,0.08276,0.12696,0.145,0.287,57.02,1.011,9880000512.0
RMD,ResMed Inc.,Healthcare,Medical Instruments & Supplies,70,5.566757894736843,Neutral,89.7,4.780701754385965,8.385964912280702,4.210526315789474,8.859649122807017,3.7719298245614032,4.714035087719299,6.842105263157895,0.019451694792271483,0.025099829187149703,0.009330299824089037,0.0045345467666636635,0.009754887521283624,,0.9952439880283319,0.9466072456018746,0.08098825420660127,0.10571293560709794,0.020884534514349767,0.0008430663409869988,,,225.97999572753906,0.0080832042376211,0.002319269286880088,-0.20672588995844043,0.2535640745966552,0.43699804710840395,0.75,31781656576,1.2,False,21.666346,17.080723,4.9496236,14.883,0.24269,0.26945,0.30857,0.086,0.024,12.542,3.1,939248256.0
RF,Regions Financial Corporation,Financial Services,Banks - Regional,263,4.757113846153845,Débil,89.7,7.038461538461538,5.492307692307692,2.4615384615384617,4.884615384615385,2.492307692307693,4.706153846153847,9.076923076923077,0.022178670433826254,0.036779825197299776,0.031634762496055555,-0.0012467097801704486,0.009754887521283624,,0.9925326961677924,0.9461799786090953,0.09287182271707439,0.1550905258153351,0.008358910151844595,,,,26.700000762939453,-0.10448960057757228,-0.06943023470086007,-0.17770247111366022,0.17621148735416092,0.4094166594615613,1.06,22746519552,4.05,False,10.89796,9.376943,1.3032019,11.307500000000001,0.118669994,0.30837,0.39314997,0.034,0.085,47.594,1.0255,
RVTY,"Revvity, Inc.",Healthcare,Diagnostics & Research,337,4.476756684815488,Débil,89.7,2.587719298245614,3.421052631578948,1.5350877192982455,7.192982456140351,8.842105263157894,4.714035087719299,4.035087719298246,0.019451694792271483,0.025099829187149703,0.009330299824089037,0.0045345467666636635,0.009754887521283624,,0.9952439880283319,0.9466072456018746,0.08098825420660127,0.10571293560709794,0.0032401245880164164,0.01638536059326743,,,153.60000610351562,0.18464775320699878,0.4376006119490776,-0.0760901888510338,0.891159888001916,0.8512290497884938,1.064,17139672064,0.18,False,73.49283,26.06677,2.3709927,22.179,0.03211,0.08158,0.17052999,0.013,0.012,46.225,1.8,604992128.0
RCL,Royal Caribbean Cruises Ltd.,Consumer Cyclical,Travel Services,145,5.149047523510972,Neutral,89.7,4.727272727272727,8.763636363636364,4.090909090909091,1.5000000000000002,6.963636363636364,4.744545454545455,6.181818181818182,0.015090217807252039,0.022227884715523484,0.0210604997646084,0.01025979865807988,0.13397955798126945,,0.9828001462032281,0.9498877169910089,0.06231445736512886,0.09323714081180756,0.015988611035498517,0.003911881700851803,,,282.32000732421875,0.0032972034200620115,-0.01595051964197225,-0.20783409376183737,0.27045273748635923,0.44793923622433296,1.822,75507073024,2.08,False,17.42716,13.811586,7.37648,14.453,0.44669998,0.23541,0.2707,0.065,-0.046,224.816,0.209,-1516249984.0
ROL,"Rollins, Inc.",Consumer Cyclical,Personal Services,405,4.102917115987461,Débil,89.7,2.0,7.236363636363636,5.0,4.0,1.0363636363636364,4.744545454545455,6.545454545454545,0.015090217807252039,0.022227884715523484,0.0210604997646084,0.01025979865807988,0.13397955798126945,,0.9828001462032281,0.9498877169910089,0.06231445736512886,0.09323714081180756,0.02055905776350529,0.005695600309293262,,,30.8700008392334,-0.11618183579840236,-0.3743761578097411,-0.5332627632411038,0.05394335401957662,0.042876549232928066,0.731,14852959232,2.41,False,28.063637,23.940811,10.390441,18.044,0.37008998,0.1355,0.18799,0.079,0.031,78.015,0.629,501737504.0
ROK,"Rockwell Automation, Inc.",Industrials,Specialty Industrial Machinery,250,4.815785915492957,Débil,89.7,1.3380281690140847,6.535211267605634,6.338028169014084,3.450704225352113,7.788732394366196,4.701408450704226,5.28169014084507,0.02303777425026206,0.02626515950987282,0.01847233377013146,-0.0419765938210281,0.038569854654809686,,0.9960326938211398,0.6417291364676536,0.09644280938255756,0.11091857729405286,0.01919581337052797,0.057389572205653945,,,441.8999938964844,0.010395236020657839,0.041276870543491384,-0.11150877855781649,0.32818368518074115,0.6631642508137526,1.501,49171959808,1.22,False,41.376404,29.634905,14.044621,25.425,0.30629,0.13385001,0.20968,0.079,0.404,103.347,1.075,1303874944.0
SPGI,S&P Global Inc.,Financial Services,Financial Data & Stock Exchanges,432,3.91962949602122,Débil,89.7,1.5384615384615383,6.553846153846154,4.576923076923077,4.6923076923076925,2.907692307692308,4.706153846153847,1.6923076923076925,0.022178670433826254,0.036779825197299776,0.031634762496055555,-0.0012467097801704486,0.009754887521283624,,0.9925326961677924,0.9461799786090953,0.09287182271707439,0.1550905258153351,0.02492056676349857,0.04089926008097963,,,395.17999267578125,-0.049061038174284644,-0.06636350450408801,-0.2436301270563196,0.09458675810856798,0.211528688692919,1.095,116499062784,0.98,False,24.052341,19.576895,3.6982825,16.398,0.14255,0.30536,0.4479,0.104,0.177,42.98,0.954,5448249856.0
SLB,SLB Limited,Energy,Oil & Gas Equipment & Services,462,3.4597605911330054,Débil,89.7,2.6190476190476195,2.6666666666666665,2.1428571428571423,5.714285714285715,2.214285714285714,4.823809523809524,5.238095238095238,0.022178670433826254,0.036779825197299776,0.031634762496055555,-0.0012467097801704486,0.009754887521283624,,0.9925326961677924,0.9461799786090953,0.09287182271707439,0.1550905258153351,0.00601014113015818,-0.048601888918636246,,,47.959999084472656,-0.09240582320321233,-0.052365892591468066,-0.20674827845728327,0.5158027523537501,0.5662733894681699,0.839,71179509760,2.36,False,23.169083,14.926023,2.7299633,11.387,0.12909001,0.08527,0.12706,0.05,-0.297,47.002,1.439,2955124992.0
CRM,"Salesforce, Inc.",Technology,Software - Application,386,4.244068965517241,Débil,89.7,6.428571428571429,4.324675324675325,5.779220779220779,1.818181818181818,5.181818181818181,2.636363636363637,6.4935064935064934,0.028213015115693355,0.013731700726956682,0.05133461160421361,0.3604764525889536,0.04041929196366032,,0.9978278066308918,0.7585475122605547,0.11959601326015123,0.0567277316207937,0.02589367423406695,0.0003102573198135153,,,224.55999755859375,0.009657741302599332,0.12160021204614302,-0.16554569670917563,0.5347184086836643,0.6371854186708505,1.256,184812879872,0.78,False,20.545288,14.016865,4.815577,16.756,0.19381,0.2199,0.21375,0.108,1.189,110.417,0.839,17731874816.0
ROST,"Ross Stores, Inc.",Consumer Cyclical,Apparel Retail,13,6.262899811912225,Neutral,89.7,1.7272727272727273,6.272727272727272,8.09090909090909,7.363636363636364,8.2,8.17818181818182,3.6363636363636367,0.037189152000730655,0.0985080281224761,0.18539364800517782,-0.04836786781275614,0.13344762526548004,,0.9910576338753756,0.9535954553729226,0.1608235156741049,0.4775488953782081,0.030944304988558415,0.13965050681578042,,,225.52999877929688,-0.048934362937002374,0.033128073338657194,-0.12245136661752187,0.5291206100704919,0.712628972507505,0.837,72345755648,0.79,False,27.270857,25.134403,10.691666,19.708,0.42628,0.10848,0.13578,0.133,0.705,70.281,1.612,2002041600.0
SRE,DBA Sempra,Utilities,Utilities - Diversified,214,4.931032104637336,Débil,89.7,4.3534482758620685,5.068965517241379,5.948275862068965,9.39655172413793,2.1724137931034484,4.775862068965519,4.827586206896552,0.022178670433826254,0.036779825197299776,0.031634762496055555,-0.0012467097801704486,0.009754887521283624,,0.9925326961677924,0.9461799786090953,0.09287182271707439,0.1550905258153351,-0.00022134414822352436,0.037373267694548386,,,79.69000244140625,-0.04569728592668487,-0.11416920777776707,-0.21130243031070617,0.0456633308149359,0.14015313900146012,0.56,52109320192,3.29,False,23.031792,14.385152,1.5939276,16.944,0.06679,0.16824,0.28328,-0.001,0.713,84.663,1.642,-27657750528.0
SBAC,SBA Communications Corporation,Real Estate,REIT - Specialty,211,4.9370731034482755,Débil,89.7,7.750000000000001,7.916666666666666,3.083333333333333,2.0,4.666666666666666,4.771666666666668,3.0,0.022178670433826254,0.036779825197299776,0.031634762496055555,-0.0012467097801704486,0.009754887521283624,,0.9925326961677924,0.9461799786090953,0.09287182271707439,0.1550905258153351,0.0057081238699831375,0.002849945784849998,,,170.3800048828125,-0.05166787513713189,-0.10800619190267491,-0.24093377491396017,0.08799492262332387,0.20306520605382408,0.994,18075293696,2.95,False,18.379719,20.827654,-3.9040377,17.982,0.078545,0.34512,0.52165,0.023,-0.105,115.0805,0.165,752056384.0
STX,Seagate Technology Holdings PLC,Technology,Computer Hardware,143,5.151322704881326,Neutral,89.7,2.581168831168831,8.636363636363637,8.636363636363637,3.7012987012987018,4.701298701298701,4.5603896103896115,4.805194805194805,0.05683803857620076,0.10773810007810213,0.046320951095048836,-0.0012334314856649216,0.04041929196366032,,0.9966000446135956,0.9580285284744481,0.2547803986419861,0.4571519792485952,0.10762946973447522,0.28116115309864187,,,807.5700073242188,-0.0556910323749823,0.23041150127695542,-0.29469868355963424,2.8639713269101374,0.6394978710728833,2.081,183635771392,0.37,False,58.098564,14.584605,84.51805,41.045,3.7152898,0.26108998,0.4307,0.485,1.488,179.88,1.67,1943750016.0
ROP,"Roper Technologies, Inc.",Technology,Software - Application,382,4.2587670398566955,Débil,89.7,7.597402597402597,5.142857142857142,6.038961038961039,2.4350649350649354,2.1298701298701297,2.6194805194805197,6.883116883116883,0.031224392380203848,0.06481782073341467,-0.011365429862756873,0.052453301888429636,0.04041929196366032,,0.9987556329197307,0.9349635911436769,0.13324644033747524,0.29799706906771684,0.02036971385224708,0.013553728226838419,,,358.57000732421875,-0.0818285499814898,-0.02642526910835863,-0.3121354985339573,0.1719506057138802,0.2443340485055674,0.751,35462885376,1.0,False,14.940417,14.708138,1.8963631,14.449,0.13066,0.30244,0.27725,0.085,2.33,60.531,0.553,2265687552.0
SHW,Sherwin-Williams Company (The),Basic Materials,Specialty Chemicals,411,4.073123049001814,Débil,89.7,1.8421052631578951,7.789473684210526,4.473684210526315,0.2631578947368421,4.947368421052632,5.050000000000001,3.1578947368421053,0.022178670433826254,0.036779825197299776,0.031634762496055555,-0.0012467097801704486,0.009754887521283624,,0.9925326961677924,0.9461799786090953,0.09287182271707439,0.1550905258153351,0.01983664942395375,0.0349979755474897,,,315.0,-0.07052337500929473,-0.05451856085118534,-0.16615930327977335,0.08673152556406527,0.2859742918894323,1.083,76468813824,1.0,False,29.032257,23.205788,19.72078,19.588,0.65124,0.11013,0.18124,0.075,0.143,389.958,0.727,2506037504.0
NOW,"ServiceNow, Inc.",Technology,Software - Application,479,2.700116793551276,Evitar,89.7,1.8181818181818181,1.9025974025974026,3.2142857142857144,2.207792207792208,5.623376623376623,2.6194805194805197,2.077922077922078,0.031224392380203848,0.06481782073341467,-0.011365429862756873,0.052453301888429636,0.04041929196366032,,0.9987556329197307,0.9349635911436769,0.13324644033747524,0.29799706906771684,0.05530091664140898,0.01350417728531856,,,137.8699951171875,0.05579869996835374,0.19295505904584798,-0.28552182707219154,0.6970703485621308,0.5068649653365153,0.99,142538555392,0.0,False,86.16875,27.543646,11.388567,50.546,0.14244,0.11336,0.04063,0.24,-0.219,67.538,0.701,5149374976.0
SWKS,"Skyworks Solutions, Inc.",Technology,Semiconductors,146,5.14170855351545,Neutral,89.7,6.363636363636364,1.051948051948052,0.487012987012987,8.7012987012987,7.519480519480519,7.666233766233767,2.077922077922078,0.15157463111841535,0.18686876297458943,0.08644022771707216,-0.014252269139233852,0.046344533934074575,,0.993489689607621,0.9967601092747992,0.8356987558501576,1.1192808609591967,-0.007467315421963234,-0.1337586577051182,,,83.43000030517578,0.11105784619081205,0.26475011680596827,-0.10096982429767476,0.6065857944382012,0.7707364889937799,1.478,19619862528,0.0,False,43.22798,14.64712,2.188156,14.019,0.05094,0.072270006,0.08825,-0.031,-0.686,11.869,3.101,448812512.0
SNA,Snap-On Incorporated,Industrials,Tools & Accessories,38,5.832244390480815,Neutral,89.7,6.866197183098592,6.774647887323944,2.640845070422535,9.54225352112676,4.887323943661972,4.701408450704226,9.366197183098592,0.02303777425026206,0.02626515950987282,0.01847233377013146,-0.0419765938210281,0.038569854654809686,,0.9960326938211398,0.6417291364676536,0.09644280938255756,0.11091857729405286,0.010285010594591542,0.0056272040885600606,,,359.8900146484375,-0.07405640758796328,-0.05189219236074327,-0.14923640809314564,0.12185166660984259,0.38241063048755136,0.7,18616076288,2.65,False,18.343018,16.760227,3.081092,13.252,0.17932,0.19597,0.25397,0.042,0.051,21.595,3.433,1109474944.0
SW,Smurfit WestRock plc,Consumer Cyclical,Packaging & Containers,304,4.601141567398119,Débil,89.7,5.818181818181818,1.2363636363636363,4.045454545454546,6.681818181818182,4.709090909090909,4.744545454545455,8.909090909090908,0.015090217807252039,0.022227884715523484,0.0210604997646084,0.01025979865807988,0.13397955798126945,,0.9828001462032281,0.9498877169910089,0.06231445736512886,0.09323714081180756,0.002913359470713141,-0.04067083379577919,,,41.290000915527344,-0.11034786893893866,-0.04660085352133447,-0.2157644650422157,0.26157233387904744,0.4297475485933108,0.914,21657550848,4.27,False,43.463158,12.035165,1.1991752,7.805,0.02715,0.01587,0.05466,0.011,0.092,78.427,1.447,1215000064.0
LUV,Southwest Airlines Company,Industrials,Airlines,265,4.744546478873239,Débil,89.7,7.799295774647887,0.9225352112676056,7.359154929577464,2.2535211267605635,5.690140845070422,4.701408450704226,7.04225352112676,0.02303777425026206,0.02626515950987282,0.01847233377013146,-0.0419765938210281,0.038569854654809686,,0.9960326938211398,0.6417291364676536,0.09644280938255756,0.11091857729405286,0.04116462873513243,0.05648438301626774,,,41.720001220703125,-0.008988436123388843,-0.041437356354541155,-0.2429685860877676,0.4258373622933398,0.4820116526384187,1.155,20409765888,1.7,False,26.075,9.231968,2.8820117,10.207,0.11099,0.02783,0.033800002,0.164,0.205,97.275,0.489,-834750016.0
SOLV,Solventum Corporation,Healthcare,Medical Instruments & Supplies,355,4.3846199637023595,Débil,89.7,6.359649122807018,6.56140350877193,2.0175438596491224,1.929824561403509,5.263157894736842,4.714035087719299,1.9298245614035086,0.019451694792271483,0.025099829187149703,0.009330299824089037,0.0045345467666636635,0.009754887521283624,,0.9952439880283319,0.9466072456018746,0.08098825420660127,0.10571293560709794,0.005809731209919439,0.013345252669039145,,,85.87999725341797,-0.02913502514868238,0.10076734885812644,-0.08793545822623228,0.3767232647229555,0.7394586926814969,0.703,14618813440,0.0,False,10.511627,11.877759,3.043663,17.303,0.33960998,0.17256,0.09778,0.022,0.039,110.313,1.021,489000000.0
SJM,The J.M. Smucker Company,Consumer Defensive,Packaged Foods,74,5.555106995073892,Neutral,89.7,5.607142857142857,3.5999999999999996,3.4999999999999996,3.571428571428571,7.142857142857142,8.475714285714288,6.285714285714286,0.012731052298252448,0.12042510840063092,0.10423971175130468,-0.05380944871088295,0.2902178807544102,,0.9978994877364618,0.8758219755770231,0.052264114629895,0.6025306825554244,0.011711471166236932,0.20995880510588563,,,115.93000030517578,-0.052763512764562925,0.06557765334097865,-0.1468835064745324,0.31365439439292664,0.581024355692187,0.266,12384011264,3.84,False,53.92093,10.614571,2.1534717,8.558,0.03931,0.02506,0.17898001,0.05,-0.571,120.682,0.87,1464337536.0
SO,Southern Company (The),Utilities,Utilities - Regulated Electric,183,5.027260404280618,Neutral,89.7,3.9655172413793105,7.551724137931034,5.6034482758620685,4.137931034482759,4.551724137931034,4.775862068965519,6.551724137931034,0.022178670433826254,0.036779825197299776,0.031634762496055555,-0.0012467097801704486,0.009754887521283624,,0.9925326961677924,0.9461799786090953,0.09287182271707439,0.1550905258153351,0.00013255157990556057,0.020681297834665692,,,85.44000244140625,-0.03826236119408721,-0.07279641358220545,-0.1527171515132264,0.045905281447010005,0.19582258179667109,0.301,98287017984,3.56,False,20.587952,17.35453,2.4838655,12.285,0.114829995,0.15435,0.29612,0.001,0.304,182.058,0.787,-3913374976.0
SWK,"Stanley Black & Decker, Inc.",Industrials,Tools & Accessories,120,5.240220106847985,Neutral,89.7,8.133802816901408,1.112676056338028,5.246478873239437,5.91549295774648,6.239436619718309,4.701408450704226,9.788732394366198,0.02303777425026206,0.02626515950987282,0.01847233377013146,-0.0419765938210281,0.038569854654809686,,0.9960326938211398,0.6417291364676536,0.09644280938255756,0.11091857729405286,0.001017600105410383,0.12150756811950812,,,88.30999755859375,-0.07276162320171031,0.051455321584407354,-0.15638137601649083,0.4266558571662964,0.6173444964608169,1.17,13336279040,3.73,False,21.591686,13.91081,1.4885798,10.167,0.06886,0.040689997,0.08443,0.004,2.478,58.172,1.432,1419049984.0
STT,State Street Corporation,Financial Services,Asset Management,37,5.847870875331565,Neutral,89.7,5.211538461538462,4.4,8.23076923076923,7.6923076923076925,7.86923076923077,4.706153846153847,5.923076923076923,0.022178670433826254,0.036779825197299776,0.031634762496055555,-0.0012467097801704486,0.009754887521283624,,0.9925326961677924,0.9461799786090953,0.09287182271707439,0.1550905258153351,0.04377125121943723,,,,174.19000244140625,-0.0626570492482732,0.12082471207343715,-0.11095798274176372,0.6646598092642035,0.7618578424954129,1.418,47850299392,2.09,False,15.36067,11.2941265,2.0019999,11.142,0.12437,0.23005,0.34313,0.184,0.682,41.450500000000005,2.0285,
SBUX,Starbucks Corporation,Consumer Cyclical,Restaurants,363,4.34674407523511,Débil,89.7,2.8181818181818183,4.236363636363636,5.181818181818182,3.363636363636364,5.6,4.744545454545455,6.8181818181818175,0.015090217807252039,0.022227884715523484,0.0210604997646084,0.01025979865807988,0.13397955798126945,,0.9828001462032281,0.9498877169910089,0.06231445736512886,0.09323714081180756,-0.0034647931110846123,0.045780600026855967,,,93.58000183105469,-0.08230608267821204,-0.053348994539360595,-0.1531987889688292,0.19989744622457617,0.47939735027843444,0.975,106681204736,2.58,False,54.092487,29.986574,-13.898708,22.759,0.30898002,0.05172,0.12919,-0.014,0.857,128.294,0.76,3065537536.0
SMCI,"Super Micro Computer, Inc.",Technology,Computer Hardware,41,5.821796506941334,Neutral,89.7,8.457792207792208,2.337662337662338,9.805194805194805,6.785714285714285,7.649350649350648,4.5603896103896115,2.077922077922078,0.05683803857620076,0.10773810007810213,0.046320951095048836,-0.0012334314856649216,0.04041929196366032,,0.9966000446135956,0.9580285284744481,0.2547803986419861,0.4571519792485952,0.159134519290249,0.7889721195521517,,,44.939998626708984,0.21292269106661044,0.39874283165158375,-0.23545425949797583,1.3069814490097014,0.6478371151834348,2.009,29524023296,0.0,False,13.785275,8.437979,2.8791082,12.214,0.21465999,0.0571,0.13382,0.932,4.347,63.951,3.872,-8248783872.0
SYK,Stryker Corporation,Healthcare,Medical Devices,190,5.002377979431337,Neutral,89.7,4.3201754385964914,6.701754385964912,7.19298245614035,7.105263157894737,0.8596491228070176,4.714035087719299,7.192982456140351,0.019451694792271483,0.025099829187149703,0.009330299824089037,0.0045345467666636635,0.009754887521283624,,0.9952439880283319,0.9466072456018746,0.08098825420660127,0.10571293560709794,0.02243771652616079,0.08889853319181668,,,275.3999938964844,-0.10914842513843337,-0.1641794310244391,-0.29843333614448,0.031460651297694264,0.06690556667848964,0.781,105636020224,1.27,False,28.53886,16.488422,4.403723,16.09,0.16508,0.14433,0.27015,0.094,0.441,64.391,2.157,4108875008.0
STE,STERIS plc (Ireland),Healthcare,Medical Devices,257,4.811984754990925,Débil,89.7,5.175438596491228,5.228070175438596,4.7368421052631575,7.894736842105264,1.6666666666666665,4.714035087719299,7.017543859649122,0.01765181009680949,0.01867774112219018,0.018738964196864227,-0.040848776086804164,-0.03207229344719188,,0.9997000166897675,0.9190659253783152,0.07318090437279734,0.0773251493179854,0.017116147721729875,0.02846002303629739,,,209.67999267578125,-0.062781348079742,-0.07935313809053035,-0.221793376351762,0.07451057023563212,0.19569303735910176,0.925,20443822080,1.24,False,25.63325,17.120773,2.8367717,13.362,0.11389,0.13333,0.19153,0.073,0.14,28.312,1.906,798862528.0
SNPS,"Synopsys, Inc.",Technology,Software - Infrastructure,205,4.956447380206001,Débil,89.7,2.9220779220779223,1.779220779220779,8.116883116883116,6.038961038961039,7.681818181818182,6.100649350649352,2.077922077922078,0.08095489138614129,0.12821073142273173,0.046320951095048836,-0.0012334314856649216,0.04909983920742807,,0.9992829050412804,0.8774505798012302,0.3828162234329613,0.6514461820529291,0.08492374371413162,0.2235709434147071,,,502.6700134277344,0.2193891614840573,0.12887102890310032,-0.06823234702355163,0.3864846598475642,0.791951695177383,1.208,96329990144,0.0,False,88.81096,27.049978,3.0916986,50.129,0.03661,0.11432999,0.14521,0.424,0.893,34.804,1.337,3425542400.0
SYF,Synchrony Financial,Financial Services,Credit Services,248,4.81882949602122,Débil,89.7,6.48076923076923,8.246153846153845,1.7692307692307694,4.153846153846154,3.5692307692307694,4.706153846153847,4.615384615384616,0.022178670433826254,0.036779825197299776,0.031634762496055555,-0.0012467097801704486,0.009754887521283624,,0.9925326961677924,0.9461799786090953,0.09287182271707439,0.1550905258153351,0.0016174687034039615,,,,71.93000030517578,-0.061260175595429844,-0.03517396102902559,-0.1897037252993603,0.1402980390801487,0.3444920321205054,1.339,23403925504,1.88,False,7.3623333,6.8741035,1.5398283,22.249,0.20786,0.35507,0.50219,0.006,0.036,122.0655,1.1745,
TTWO,"Take-Two Interactive Software, ",Communication Services,Electronic Gaming & Multimedia,477,2.950822988505747,Evitar,89.7,2.3809523809523814,0.7142857142857142,4.0476190476190474,4.285714285714286,2.1904761904761907,4.823809523809524,1.4285714285714284,0.009602045406852852,-0.03389759360050531,0.8081038377629517,-0.0902775879955651,-0.06509821459423805,,0.9151286654736075,0.9740820546648289,0.03922404202252738,-0.12646787602479737,0.004521959103841531,-0.024476815197537204,,,204.00999450683594,-0.09254116722474459,-0.08994679346044632,-0.23287209706386425,0.08729944308924975,0.20916861839913092,0.974,38145880064,0.0,False,17.552419999999998,19.821865,10.572658,50.864,-0.09039,-0.04792,0.0051499996,0.02,0.057499999999999996,81.607,1.062,1256137472.0
TMUS,"T-Mobile US, Inc.",Communication Services,Telecom Services,314,4.559305747126437,Débil,89.7,5.357142857142857,6.523809523809524,4.523809523809524,2.261904761904762,2.476190476190476,4.823809523809524,8.095238095238095,0.016471287956867288,0.05091917701449848,0.36932751540041064,-0.061522486012124775,-0.4830644665027026,,0.3470229363293961,0.7821098565563036,0.06720437263488721,0.22229825094314082,0.01832544944925923,0.01116582935701922,,,167.64999389648438,-0.04657863667004636,-0.12181868713075727,-0.27430528137613897,0.04253463028719828,0.0974219327230362,0.317,179833389056,2.82,False,17.518286,11.612426,3.2026055,8.6,0.17994,0.11455,0.2522,0.079,0.053,214.035,0.924,11335999488.0
SYY,Sysco Corporation,Consumer Defensive,Food Distribution,306,4.593118029556651,Débil,89.7,4.285714285714286,5.0285714285714285,5.0,4.285714285714286,5.057142857142857,5.0200000000000005,3.7142857142857144,0.010587669265972103,0.03240886543954835,0.03841852500854691,-0.006732534589445632,-0.1069229189439744,,0.9824247237971335,0.8758219755770231,0.043225815284394065,0.13804200371797326,0.011798883448272481,-0.10821470037738828,,,76.79000091552734,-0.05822588700762166,-0.03845911897954024,-0.16396297315702402,0.12611821257555866,0.36348270987013304,0.64,37774073856,2.84,False,20.980875,14.3125,13.783881,11.211,0.77692,0.02078,0.048449997,0.047,0.053,564.591,1.277,1914000000.0
STLD,"Steel Dynamics, Inc.",Basic Materials,Steel,33,5.914157531760435,Neutral,89.7,5.2631578947368425,5.157894736842105,8.947368421052632,7.894736842105263,7.578947368421052,5.050000000000001,2.3684210526315788,0.022178670433826254,0.036779825197299776,0.031634762496055555,-0.0012467097801704486,0.009754887521283624,,0.9925326961677924,0.9461799786090953,0.09287182271707439,0.1550905258153351,0.08028688437177985,0.1548868674536571,,,234.08999633789062,-0.034736154045165946,0.07599653137346807,-0.18927063677394673,0.6617448451614298,0.6304185861763076,1.486,33551673344,0.89,False,21.223028,11.972628,3.5689344,14.173,0.17568001,0.07825,0.114989996,0.334,0.836,46.924,3.183,234191248.0
TPR,"Tapestry, Inc.",Consumer Cyclical,Luxury Goods,148,5.131077617554858,Neutral,89.7,4.681818181818182,9.0,5.863636363636363,4.272727272727273,2.872727272727273,4.744545454545455,5.818181818181818,0.015090217807252039,0.022227884715523484,0.0210604997646084,0.01025979865807988,0.13397955798126945,,0.9828001462032281,0.9498877169910089,0.06231445736512886,0.09323714081180756,0.01953938522175558,0.05318717011774259,,,113.41999816894531,-0.1235824616890292,-0.18148225779451754,-0.311771855770963,0.21956987278435824,0.2844010887039737,1.429,22506536960,1.58,False,15.6011,12.744493,32.837288,12.89,1.97135,0.19086,0.19823,0.089,0.053500000000000006,571.608,1.752,1399924992.0
TRGP,"Targa Resources, Inc.",Energy,Oil & Gas Midstream,417,4.04344696223317,Débil,89.7,0.7142857142857145,7.19047619047619,3.095238095238095,1.7857142857142856,7.095238095238095,4.823809523809524,2.8571428571428568,0.022178670433826254,0.036779825197299776,0.031634762496055555,-0.0012467097801704486,0.009754887521283624,,0.9925326961677924,0.9461799786090953,0.09287182271707439,0.1550905258153351,0.010868565181959942,0.04682414554955264,,,283.9599914550781,0.007850957078943344,0.1391256598736521,-0.07787234053686387,0.9700290790556276,0.8536019014351535,0.796,60889833472,1.75,False,27.147226,23.579174,16.651615,14.707,0.70839995,0.13545,0.27803,0.042,0.233,515.794,0.771,65837500.0
TROW,"T. Rowe Price Group, Inc.",Financial Services,Asset Management,10,6.287184933687002,Neutral,89.7,7.1923076923076925,6.046153846153846,5.538461538461538,9.692307692307692,5.907692307692307,4.706153846153847,9.769230769230768,0.022178670433826254,0.036779825197299776,0.031634762496055555,-0.0012467097801704486,0.009754887521283624,,0.9925326961677924,0.9461799786090953,0.09287182271707439,0.1550905258153351,0.024851825216823657,0.01201939467006718,,,104.06999969482422,-0.04985976877068621,0.0018488013560551408,-0.14696721561619497,0.22119220482074886,0.5125067888750467,1.471,22199781376,5.02,False,10.448795,10.086872,2.0176816,6.912,0.19399999,0.29262,0.28688,0.107,0.286,3.702,4.039,2023912448.0
TGT,Target Corporation,Consumer Defensive,Discount Stores,9,6.312948768472906,Neutral,89.7,5.642857142857142,5.000000000000001,7.142857142857143,5.0,8.414285714285715,7.92857142857143,4.571428571428571,0.013759883981906704,0.057042249951766925,0.3736590436859387,-0.041541294124153014,0.22690245525752048,,0.9971885087466217,0.5217725831844304,0.056610603598626685,0.24784840065869052,0.01248387236384286,0.16183481643569492,,,150.9199981689453,-0.034324614811553134,0.16660839423870244,-0.11613471057718705,0.808724810270198,0.772878228942221,0.981,68562460672,3.01,False,15.671859,15.806402,3.8424523,9.763,0.26408002,0.04078,0.06044,0.053,1.005,107.583,0.988,3432999936.0
TER,"Teradyne, Inc.",Technology,Semiconductor Equipment & Materials,61,5.629010120913569,Neutral,89.7,1.4935064935064937,6.7012987012987,9.642857142857142,8.376623376623376,6.974025974025974,4.5603896103896115,4.415584415584416,0.05683803857620076,0.10773810007810213,0.046320951095048836,-0.0012334314856649216,0.04041929196366032,,0.9966000446135956,0.9580285284744481,0.2547803986419861,0.4571519792485952,0.17882814452024345,0.2955575150102717,,,411.7799987792969,0.08725499606926035,0.2199162535674859,-0.15603287741735805,2.125464886370375,0.7862477503911075,1.747,64377995264,0.12,False,56.563187,35.338432,20.503908,44.56,0.36465,0.25766,0.33161,1.039,3.858,2.883,2.125,437381248.0
TSLA,"Tesla, Inc.",Consumer Cyclical,Auto Manufacturers,401,4.144846896551725,Débil,89.7,0.36363636363636376,1.2727272727272727,6.363636363636363,8.818181818181818,6.836363636363636,4.744545454545455,1.6363636363636362,0.015090217807252039,0.022227884715523484,0.0210604997646084,0.01025979865807988,0.13397955798126945,,0.9828001462032281,0.9498877169910089,0.06231445736512886,0.09323714081180756,0.05864387033273854,-0.030556995469072135,,,377.80999755859375,0.07844955586807112,-0.0366745049099646,-0.2426077069169983,0.2704620268968785,0.3992553862427092,1.916,1492178567168,0.0,False,349.82407,176.15654,17.177086,137.306,0.046669997,0.03671,0.014099999,0.255,-0.03,18.373,1.941,4835999744.0
TXN,Texas Instruments Incorporated,Technology,Semiconductors,19,6.1728388714733535,Neutral,89.7,2.662337662337662,7.467532467532468,6.038961038961039,6.525974025974026,6.285714285714286,7.666233766233767,8.7012987012987,0.15157463111841535,0.18686876297458943,0.08644022771707216,-0.014252269139233852,0.046344533934074575,,0.993489689607621,0.9967601092747992,0.8356987558501576,1.1192808609591967,0.05504930061657705,0.09878828832342186,,,288.9800109863281,0.06555108283086031,0.15588629206558435,-0.13486809272721567,0.8920972368645854,0.7515168835429021,1.339,263910326272,2.05,False,43.98478,27.147402,14.65193,29.254,0.35176,0.31111,0.42576998,0.228,0.518,78.036,4.857,3545250048.0
TEL,TE Connectivity plc,Technology,Electronic Components,204,4.963821585311241,Débil,89.7,6.363636363636363,4.116883116883118,4.1558441558441555,6.428571428571429,4.467532467532468,4.5603896103896115,7.597402597402597,0.05683803857620076,0.10773810007810213,0.046320951095048836,-0.0012334314856649216,0.04041929196366032,,0.9966000446135956,0.9580285284744481,0.2547803986419861,0.4571519792485952,0.03348309205944283,0.04544495301742359,,,215.8300018310547,0.02862105697356121,0.007128253491583303,-0.14543078147349264,0.1343354277135369,0.41033876755586257,1.14,62485639168,1.42,False,21.13908,16.70922,4.7243075,13.791,0.23290001,0.15609,0.20775,0.138,0.192,43.441,1.876,2336875008.0
TDY,Teledyne Technologies Incorpora,Technology,Scientific & Technical Instruments,377,4.287810837438425,Débil,89.7,5.584415584415585,2.8311688311688314,3.409090909090909,7.662337662337663,3.792207792207792,4.5603896103896115,2.077922077922078,0.05683803857620076,0.10773810007810213,0.046320951095048836,-0.0012334314856649216,0.04041929196366032,,0.9966000446135956,0.9580285284744481,0.2547803986419861,0.4571519792485952,0.023901310717039322,0.033998506736038346,,,604.1500244140625,-0.04484263355908469,-0.0328272576657862,-0.13404614729877662,0.2507764159125141,0.5643141132730609,0.895,28005779456,0.0,False,29.228352,22.559704,2.5649574,19.173,0.09154,0.15292,0.20198,0.098,0.212,18.565,2.181,912675008.0
TXT,Textron Inc.,Industrials,Aerospace & Defense,368,4.319293443419136,Débil,89.7,9.172535211267604,2.0704225352112675,2.5,7.605633802816901,1.6056338028169013,4.701408450704226,1.5492957746478873,0.02303777425026206,0.02626515950987282,0.01847233377013146,-0.0419765938210281,0.038569854654809686,,0.9960326938211398,0.6417291364676536,0.09644280938255756,0.11091857729405286,0.007308439417366374,-0.0023752969121140144,,,73.02999877929688,-0.11315825469229668,-0.18396993349520352,-0.2809884928689881,0.002058161077070242,0.005228259996405701,0.908,12560203776,0.11,False,13.753296,10.064053,1.5590377,9.384,0.12126,0.06125,0.08701,0.03,0.052,52.285,1.861,452750016.0
TJX,"TJX Companies, Inc. (The)",Consumer Cyclical,Apparel Retail,212,4.934465705329152,Débil,89.7,1.9545454545454546,6.254545454545454,5.909090909090909,4.454545454545454,6.181818181818182,5.54909090909091,5.636363636363636,0.016202887855658595,0.045802819435994534,-0.006963386487620732,0.029581261653560748,0.08261276351185097,,0.9844793015266118,0.9999383680273671,0.0670453355672207,0.2012680211190514,0.012649419799834468,0.04516123797944582,,,138.8000030517578,-0.010105742871707402,-0.08901735591390292,-0.18352939381318933,0.13047730128488189,0.33926308877081346,0.561,152676401152,1.4,False,25.703703,24.040794,14.7439995,17.864,0.62171,0.09729,0.10909,0.054,0.236,134.419,1.147,4398125056.0
TMO,Thermo Fisher Scientific Inc,Healthcare,Diagnostics & Research,189,5.005097882637628,Neutral,89.7,2.5438596491228074,5.859649122807017,5.526315789473683,4.473684210526316,8.68421052631579,4.714035087719299,4.56140350877193,0.019451694792271483,0.025099829187149703,0.009330299824089037,0.0045345467666636635,0.009754887521283624,,0.9952439880283319,0.9466072456018746,0.08098825420660127,0.10571293560709794,0.02520077169410927,0.032754946175637394,,,662.0599975585938,0.06515897192610232,0.2178929373367975,-0.046476462836700594,0.5210329164853855,0.8754342529089544,0.877,244794900480,0.29,False,35.63294,24.020962,4.6469154,23.97,0.13515,0.15036,0.18751,0.105,0.094,80.575,1.551,6237250048.0
TPL,Texas Pacific Land Corporation,Energy,Oil & Gas E&P,230,4.8846013136289,Débil,89.7,2.500000000000001,9.476190476190476,4.761904761904762,9.523809523809524,1.4999999999999996,4.823809523809524,0.7142857142857142,0.022178670433826254,0.036779825197299776,0.031634762496055555,-0.0012467097801704486,0.009754887521283624,,0.9925326961677924,0.9461799786090953,0.09287182271707439,0.1550905258153351,0.06974281615705422,0.07436847646976576,,,345.7900085449219,-0.047135872912905774,-0.13045312912660856,-0.368073814793637,0.2843506251674546,0.2754167299953234,0.588,23850756096,0.68,False,44.10587,4.7290754,14.261147,32.722,0.36566,0.60322,0.78177,0.312,0.327,1.077,4.552,-32836124.0
TSCO,Tractor Supply Company,Consumer Cyclical,Specialty Retail,416,4.043933542319748,Débil,89.7,4.681818181818182,4.981818181818182,2.3181818181818183,3.8181818181818175,4.163636363636364,3.5409090909090915,7.636363636363637,0.012556247514996456,0.026724311328688608,0.010486237033161247,0.023794475628334446,0.13397955798126945,,0.9811209908798445,0.9585885957321068,0.05145736243748833,0.11296301191088509,0.006491339068441183,-0.020080793680017583,,,32.52000045776367,-0.03029000477806787,-0.18080379324708085,-0.4413330964136115,0.1466854886376472,0.1393634994225686,0.514,16944225280,2.97,False,16.9375,15.877743,6.4716415,11.979,0.39513,0.06425,0.120740004,0.023,-0.15,248.71,1.334,103175000.0
TRV,"The Travelers Companies, Inc.",Financial Services,Insurance - Property & Casualty,90,5.411389177718832,Neutral,89.7,6.730769230769231,5.523076923076923,4.461538461538462,3.9615384615384617,8.884615384615383,4.706153846153847,4.0,0.022178670433826254,0.036779825197299776,0.031634762496055555,-0.0012467097801704486,0.009754887521283624,,0.9925326961677924,0.9461799786090953,0.09287182271707439,0.1550905258153351,0.0007560636151289719,0.08568189644720231,,,360.6099853515625,-0.026673731089861707,0.12395701127336478,-0.09553552708411706,0.4295171067611294,0.7398933716987334,0.437,75214233600,1.39,False,9.686006,11.853312,2.2711585,6.901,0.26511,0.16951999,0.23698,0.003,0.571,27.378,0.323,14775124992.0
TT,Trane Technologies plc,Industrials,Building Products & Equipment,217,4.911590675084993,Débil,89.7,1.9014084507042255,6.619718309859155,4.823943661971831,5.0,8.47887323943662,4.701408450704226,3.52112676056338,0.02303777425026206,0.02626515950987282,0.01847233377013146,-0.0419765938210281,0.038569854654809686,,0.9960326938211398,0.6417291364676536,0.09644280938255756,0.11091857729405286,0.028102881977868917,0.01771627128694634,,,467.2699890136719,0.029051799918322185,0.04173816920018414,-0.07630421054090597,0.3424983882482098,0.7554019961578599,1.157,102810230784,0.88,False,34.818928,26.564888,11.937817,25.099,0.36643,0.13278,0.19251,0.106,0.071,53.404,1.073,3121687552.0
TFC,Truist Financial Corporation,Financial Services,Banks - Regional,150,5.127407745358089,Neutral,89.7,7.788461538461539,5.107692307692307,5.153846153846153,4.884615384615385,2.1999999999999997,4.706153846153847,9.769230769230768,0.022178670433826254,0.036779825197299776,0.031634762496055555,-0.0012467097801704486,0.009754887521283624,,0.9925326961677924,0.9461799786090953,0.09287182271707439,0.1550905258153351,0.01988537039470297,,,,45.58000183105469,-0.09134400879042526,-0.08406116109903239,-0.18896793894920494,0.11770480213473977,0.31128416543804704,0.906,55681724416,4.5,False,10.478162,9.1322565,0.9488323,11.307500000000001,0.09059,0.30692,0.39815,0.082,0.367,47.594,1.0255,
TRMB,Trimble Inc.,Technology,Scientific & Technical Instruments,442,3.811885176892073,Débil,89.7,6.4935064935064934,0.9675324675324676,3.896103896103896,4.870129870129871,3.3506493506493507,4.5603896103896115,2.077922077922078,0.05683803857620076,0.10773810007810213,0.046320951095048836,-0.0012334314856649216,0.04041929196366032,,0.9966000446135956,0.9580285284744481,0.2547803986419861,0.4571519792485952,0.02612163881945014,0.012688965746968397,,,60.060001373291016,0.027274274584472513,-0.03861158334888404,-0.2885571976629825,0.25333892682159886,0.33260277735043875,1.343,14004781056,0.0,False,29.487861000000002,14.517696,2.4685574,17.563,-0.01939,-0.027679998,0.15134,0.11,0.2825,28.553,0.954,686174976.0
TDG,Transdigm Group Incorporated,Industrials,Aerospace & Defense,132,5.203099174356483,Neutral,89.7,5.052816901408451,7.345070422535212,6.866197183098592,7.852112676056338,3.2394366197183095,4.701408450704226,0.6338028169014085,0.02303777425026206,0.02626515950987282,0.01847233377013146,-0.0419765938210281,0.038569854654809686,,0.9960326938211398,0.6417291364676536,0.09644280938255756,0.11091857729405286,0.05293066270787508,0.05029896220519496,,,1096.2099609375,-0.06517376597364055,-0.12005189339841016,-0.2507262592445131,0.023299846849474948,0.0637091248596151,0.935,60594675712,0.0,False,33.248707,22.686323,-6.526069,18.014,0.17803,0.21277,0.46005002,0.225,0.109,57.02,3.019,1457374976.0
TYL,"Tyler Technologies, Inc.",Technology,Software - Application,473,3.0484410210479176,Débil,89.7,4.025974025974026,2.3376623376623376,2.987012987012987,5.649350649350649,2.4155844155844153,2.6194805194805197,2.077922077922078,0.031224392380203848,0.06481782073341467,-0.011365429862756873,0.052453301888429636,0.04041929196366032,,0.9987556329197307,0.9349635911436769,0.13324644033747524,0.29799706906771684,0.020573635873581905,0.019345480414387977,,,332.3399963378906,-0.013989410820866688,-0.03464222087629465,-0.3662834003815749,0.2276605826821716,0.24290555075630874,0.849,13610078208,0.0,False,43.728947,21.648628,4.478734,30.613,0.09731,0.13361,0.14741,0.082,0.155,47.906,1.554,594435648.0
TSN,"Tyson Foods, Inc.",Consumer Defensive,Farm Products,249,4.816256945812808,Débil,89.7,5.928571428571428,1.2142857142857144,5.857142857142858,8.714285714285715,3.428571428571429,5.0200000000000005,6.571428571428571,0.010587669265972103,0.03240886543954835,0.03841852500854691,-0.006732534589445632,-0.1069229189439744,,0.9824247237971335,0.8758219755770231,0.043225815284394065,0.13804200371797326,-0.0002871832033264432,-0.14428045960594138,,,51.70000076293945,-0.05984614276991773,-0.13750604516599751,-0.25590096771820015,0.03482787756083772,0.08913938334730799,0.395,18188138496,3.93,False,31.91358,12.711979,1.0060323,9.255,0.03263,0.01031,0.02711,-0.001,2.041,44.025,1.433,1191250048.0
TKO,"TKO Group Holdings, Inc.",Communication Services,Entertainment,370,4.317525779967159,Débil,89.7,2.2023809523809526,3.9047619047619047,6.666666666666666,5.714285714285714,2.904761904761904,4.823809523809524,7.142857142857143,0.016471287956867288,0.05091917701449848,0.36932751540041064,-0.061522486012124775,-0.4830644665027026,,0.3470229363293961,0.7821098565563036,0.06720437263488721,0.22229825094314082,0.047131214471669104,0.12477255285713422,,,178.63999938964844,-0.049579964834626566,-0.08980947655052651,-0.21283158813057002,0.04351889356649585,0.13363227604750563,0.692,33811140608,1.79,False,62.027775,38.160664,3.9099128,13.722,0.07063,0.0433,0.32388002,0.182,0.144,59.216,1.278,856147520.0
USB,U.S. Bancorp,Financial Services,Banks - Regional,109,5.267535066312997,Neutral,89.7,6.5769230769230775,5.861538461538462,4.884615384615385,4.884615384615385,4.415384615384615,4.706153846153847,8.76923076923077,0.022178670433826254,0.036779825197299776,0.031634762496055555,-0.0012467097801704486,0.009754887521283624,,0.9925326961677924,0.9461799786090953,0.09287182271707439,0.1550905258153351,0.025293688605919656,,,,56.16999816894531,-0.09216977138669469,-0.026561203533194466,-0.14996976136583973,0.24766766257097528,0.5294396091616957,1.019,87515750400,3.77,False,11.2115755,9.683447,1.4435506,11.307500000000001,0.12623,0.29896,0.39646998,0.104,0.216,47.594,1.0255,
UNP,Union Pacific Corporation,Industrials,Railroads,84,5.478503739679456,Neutral,89.7,5.035211267605633,9.140845070422536,5.070422535211268,1.971830985915493,6.436619718309859,4.701408450704226,8.52112676056338,0.02303777425026206,0.02626515950987282,0.01847233377013146,-0.0419765938210281,0.038569854654809686,,0.9960326938211398,0.6417291364676536,0.09644280938255756,0.11091857729405286,0.028744964884262713,0.01787695988679862,,,274.67999267578125,-0.051189113214194504,0.03585438256689333,-0.13073200836804566,0.27443971918424936,0.5887914859225686,0.954,163180658688,2.05,False,22.25932,19.324472,8.397945,15.009,0.39696,0.28847,0.40982,0.115,0.066,150.772,0.986,4720750080.0
UBER,"Uber Technologies, Inc.",Technology,Software - Application,452,3.6469345275414238,Débil,89.7,6.233766233766234,4.376623376623376,5.584415584415584,3.5064935064935066,1.5844155844155843,2.6194805194805197,2.077922077922078,0.031224392380203848,0.06481782073341467,-0.011365429862756873,0.052453301888429636,0.04041929196366032,,0.9987556329197307,0.9349635911436769,0.13324644033747524,0.29799706906771684,0.028684740529197054,0.06467230761308963,,,68.44999694824219,-0.06389582167601382,-0.08275755722390854,-0.31788742453171703,0.0464760273389726,0.08700620916548915,1.265,139813240832,0.0,False,15.010964,15.482187,5.1120234,20.273,0.3716,0.17345,0.13317999,0.122,0.855,51.872,0.843,7244749824.0
UAL,"United Airlines Holdings, Inc.",Industrials,Airlines,339,4.460953472559495,Débil,89.7,9.348591549295774,3.183098591549296,4.295774647887324,0.9859154929577463,5.704225352112677,4.701408450704226,0.6338028169014085,0.02303777425026206,0.02626515950987282,0.01847233377013146,-0.0419765938210281,0.038569854654809686,,0.9960326938211398,0.6417291364676536,0.09644280938255756,0.11091857729405286,0.04030432808969918,-0.09980980353031296,,,110.16999816894531,-0.04628427283225689,0.00963768393625175,-0.20609643172915393,0.30163041314916494,0.47164230868179025,1.304,35759394816,0.0,False,10.315542,8.004988,2.1416767,7.523,0.23252001,0.05558,0.05534,0.16,-0.172,201.641,0.78,910124992.0
UDR,"UDR, Inc.",Real Estate,REIT - Residential,276,4.696769655172415,Débil,89.7,4.666666666666667,6.766666666666667,5.5,1.1666666666666665,4.2333333333333325,4.771666666666668,8.0,0.022178670433826254,0.036779825197299776,0.031634762496055555,-0.0012467097801704486,0.009754887521283624,,0.9925326961677924,0.9461799786090953,0.09287182271707439,0.1550905258153351,-0.007857631907841113,-0.01664167614152249,,,33.31999969482422,-0.08182555526340429,-0.09885911303546224,-0.20666667393275673,0.011536117025628956,0.041942571172651315,0.707,12240575488,5.13,False,21.088606,59.5,3.6968825,17.131,0.13739,0.29563,0.20177999,-0.001,0.909,156.144,0.178,779827776.0
ULTA,"Ulta Beauty, Inc.",Consumer Cyclical,Specialty Retail,122,5.2336117868338565,Neutral,89.7,3.545454545454545,5.945454545454545,6.7727272727272725,5.909090909090909,6.836363636363636,5.440000000000001,1.6363636363636362,0.022178670433826254,0.026724311328688608,0.010486237033161247,0.07319002859690348,0.009809220540796316,,0.9951153571566966,0.9961181793153533,0.09287182271707439,0.11296301191088509,0.019452382865130128,0.023788940257816266,,,545.47998046875,0.015340639218548224,-0.017584477609514315,-0.23705892489370184,0.22966632206661397,0.37542830994122406,0.838,23323344896,0.0,False,19.879007,16.999914,8.593619,13.292,0.46117002,0.0934,0.12505999,0.089,0.133,95.472,1.345,914087360.0
UPS,"United Parcel Service, Inc.",Industrials,Integrated Freight & Logistics,344,4.424924332200097,Débil,89.7,7.799295774647888,3.887323943661972,2.0422535211267605,2.5352112676056335,3.084507042253521,4.701408450704226,9.788732394366198,0.02303777425026206,0.02626515950987282,0.01847233377013146,-0.0419765938210281,0.038569854654809686,,0.9960326938211398,0.6417291364676536,0.09644280938255756,0.11091857729405286,0.01826371566561703,-0.06236267095257177,,,92.29000091552734,-0.08726060578117067,-0.12038915878431533,-0.24605832108873993,0.1254878160430164,0.2546399632647202,1.046,78518632448,7.05,False,17.154274,11.451438,5.2126517,8.546,0.29602,0.050819997,0.09052,0.076,-0.53,189.9,1.179,5593999872.0
URI,"United Rentals, Inc.",Industrials,Rental & Leasing Services,141,5.152330840213695,Neutral,89.7,4.718309859154929,7.338028169014084,7.183098591549296,1.126760563380282,7.873239436619718,4.701408450704226,2.676056338028169,0.02303777425026206,0.02626515950987282,0.01847233377013146,-0.0419765938210281,0.038569854654809686,,0.9960326938211398,0.6417291364676536,0.09644280938255756,0.11091857729405286,0.02853653095824564,0.05784035080390309,,,1037.43994140625,-0.02366367684394255,0.09144485091867627,-0.12020222408262526,0.47869830158105153,0.7032181189016729,1.826,64572841984,0.73,False,24.944456,18.099747,7.0112453,17.594,0.28895,0.15673,0.25986,0.118,0.255,166.793,0.764,1706249984.0
UNH,UnitedHealth Group Incorporated,Healthcare,Healthcare Plans,384,4.256104537205082,Débil,89.7,4.9561403508771935,3.8421052631578947,4.561403508771929,2.368421052631579,3.614035087719298,4.714035087719299,8.596491228070175,0.019451694792271483,0.025099829187149703,0.009330299824089037,0.0045345467666636635,0.009754887521283624,,0.9952439880283319,0.9466072456018746,0.08098825420660127,0.10571293560709794,0.0009250116145609579,0.1303111530600396,,,375.9800109863281,-0.041041007913546035,0.05376242892352745,-0.18552053423524084,0.46884404807722824,0.5835643617132416,0.615,337477697536,2.47,False,24.178778,16.628786,3.4563022,14.51,0.14152999,0.03135,0.071329996,0.004,0.615,69.211,0.777,24272250880.0
VLO,Valero Energy Corporation,Energy,Oil & Gas Refining & Marketing,81,5.484898522167487,Neutral,89.7,4.404761904761905,3.8571428571428577,7.976190476190476,6.428571428571429,9.761904761904761,4.823809523809524,1.4285714285714284,0.022178670433826254,0.036779825197299776,0.031634762496055555,-0.0012467097801704486,0.009754887521283624,,0.9925326961677924,0.9461799786090953,0.09287182271707439,0.1550905258153351,0.12566083239577536,0.44224703623611306,,,424.1000061035156,0.17901581539052258,0.6134352478474492,-0.011398852878818588,1.731019422393687,0.9821337453544597,0.592,122110033920,1.15,False,17.6782,10.0321665,4.8842564,9.526,0.27637,0.05446,0.12269,0.517,4.535,40.148,1.636,8416374784.0
VRSN,"VeriSign, Inc.",Technology,Software - Infrastructure,192,4.992362024182714,Débil,89.7,5.178571428571429,8.142857142857142,1.948051948051948,3.5714285714285716,6.129870129870129,4.433116883116884,7.272727272727273,0.05725986152961707,0.1120369028548086,0.028563519379000844,6.216447174862654e-05,0.03581797408915421,,0.9966000446135956,0.9539245246136695,0.25752066717092936,0.520758749309372,0.01467444866920152,0.011859084019700272,,,294.2200012207031,0.014920599489273378,0.10450198951020861,-0.05843573598085283,0.40869482534091306,0.8237792049865191,0.692,26597488640,1.11,False,31.945711,26.59801,-11.799479,23.417,0.34039003,0.49769002,0.68178004,0.06,0.077,36.194,0.591,832837504.0
VTR,"Ventas, Inc.",Real Estate,REIT - Healthcare Facilities,465,3.4261328735632186,Débil,89.7,1.2500000000000002,1.2,6.5,4.166666666666667,4.133333333333333,4.771666666666668,2.3333333333333335,0.022178670433826254,0.036779825197299776,0.031634762496055555,-0.0012467097801704486,0.009754887521283624,,0.9925326961677924,0.9461799786090953,0.09287182271707439,0.1550905258153351,0.05008142954158569,0.030375445559263997,,,80.04000091552734,-0.11023957148845509,-0.06869371710900207,-0.21220471539835284,0.19587630233867226,0.37813674403020886,0.741,41056227328,2.54,False,148.22221,101.31645,2.8026192,23.215,0.02012,0.04093,0.14807999,0.217,-0.067,84.928,0.295,1486853504.0
VLTO,Veralto Corp,Industrials,Pollution & Treatment Controls,153,5.126400777076251,Neutral,89.7,4.507042253521127,7.338028169014084,3.9788732394366195,5.211267605633803,7.380281690140845,4.701408450704226,2.1830985915492955,0.02303777425026206,0.02626515950987282,0.01847233377013146,-0.0419765938210281,0.038569854654809686,,0.9960326938211398,0.6417291364676536,0.09644280938255756,0.11091857729405286,0.018415888642699243,0.0050797793904209,,,95.7300033569336,-0.009949082065387027,0.029851529010857192,-0.0947517413055925,0.19617647578325115,0.6104200372058163,0.775,23338338304,0.54,False,24.11335,19.989225,7.548494,17.978,0.34312,0.17346,0.21370001,0.075,0.101,115.978,1.775,807124992.0
VRSK,"Verisk Analytics, Inc.",Industrials,Consulting Services,286,4.669212821758134,Débil,89.7,6.214788732394366,7.95774647887324,2.2535211267605635,3.732394366197183,2.859154929577464,4.701408450704226,5.070422535211268,0.02303777425026206,0.02626515950987282,0.01847233377013146,-0.0419765938210281,0.038569854654809686,,0.9960326938211398,0.6417291364676536,0.09644280938255756,0.11091857729405286,0.010862939445844112,0.0050394537240650615,,,168.67999267578125,-0.0758962039000971,-0.10980657409150052,-0.3204415732987622,0.08169804204040809,0.13805800472238028,0.692,21954715648,1.21,False,25.910904,19.392159,-18.925165,16.867,0.20125,0.28237,0.45106998,0.044,-0.034,86.68299999999999,1.005,1055550016.0
VRTX,Vertex Pharmaceuticals Incorpor,Healthcare,Biotechnology,102,5.300887356321839,Neutral,89.7,2.5877192982456143,8.94736842105263,5.350877192982456,9.12280701754386,4.578947368421053,4.714035087719299,1.9298245614035086,0.019451694792271483,0.025099829187149703,0.009330299824089037,0.0045345467666636635,0.009754887521283624,,0.9952439880283319,0.9466072456018746,0.08098825420660127,0.10571293560709794,0.03021772109972132,0.023829606329838115,,,505.6400146484375,-0.026103944682540958,0.06647029357763512,-0.09747431566543951,0.2559988440767984,0.6536437790856695,0.281,128159989760,0.0,False,29.44904,25.148537,6.326748,23.81,0.23542999,0.34997,0.38055,0.125,0.08,9.767,3.185,2627887616.0
UHS,"Universal Health Services, Inc.",Healthcare,Medical Care Facilities,168,5.079215245009075,Neutral,89.7,9.42982456140351,5.157894736842105,4.7368421052631575,3.8596491228070176,3.1403508771929824,4.714035087719299,5.087719298245615,0.019451694792271483,0.025099829187149703,0.009330299824089037,0.0045345467666636635,0.009754887521283624,,0.9952439880283319,0.9466072456018746,0.08098825420660127,0.10571293560709794,0.01994311127388242,0.011896693557851199,,,174.6199951171875,0.0072320620581607375,-0.03169963769313888,-0.2911135666902631,0.24657335177889417,0.325082306985294,1.029,10291493888,0.45,False,7.121533,7.2762156,1.369676,5.816,0.20948,0.08424,0.1114,0.083,0.101,68.74,1.116,498316992.0
VZ,Verizon Communications Inc.,Communication Services,Telecom Services,256,4.812159605911329,Débil,89.7,7.619047619047619,5.3809523809523805,2.6190476190476186,1.0714285714285716,4.999999999999999,4.823809523809524,9.761904761904761,0.016471287956867288,0.05091917701449848,0.36932751540041064,-0.061522486012124775,-0.4830644665027026,,0.3470229363293961,0.7821098565563036,0.06720437263488721,0.22229825094314082,-0.0018038813592410887,-0.022425724631001707,,,45.77000045776367,-0.05199624572779693,-0.014965964830526146,-0.11435757628166265,0.1922375737891031,0.5553047748505396,0.248,190164074496,6.15,False,11.919271,8.657182,1.8299217,7.521,0.15842,0.11643,0.22999,-0.007,-0.22,184.081,0.604,17466624000.0
V,Visa Inc.,Financial Services,Credit Services,203,4.964323395225464,Débil,89.7,0.2692307692307694,9.769230769230768,4.8076923076923075,3.153846153846154,9.769230769230768,4.706153846153847,1.076923076923077,0.022178670433826254,0.036779825197299776,0.031634762496055555,-0.0012467097801704486,0.009754887521283624,,0.9925326961677924,0.9461799786090953,0.09287182271707439,0.1550905258153351,0.033955379142491235,0.031549581057872186,,,372.1000061035156,0.008103860172165023,0.10179295289423806,-0.03493527477885827,0.26611999763011895,0.8530759828044899,0.771,698563887104,0.72,False,31.668085,24.799557,19.71913,22.249,0.6119,0.50782,0.66130996,0.144,0.102,67.821,0.985,20404000768.0
WRB,W.R. Berkley Corporation,Financial Services,Insurance - Property & Casualty,391,4.215089442970822,Débil,89.7,4.576923076923077,3.738461538461539,2.769230769230769,4.0,7.36923076923077,4.706153846153847,0.7692307692307693,0.022178670433826254,0.036779825197299776,0.031634762496055555,-0.0012467097801704486,0.009754887521283624,,0.9925326961677924,0.9461799786090953,0.09287182271707439,0.1550905258153351,0.0030510815690788064,0.03485145265397799,,,69.7300033569336,-0.001835097999467572,0.012007569475682045,-0.11689458767814587,0.10911409824930174,0.4263519799212926,0.271,25885696000,0.57,False,14.347737,14.287822,2.7544935,10.184,0.20207001,0.12943,0.16385001,0.012,0.15,31.527,0.406,3045504768.0
VST,Vistra Corp.,Utilities,Utilities - Independent Power Producers,383,4.257434007134364,Débil,89.7,3.5775862068965516,4.965517241379311,2.0689655172413794,4.051724137931035,7.96551724137931,4.775862068965519,0.5172413793103449,0.022178670433826254,0.036779825197299776,0.031634762496055555,-0.0012467097801704486,0.009754887521283624,,0.9925326961677924,0.9461799786090953,0.09287182271707439,0.1550905258153351,-0.011982564036993968,-0.02164953125609131,,,166.72000122070312,0.16578282834283686,0.07719005633605192,-0.23205895338229787,0.2567465793811483,0.4033633493688196,1.384,55957102592,0.57,False,28.114672,16.005623,18.63418,11.5,0.42962003,0.1155,0.13766,-0.055,-0.062,373.28,0.973,37125000.0
WAB,Westinghouse Air Brake Technolo,Industrials,Railroads,260,4.784942787761049,Débil,89.7,3.450704225352113,3.661971830985916,7.112676056338028,4.71830985915493,8.098591549295774,4.701408450704226,1.9718309859154928,0.02303777425026206,0.02626515950987282,0.01847233377013146,-0.0419765938210281,0.038569854654809686,,0.9960326938211398,0.6417291364676536,0.09644280938255756,0.11091857729405286,0.041105407390829025,0.05198415238095238,,,282.44000244140625,-0.026667053412674502,0.07687859414578346,-0.07891989811698974,0.5180049577631207,0.7993033873064046,0.917,47707181056,0.43,False,37.962364,22.675907,4.259002,20.93,0.11553001,0.10593,0.19188,0.175,0.189,61.686,1.121,1101374976.0
VMC,Vulcan Materials Company (Holdi,Basic Materials,Building Materials,408,4.0894424682395645,Débil,89.7,3.1578947368421053,7.052631578947368,2.1052631578947367,5.0,3.052631578947368,5.050000000000001,1.5789473684210527,0.022178670433826254,0.036779825197299776,0.031634762496055555,-0.0012467097801704486,0.009754887521283624,,0.9925326961677924,0.9461799786090953,0.09287182271707439,0.1550905258153351,0.006623345901964676,-0.0046968673777971716,,,244.1300048828125,-0.07449528136733241,-0.13933329308634834,-0.26264760372462925,0.029954034859775103,0.07548378569862323,1.046,31634057216,0.84,False,28.788918,23.220886,3.7320187,15.817,0.13234,0.13748,0.21611,0.025,0.027,58.22,1.757,843600000.0
WMT,Walmart Inc.,Consumer Defensive,Discount Stores,350,4.409845123152708,Débil,89.7,1.1071428571428572,3.771428571428572,5.142857142857142,4.857142857142858,5.542857142857143,7.191428571428572,1.1428571428571428,0.01564426250750249,0.036779825197299776,0.04604741725225074,0.03694538587193514,-0.07657963013057023,,0.9983288371151247,0.9475577291351596,0.06460655088265255,0.1577209949382965,0.014524893026974298,0.052289029709578785,,,108.16000366210938,-0.004720550071228624,-0.08515011021496888,-0.19976321646856043,0.09385116972197993,0.25578841406034675,0.578,860745826304,0.92,False,38.35461,33.540794,8.744442,20.889,0.22313999,0.03,0.0345,0.059,-0.091,71.653,0.767,7127625216.0
DIS,Walt Disney Company (The),Communication Services,Entertainment,270,4.724491297208539,Débil,89.7,5.595238095238096,3.619047619047619,3.095238095238095,4.047619047619048,7.0476190476190474,4.823809523809524,6.666666666666666,0.016471287956867288,0.05091917701449848,0.36932751540041064,-0.061522486012124775,-0.4830644665027026,,0.3470229363293961,0.7821098565563036,0.06720437263488721,0.22229825094314082,0.016429649812493553,0.0630324981882677,,,104.75,0.0012445062980430688,0.00934426347980466,-0.10538901699547354,0.13624037314242332,0.5044176706827309,1.417,180870447104,1.44,False,21.597939,14.013209,1.6469607,10.843,0.0801,0.086990006,0.19301,0.068,-0.483,39.404,0.709,4860375040.0
GWW,"W.W. Grainger, Inc.",Industrials,Industrial Distribution,144,5.150420203982516,Neutral,89.7,2.5352112676056335,5.929577464788732,5.985915492957746,7.464788732394366,7.43661971830986,4.701408450704226,2.9577464788732395,0.02303777425026206,0.02626515950987282,0.01847233377013146,-0.0419765938210281,0.038569854654809686,,0.9960326938211398,0.6417291364676536,0.09644280938255756,0.11091857729405286,0.02541077844391452,0.04246355485175608,,,1263.510009765625,-0.0266827702987803,0.0449524562933592,-0.11014781939304252,0.393802684734617,0.6953583236245835,1.013,59512512512,0.78,False,32.22418,24.774109,14.406198,19.487,0.46091,0.09923001,0.16072,0.103,0.205,61.977,2.805,1247750016.0
VTRS,Viatris Inc.,Healthcare,Drug Manufacturers - Specialty & Generic,140,5.15333260738052,Neutral,89.7,8.092105263157894,1.6842105263157894,3.859649122807018,4.035087719298246,7.982456140350877,4.714035087719299,9.298245614035087,0.019451694792271483,0.025099829187149703,0.009330299824089037,0.0045345467666636635,0.009754887521283624,,0.9952439880283319,0.9466072456018746,0.08098825420660127,0.10571293560709794,0.011996521553004092,0.021259630253377453,,,17.489999771118164,0.03185839357629283,0.13734643684236225,-0.05100381057416359,0.8049535367511007,0.8924484863979593,0.858,20088854528,2.74,False,28.53886,6.5425,1.3894185,7.515,-0.02754,-0.02787,0.12550999,0.049,0.1595,95.535,1.585,2677337600.0
WM,"Waste Management, Inc.",Industrials,Waste Management,388,4.227582904322486,Débil,89.7,4.119718309859155,5.845070422535211,3.028169014084507,1.0915492957746475,4.985915492957746,4.701408450704226,7.464788732394366,0.02303777425026206,0.02626515950987282,0.01847233377013146,-0.0419765938210281,0.038569854654809686,,0.9960326938211398,0.6417291364676536,0.09644280938255756,0.11091857729405286,0.00999493016628426,0.015531200993475108,,,208.94000244140625,-0.04413781890402835,-0.07021408820369734,-0.15794139184537836,0.07639999197056424,0.2745279978046324,0.43,83516497920,1.82,False,29.594902,22.936243,8.419908,13.621,0.29841,0.11115,0.18986,0.04,0.083,235.301,0.907,2348375040.0
VICI,VICI Properties Inc.,Real Estate,REIT - Diversified,14,6.237424827586207,Neutral,89.7,9.208333333333334,8.966666666666667,3.833333333333333,9.25,1.5999999999999999,4.771666666666668,9.833333333333332,0.022178670433826254,0.036779825197299776,0.031634762496055555,-0.0012467097801704486,0.009754887521283624,,0.9925326961677924,0.9461799786090953,0.09287182271707439,0.1550905258153351,0.014149770945731851,-0.08803193388331775,,,22.639999389648438,-0.1023923231685695,-0.17286986072690136,-0.29205755504538966,0.009587486717878901,0.022501244337879308,0.674,24928393216,8.09,False,8.809339,7.571906,0.8545653,11.816,0.09849,0.67496,0.70182997,0.057,-0.414,60.277,11.236,267028992.0
WFC,Wells Fargo & Company,Financial Services,Banks - Diversified,231,4.878458143236075,Débil,89.7,6.307692307692308,5.353846153846154,4.846153846153847,4.884615384615385,3.0615384615384618,4.706153846153847,7.384615384615385,0.022178670433826254,0.036779825197299776,0.031634762496055555,-0.0012467097801704486,0.009754887521283624,,0.9925326961677924,0.9461799786090953,0.09287182271707439,0.1550905258153351,0.023306837772959384,,,,80.26000213623047,-0.06631205911304916,-0.05173791369077896,-0.17900979811548212,0.1027755171232545,0.29943963715894584,0.952,242706186240,2.45,False,11.6487665,10.032626,1.4745545,11.307500000000001,0.12575,0.27232,0.37387002,0.095,0.25,47.594,1.0255,
WAT,Waters Corporation,Healthcare,Diagnostics & Research,273,4.718488082274652,Débil,89.7,1.7543859649122808,2.192982456140351,7.19298245614035,7.456140350877193,8.807017543859647,4.714035087719299,1.9298245614035086,0.019451694792271483,0.025099829187149703,0.009330299824089037,0.0045345467666636635,0.009754887521283624,,0.9952439880283319,0.9466072456018746,0.08098825420660127,0.10571293560709794,0.23181261407091952,0.16250389236799312,,,435.989990234375,0.05618497768727715,0.19728213525994454,-0.040810511210509604,0.5418537689089189,0.8920066963635965,1.149,42808049664,0.0,False,110.37721,26.360577,2.8183663,32.93,0.019199999,0.03588,0.09422,1.134,0.15,36.045,1.861,-142067632.0
WELL,Welltower Inc.,Real Estate,REIT - Healthcare Facilities,219,4.90735816091954,Débil,89.7,0.875,2.6333333333333333,8.416666666666666,8.583333333333334,8.7,4.771666666666668,1.6666666666666665,0.022178670433826254,0.036779825197299776,0.031634762496055555,-0.0012467097801704486,0.009754887521283624,,0.9925326961677924,0.9461799786090953,0.09287182271707439,0.1550905258153351,0.08467345169347339,0.07878181545643376,,,221.1199951171875,-0.057670807324583295,0.031176848872278562,-0.13354233888249412,0.3503511152194656,0.6273372894170313,0.747,159332876288,1.51,False,98.27555,69.53459,3.4248717,54.402,0.03836,0.12149999,0.16561002,0.391,0.356,41.375,1.317,2756164352.0
WEC,"WEC Energy Group, Inc.",Utilities,Utilities - Regulated Electric,152,5.126829964328181,Neutral,89.7,4.137931034482759,7.068965517241379,5.344827586206897,4.568965517241379,5.344827586206897,4.775862068965519,6.8965517241379315,0.022178670433826254,0.036779825197299776,0.031634762496055555,-0.0012467097801704486,0.009754887521283624,,0.9925326961677924,0.9461799786090953,0.09287182271707439,0.1550905258153351,0.005215750964772282,0.010553124052816268,,,103.18000030517578,-0.027737465510256132,-0.07254349144340222,-0.13952130510236194,0.03386773852881553,0.16807559946174958,0.442,33621139456,3.69,False,20.03495,17.19982,1.96641865,14.384,0.11988,0.16686001,0.21802999,0.026,0.197,157.985,0.534,-2353637376.0
WDC,Western Digital Corporation,Technology,Computer Hardware,31,5.975572592924316,Neutral,89.7,6.672077922077922,9.512987012987013,9.188311688311689,6.623376623376624,2.233766233766234,4.5603896103896115,4.545454545454545,0.05683803857620076,0.10773810007810213,0.046320951095048836,-0.0012334314856649216,0.04041929196366032,,0.9966000446135956,0.9580285284744481,0.2547803986419861,0.4571519792485952,0.0969686314475718,0.2662933116089613,,,405.4200134277344,-0.12409267171876248,0.007046627155826268,-0.49314261889090183,2.603092902841578,0.4261293568454708,2.169,151758143488,0.15,False,15.060179,12.737982,2.8791082,29.55,1.30853,0.72947,0.43608,0.438,9.841,13.436,1.329,2268750080.0
WBD,"Warner Bros. Discovery, Inc. - ",Communication Services,Entertainment,476,2.963742528735632,Evitar,89.7,2.916666666666667,0.7142857142857142,0.8333333333333333,2.6190476190476195,5.857142857142856,4.823809523809524,1.4285714285714284,0.016471287956867288,0.05091917701449848,0.36932751540041064,-0.061522486012124775,-0.4830644665027026,,0.3470229363293961,0.7821098565563036,0.06720437263488721,0.22229825094314082,-0.029427573839451115,0.027558008438818567,,,,-0.03191783036296758,0.0017451940503442898,-0.14872305718225615,,0.5081803284418904,1.539,77595885568,0.0,False,21.918238,497.4285,2.3638585,13.791,-0.08786,-0.08769,0.05105,-0.112,-0.906,94.199,0.777,16167374848.0
WST,"West Pharmaceutical Services, I",Healthcare,Medical Instruments & Supplies,69,5.570157773744706,Neutral,89.7,0.8771929824561406,6.912280701754385,7.280701754385964,8.859649122807017,8.43859649122807,4.714035087719299,4.2105263157894735,0.019451694792271483,0.025099829187149703,0.009330299824089037,0.0045345467666636635,0.009754887521283624,,0.9952439880283319,0.9466072456018746,0.08098825420660127,0.10571293560709794,0.0328469227265455,0.052534735393595204,,,366.4800109863281,0.036338618108688214,0.20795354384556175,-0.050569919724538503,0.63731408205481,0.8796325521756683,1.125,25791309824,0.24,False,46.924458,36.723137,8.628338,28.618,0.19087,0.1698,0.22469,0.138,0.181,10.585,2.822,277937504.0
WSM,"Williams-Sonoma, Inc.",Consumer Cyclical,Specialty Retail,59,5.6768694670846385,Neutral,89.7,2.2272727272727275,7.909090909090908,6.727272727272727,6.954545454545455,9.818181818181818,3.8581818181818184,4.909090909090909,0.012556247514996456,0.03587911759453508,0.06504384360917845,0.023794475628334446,0.13397955798126945,,0.9811209908798445,0.7542507247743203,0.05145736243748833,0.15246005669237372,0.015604447255775668,0.07307973194356744,,,240.4600067138672,0.02736714729754164,0.14832968662752877,-0.05661263009977946,0.4528427691007626,0.838554561578286,1.469,28321181696,1.25,False,24.662565,22.870197,15.142318,17.492,0.54960996,0.14729,0.17272,0.067,0.42,71.369,1.447,1069320128.0
WDAY,"Workday, Inc.",Technology,Software - Application,434,3.903798477384684,Débil,89.7,4.675324675324675,2.454545454545454,6.558441558441558,3.5064935064935066,4.805194805194805,3.6785714285714293,2.077922077922078,0.030597737355240184,0.07216377251768148,-0.00928441033703178,-0.006448491386682479,0.0018230717985807082,,0.9999990824430276,0.9686443918748547,0.13024140081689883,0.3382320161968879,0.030545938308313366,0.04894179894179894,,,184.25999450683594,-0.01853421171220171,0.17390943521509206,-0.25521425017447075,0.6696266265570492,0.5392585705402505,1.074,44406657024,0.0,False,37.527496,13.924301,6.87409,28.58,0.16006,0.12319,0.11816,0.128,2.06,58.39,0.908,3046374912.0
WTW,Willis Towers Watson Public Lim,Financial Services,Insurance Brokers,457,3.5880942175066313,Débil,89.7,3.1538461538461537,3.9384615384615382,2.1153846153846154,4.076923076923077,3.5846153846153848,4.706153846153847,3.230769230769231,0.022178670433826254,0.036779825197299776,0.031634762496055555,-0.0012467097801704486,0.009754887521283624,,0.9925326961677924,0.9461799786090953,0.09287182271707439,0.1550905258153351,0.02071331527994869,-0.007233273223482635,,,290.6700134277344,-0.10051779429367314,-0.02587605322229891,-0.17308180868898637,0.20805458388152753,0.4513977766251972,0.469,26995087360,1.31,False,17.987005,12.718757,3.5163255,11.59,0.19761999,0.15492,0.17559,0.091,-0.268,91.39,1.098,1415624960.0
WYNN,"Wynn Resorts, Limited",Consumer Cyclical,Resorts & Casinos,373,4.302347836990595,Débil,89.7,6.9318181818181825,4.509090909090909,7.5,1.3636363636363633,0.7272727272727272,4.744545454545455,5.09090909090909,0.015090217807252039,0.022227884715523484,0.0210604997646084,0.01025979865807988,0.13397955798126945,,0.9828001462032281,0.9498877169910089,0.06231445736512886,0.09323714081180756,0.01633281293058344,0.02801557682332992,,,74.97000122070312,-0.18417758070947132,-0.2694968793017968,-0.44351246124775,0.00361447417273264,0.004498520838106001,0.952,7719952384,1.31,False,17.978416,14.569872,-45.08118,9.552,0.18924999,0.060549997,0.16537,0.069,1.061,893.311,0.912,476188864.0
AAL,"American Airlines Group, Inc.",Industrials,Airlines,403,4.11267178241865,Débil,89.7,9.119718309859156,2.295774647887324,4.084507042253521,2.2535211267605635,3.5070422535211265,4.701408450704226,0.6338028169014085,0.02303777425026206,0.02626515950987282,0.01847233377013146,-0.0419765938210281,0.038569854654809686,,0.9960326938211398,0.6417291364676536,0.09644280938255756,0.11091857729405286,0.04184380717184049,-0.17595307917888564,,,12.850000381469727,-0.07890584185353333,-0.07011409146388448,-0.3161255784209831,0.273538194397396,0.31724142315743986,1.376,8506313728,0.0,False,13.759536,8.607524,-2.14131,10.668,0.20125,-0.00559,0.02814,0.163,-0.882,97.275,0.534,519249984.0
WY,Weyerhaeuser Company,Real Estate,REIT - Specialty,387,4.239417931034483,Débil,89.7,4.833333333333333,1.8166666666666664,5.0,8.833333333333334,0.9,4.771666666666668,6.333333333333333,0.022178670433826254,0.036779825197299776,0.031634762496055555,-0.0012467097801704486,0.009754887521283624,,0.9925326961677924,0.9461799786090953,0.09287182271707439,0.1550905258153351,-0.002474952325638252,0.004297994269340974,,,18.56999969482422,-0.18727297935033405,-0.22963959848233528,-0.33081082180813626,0.016976982191906798,0.032665932015196755,0.933,13384067072,4.52,False,28.569231,29.284216,1.4185319,26.639,0.04974,0.06888,0.080340005,-0.009,0.871,57.625,1.816,13625000.0
WMB,"Williams Companies, Inc. (The)",Energy,Oil & Gas Midstream,420,4.019453530377668,Débil,89.7,0.5952380952380953,7.238095238095237,4.523809523809524,0.8333333333333334,4.142857142857142,4.823809523809524,8.571428571428571,0.022178670433826254,0.036779825197299776,0.031634762496055555,-0.0012467097801704486,0.009754887521283624,,0.9925326961677924,0.9461799786090953,0.09287182271707439,0.1550905258153351,-0.0020645748336496775,0.031080448326133107,,,71.45999908447266,-0.008565804475845984,0.0023100973622758314,-0.10764236907501679,0.2717565240162423,0.6391795347204964,0.663,87407550464,2.9,False,28.47012,27.01109,6.643734,17.254,0.21503,0.24937001,0.39540002,0.078,0.512,200.371,0.477,-1516749952.0
